{
  "type" : "FeatureCollection",
  "features" : [{"type":"Feature","id":0,"geometry":{"type":"Point","coordinates":[26.24709898796014,39.2256999828574]},"properties":{"FID":0,"fid_1":1,"ID":1,"Latitude":39.225700000000003,"Longitude":26.247098999999999,"Κόμβο":"Κόμβος Αγίας Παρασκευής","Περιγ":"Από ΕΟ καλλονής Μυτιλήνης","x_egsa87":693822.21745066799,"y_egsa87":4343942.0109549714}},{"type":"Feature","id":1,"geometry":{"type":"Point","coordinates":[26.246912987960563,39.22552598285786]},"properties":{"FID":1,"fid_1":2,"ID":2,"Latitude":39.225526000000002,"Longitude":26.246912999999999,"Κόμβο":"Κόμβος Αγίας Παρασκευής","Περιγ":" ","x_egsa87":693806.63924912666,"y_egsa87":4343922.2997059785}},{"type":"Feature","id":2,"geometry":{"type":"Point","coordinates":[26.246651987961187,39.225259982858582]},"properties":{"FID":2,"fid_1":3,"ID":3,"Latitude":39.225259999999999,"Longitude":26.246652000000001,"Κόμβο":"Κόμβος Αγίας Παρασκευής","Περιγ":" ","x_egsa87":693784.83951092372,"y_egsa87":4343892.2164802821}},{"type":"Feature","id":3,"geometry":{"type":"Point","coordinates":[26.246261987961706,39.225122982859141]},"properties":{"FID":3,"fid_1":4,"ID":4,"Latitude":39.225123000000004,"Longitude":26.246262000000002,"Κόμβο":"Κόμβος Αγίας Παρασκευής","Περιγ":" ","x_egsa87":693751.54779169464,"y_egsa87":4343876.1752255559}},{"type":"Feature","id":4,"geometry":{"type":"Point","coordinates":[26.245949987961779,39.225234982859149]},"properties":{"FID":4,"fid_1":5,"ID":5,"Latitude":39.225234999999998,"Longitude":26.245950000000001,"Κόμβο":"Κόμβος Αγίας Παρασκευής","Περιγ":" ","x_egsa87":693724.30434367049,"y_egsa87":4343887.9384417534}},{"type":"Feature","id":5,"geometry":{"type":"Point","coordinates":[26.245819987961777,39.225306982859102]},"properties":{"FID":5,"fid_1":6,"ID":6,"Latitude":39.225307000000001,"Longitude":26.245819999999998,"Κόμβο":"Κόμβος Αγίας Παρασκευής","Περιγ":" ","x_egsa87":693712.88320339052,"y_egsa87":4343895.6516391486}},{"type":"Feature","id":6,"geometry":{"type":"Point","coordinates":[26.245565987961882,39.225367982859169]},"properties":{"FID":6,"fid_1":7,"ID":7,"Latitude":39.225368000000003,"Longitude":26.245566,"Κόμβο":"Κόμβος Αγίας Παρασκευής","Περιγ":" ","x_egsa87":693690.78740178444,"y_egsa87":4343901.8784820987}},{"type":"Feature","id":7,"geometry":{"type":"Point","coordinates":[26.24527998796205,39.22540998285929]},"properties":{"FID":7,"fid_1":8,"ID":8,"Latitude":39.225409999999997,"Longitude":26.245280000000001,"Κόμβο":"Κόμβος Αγίας Παρασκευής","Περιγ":" ","x_egsa87":693665.9813553975,"y_egsa87":4343905.9280221257}},{"type":"Feature","id":8,"geometry":{"type":"Point","coordinates":[26.246592987961392,39.225155982858816]},"properties":{"FID":8,"fid_1":9,"ID":9,"Latitude":39.225155999999998,"Longitude":26.246593000000001,"Κόμβο":"Κόμβος Αγίας Παρασκευής","Περιγ":"τρίφωτο","x_egsa87":693780.03236776195,"y_egsa87":4343880.5468205502}},{"type":"Feature","id":9,"geometry":{"type":"Point","coordinates":[26.24674398796137,39.225093982858816]},"properties":{"FID":9,"fid_1":10,"ID":10,"Latitude":39.225093999999999,"Longitude":26.246744,"Κόμβο":"Κόμβος Αγίας Παρασκευής","Περιγ":"τρίφωτο","x_egsa87":693793.23900944949,"y_egsa87":4343873.9886274757}},{"type":"Feature","id":10,"geometry":{"type":"Point","coordinates":[26.247113987961175,39.225032982858664]},"properties":{"FID":10,"fid_1":11,"ID":11,"Latitude":39.225033000000003,"Longitude":26.247114,"Κόμβο":"Κόμβος Αγίας Παρασκευής","Περιγ":" ","x_egsa87":693825.349353923,"y_egsa87":4343868.0105444677}},{"type":"Feature","id":11,"geometry":{"type":"Point","coordinates":[26.247494987961012,39.224942982858572]},"properties":{"FID":11,"fid_1":12,"ID":12,"Latitude":39.224943000000003,"Longitude":26.247495000000001,"Κόμβο":"Κόμβος Αγίας Παρασκευής","Περιγ":" ","x_egsa87":693858.48927474476,"y_egsa87":4343858.8373522991}},{"type":"Feature","id":12,"geometry":{"type":"Point","coordinates":[26.247782987960875,39.224886982858465]},"properties":{"FID":12,"fid_1":13,"ID":13,"Latitude":39.224887000000003,"Longitude":26.247782999999998,"Κόμβο":"Κόμβος Αγίας Παρασκευής","Περιγ":" ","x_egsa87":693883.50683531421,"y_egsa87":4343853.2387927985}},{"type":"Feature","id":13,"geometry":{"type":"Point","coordinates":[26.248000987960804,39.224819982858421]},"properties":{"FID":13,"fid_1":14,"ID":14,"Latitude":39.224820000000001,"Longitude":26.248000999999999,"Κόμβο":"Κόμβος Αγίας Παρασκευής","Περιγ":" ","x_egsa87":693902.51157200988,"y_egsa87":4343846.2693776796}},{"type":"Feature","id":14,"geometry":{"type":"Point","coordinates":[26.248320987960657,39.224751982858308]},"properties":{"FID":14,"fid_1":15,"ID":15,"Latitude":39.224752000000002,"Longitude":26.248321000000001,"Κόμβο":"Κόμβος Αγίας Παρασκευής","Περιγ":" ","x_egsa87":693930.32487311168,"y_egsa87":4343839.4076197017}},{"type":"Feature","id":15,"geometry":{"type":"Point","coordinates":[26.248596987960553,39.224674982858247]},"properties":{"FID":15,"fid_1":16,"ID":16,"Latitude":39.224674999999998,"Longitude":26.248597,"Κόμβο":"Κόμβος Αγίας Παρασκευής","Περιγ":" ","x_egsa87":693954.36445852555,"y_egsa87":4343831.4527039127}},{"type":"Feature","id":16,"geometry":{"type":"Point","coordinates":[26.246847987961306,39.225083982858777]},"properties":{"FID":16,"fid_1":17,"ID":17,"Latitude":39.225084000000003,"Longitude":26.246848,"Κόμβο":"Κόμβος Αγίας Παρασκευής","Περιγ":"Πίλαρ","x_egsa87":693802.24493617832,"y_egsa87":4343873.101440479}},{"type":"Feature","id":17,"geometry":{"type":"Point","coordinates":[26.364109988059592,39.102546983008885]},"properties":{"FID":17,"fid_1":18,"ID":18,"Latitude":39.102547000000001,"Longitude":26.36411,"Κόμβο":"Κόμβος Αγιάσου","Περιγ":"τρίφωτο","x_egsa87":704280.23582005303,"y_egsa87":4330529.9273740267}},{"type":"Feature","id":18,"geometry":{"type":"Point","coordinates":[26.363999988059838,39.102447983009135]},"properties":{"FID":18,"fid_1":19,"ID":19,"Latitude":39.102448000000003,"Longitude":26.364000000000001,"Κόμβο":"Κόμβος Αγιάσου","Περιγ":"τρίφωτο","x_egsa87":704271.0088581678,"y_egsa87":4330518.6913570333}},{"type":"Feature","id":19,"geometry":{"type":"Point","coordinates":[26.364461988060295,39.101913983009851]},"properties":{"FID":19,"fid_1":20,"ID":20,"Latitude":39.101914000000001,"Longitude":26.364462,"Κόμβο":"Κόμβος Αγιάσου","Περιγ":" ","x_egsa87":704312.50722352485,"y_egsa87":4330460.4613644583}},{"type":"Feature","id":20,"geometry":{"type":"Point","coordinates":[26.364388988059986,39.102151983009414]},"properties":{"FID":20,"fid_1":21,"ID":21,"Latitude":39.102151999999997,"Longitude":26.364388999999999,"Κόμβο":"Κόμβος Αγιάσου","Περιγ":" ","x_egsa87":704305.50606612419,"y_egsa87":4330486.7133439314}},{"type":"Feature","id":21,"geometry":{"type":"Point","coordinates":[26.364301988059715,39.102371983009078]},"properties":{"FID":21,"fid_1":22,"ID":22,"Latitude":39.102372000000003,"Longitude":26.364301999999999,"Κόμβο":"Κόμβος Αγιάσου","Περιγ":" ","x_egsa87":704297.34621615161,"y_egsa87":4330510.9359236127}},{"type":"Feature","id":22,"geometry":{"type":"Point","coordinates":[26.364754988057939,39.10327798300699]},"properties":{"FID":22,"fid_1":23,"ID":23,"Latitude":39.103278000000003,"Longitude":26.364754999999999,"Κόμβο":"Κόμβος Αγιάσου","Περιγ":" ","x_egsa87":704333.90375576634,"y_egsa87":4330612.5160143236}},{"type":"Feature","id":23,"geometry":{"type":"Point","coordinates":[26.364513988058366,39.103129983007442]},"properties":{"FID":23,"fid_1":24,"ID":24,"Latitude":39.10313,"Longitude":26.364514,"Κόμβο":"Κόμβος Αγιάσου","Περιγ":" ","x_egsa87":704313.48952417029,"y_egsa87":4330595.5462148394}},{"type":"Feature","id":24,"geometry":{"type":"Point","coordinates":[26.364306988058814,39.102948983007956]},"properties":{"FID":24,"fid_1":25,"ID":25,"Latitude":39.102949000000002,"Longitude":26.364307,"Κόμβο":"Κόμβος Αγιάσου","Περιγ":" ","x_egsa87":704296.11096430151,"y_egsa87":4330574.9902630579}},{"type":"Feature","id":25,"geometry":{"type":"Point","coordinates":[26.364121988059196,39.102792983008392]},"properties":{"FID":25,"fid_1":26,"ID":26,"Latitude":39.102792999999998,"Longitude":26.364121999999998,"Κόμβο":"Κόμβος Αγιάσου","Περιγ":" ","x_egsa87":704280.56266625412,"y_egsa87":4330557.2587233512}},{"type":"Feature","id":26,"geometry":{"type":"Point","coordinates":[26.363750988060165,39.102361983009494]},"properties":{"FID":26,"fid_1":27,"ID":27,"Latitude":39.102361999999999,"Longitude":26.363751000000001,"Κόμβο":"Κόμβος Αγιάσου","Περιγ":" ","x_egsa87":704249.72322749288,"y_egsa87":4330508.5853045424}},{"type":"Feature","id":27,"geometry":{"type":"Point","coordinates":[26.363552988060562,39.102211983009937]},"properties":{"FID":27,"fid_1":28,"ID":28,"Latitude":39.102212000000002,"Longitude":26.363553,"Κόμβο":"Κόμβος Αγιάσου","Περιγ":" ","x_egsa87":704233.03307452728,"y_egsa87":4330491.4905604664}},{"type":"Feature","id":28,"geometry":{"type":"Point","coordinates":[26.363320988060973,39.102067983010372]},"properties":{"FID":28,"fid_1":29,"ID":29,"Latitude":39.102068000000003,"Longitude":26.363320999999999,"Κόμβο":"Κόμβος Αγιάσου","Περιγ":" ","x_egsa87":704213.38509476604,"y_egsa87":4330474.9852788793}},{"type":"Feature","id":29,"geometry":{"type":"Point","coordinates":[26.363034988061361,39.101963983010812]},"properties":{"FID":29,"fid_1":30,"ID":30,"Latitude":39.101964000000002,"Longitude":26.363035,"Κόμβο":"Κόμβος Αγιάσου","Περιγ":" ","x_egsa87":704188.95140080457,"y_egsa87":4330462.7982352339}},{"type":"Feature","id":30,"geometry":{"type":"Point","coordinates":[26.363173988061199,39.101994983010634]},"properties":{"FID":30,"fid_1":31,"ID":31,"Latitude":39.101995000000002,"Longitude":26.363174000000001,"Κόμβο":"Κόμβος Αγιάσου","Περιγ":"Πίλαρ","x_egsa87":704200.88298986072,"y_egsa87":4330466.551886919}},{"type":"Feature","id":31,"geometry":{"type":"Point","coordinates":[26.34202698808436,39.097948983034186]},"properties":{"FID":31,"fid_1":32,"ID":32,"Latitude":39.097949,"Longitude":26.342027000000002,"Κόμβο":"Κόμβος Αγιο Δημήτριο- Καρίνη - Μεγάλη Λίμνη","Περιγ":" ","x_egsa87":702383.61272974382,"y_egsa87":4329970.0889294669}},{"type":"Feature","id":32,"geometry":{"type":"Point","coordinates":[26.341753988084644,39.097903983034477]},"properties":{"FID":32,"fid_1":33,"ID":33,"Latitude":39.097904,"Longitude":26.341754000000002,"Κόμβο":"Κόμβος Αγιο Δημήτριο- Καρίνη - Μεγάλη Λίμνη","Περιγ":" ","x_egsa87":702360.13039806578,"y_egsa87":4329964.4853251521}},{"type":"Feature","id":33,"geometry":{"type":"Point","coordinates":[26.341494988085003,39.097805983034867]},"properties":{"FID":33,"fid_1":34,"ID":34,"Latitude":39.097805999999999,"Longitude":26.341494999999998,"Κόμβο":"Κόμβος Αγιο Δημήτριο- Καρίνη - Μεγάλη Λίμνη","Περιγ":" ","x_egsa87":702338.01055249129,"y_egsa87":4329953.0303981835}},{"type":"Feature","id":34,"geometry":{"type":"Point","coordinates":[26.34125898808545,39.097635983035381]},"properties":{"FID":34,"fid_1":35,"ID":35,"Latitude":39.097636000000001,"Longitude":26.341259000000001,"Κόμβο":"Κόμβος Αγιο Δημήτριο- Καρίνη - Μεγάλη Λίμνη","Περιγ":" ","x_egsa87":702318.085911253,"y_egsa87":4329933.6353459563}},{"type":"Feature","id":35,"geometry":{"type":"Point","coordinates":[26.340993988085849,39.09751698303581]},"properties":{"FID":35,"fid_1":36,"ID":36,"Latitude":39.097517000000003,"Longitude":26.340993999999998,"Κόμβο":"Κόμβος Αγιο Δημήτριο- Καρίνη - Μεγάλη Λίμνη","Περιγ":" ","x_egsa87":702295.50708118302,"y_egsa87":4329919.8363181334}},{"type":"Feature","id":36,"geometry":{"type":"Point","coordinates":[26.340677988086195,39.097457983036158]},"properties":{"FID":36,"fid_1":37,"ID":37,"Latitude":39.097458000000003,"Longitude":26.340678,"Κόμβο":"Κόμβος Αγιο Δημήτριο- Καρίνη - Μεγάλη Λίμνη","Περιγ":" ","x_egsa87":702268.3456097286,"y_egsa87":4329912.5832246309}},{"type":"Feature","id":37,"geometry":{"type":"Point","coordinates":[26.340452988086383,39.097453983036331]},"properties":{"FID":37,"fid_1":38,"ID":38,"Latitude":39.097453999999999,"Longitude":26.340453,"Κόμβο":"Κόμβος Αγιο Δημήτριο- Καρίνη - Μεγάλη Λίμνη","Περιγ":" ","x_egsa87":702248.89719322254,"y_egsa87":4329911.6376743885}},{"type":"Feature","id":38,"geometry":{"type":"Point","coordinates":[26.340075988086692,39.097443983036634]},"properties":{"FID":38,"fid_1":39,"ID":39,"Latitude":39.097444000000003,"Longitude":26.340076,"Κόμβο":"Κόμβος Αγιο Δημήτριο- Καρίνη - Μεγάλη Λίμνη","Περιγ":" ","x_egsa87":702216.31971985917,"y_egsa87":4329909.6874313904}},{"type":"Feature","id":39,"geometry":{"type":"Point","coordinates":[26.341150988085282,39.097797983035136]},"properties":{"FID":39,"fid_1":40,"ID":40,"Latitude":39.097797999999997,"Longitude":26.341151,"Κόμβο":"Κόμβος Αγιο Δημήτριο- Καρίνη - Μεγάλη Λίμνη","Περιγ":"Πίλαρ","x_egsa87":702308.28162566188,"y_egsa87":4329951.3753466457}},{"type":"Feature","id":40,"geometry":{"type":"Point","coordinates":[26.483600987838347,39.182786982765094]},"properties":{"FID":40,"fid_1":41,"ID":41,"Latitude":39.182786999999998,"Longitude":26.483601,"Κόμβο":"Κόμβος Άγιος Ραγαήλ","Περιγ":" ","x_egsa87":714370.34651864751,"y_egsa87":4339712.1124035716}},{"type":"Feature","id":41,"geometry":{"type":"Point","coordinates":[26.484030987838025,39.182768982764806]},"properties":{"FID":41,"fid_1":42,"ID":42,"Latitude":39.182769,"Longitude":26.484031000000002,"Κόμβο":"Κόμβος Άγιος Ραγαήλ","Περιγ":" ","x_egsa87":714407.54707027669,"y_egsa87":4339711.1324339872}},{"type":"Feature","id":42,"geometry":{"type":"Point","coordinates":[26.483739987838167,39.18282898276491]},"properties":{"FID":42,"fid_1":43,"ID":43,"Latitude":39.182828999999998,"Longitude":26.483740000000001,"Κόμβο":"Κόμβος Άγιος Ραγαήλ","Περιγ":"τρίφωτο","x_egsa87":714382.22635979403,"y_egsa87":4339717.1032999521}},{"type":"Feature","id":43,"geometry":{"type":"Point","coordinates":[26.48353598783866,39.182615982765469]},"properties":{"FID":43,"fid_1":44,"ID":44,"Latitude":39.182616000000003,"Longitude":26.483536000000001,"Κόμβο":"Κόμβος Άγιος Ραγαήλ","Περιγ":" ","x_egsa87":714365.25154819549,"y_egsa87":4339692.97814395}},{"type":"Feature","id":44,"geometry":{"type":"Point","coordinates":[26.483562987838599,39.182639982765409]},"properties":{"FID":44,"fid_1":45,"ID":45,"Latitude":39.182639999999999,"Longitude":26.483563,"Κόμβο":"Κόμβος Άγιος Ραγαήλ","Περιγ":"Πίλαρ","x_egsa87":714367.51096815313,"y_egsa87":4339695.7059711078}},{"type":"Feature","id":45,"geometry":{"type":"Point","coordinates":[26.05144998823323,39.149813983149478]},"properties":{"FID":45,"fid_1":46,"ID":46,"Latitude":39.149813999999999,"Longitude":26.051449999999999,"Κόμβο":"Κόμβος Αγρας, πλευρά Μεσοτόπου","Περιγ":" ","x_egsa87":677122.69545598142,"y_egsa87":4335118.6080078017}},{"type":"Feature","id":46,"geometry":{"type":"Point","coordinates":[26.051165988233304,39.149906983149528]},"properties":{"FID":46,"fid_1":47,"ID":47,"Latitude":39.149906999999999,"Longitude":26.051165999999998,"Κόμβο":"Κόμβος Αγρας, πλευρά Μεσοτόπου","Περιγ":" ","x_egsa87":677097.91858603817,"y_egsa87":4335128.3750205105}},{"type":"Feature","id":47,"geometry":{"type":"Point","coordinates":[26.051023988233332,39.14996498314953]},"properties":{"FID":47,"fid_1":48,"ID":48,"Latitude":39.149965000000002,"Longitude":26.051024000000002,"Κόμβο":"Κόμβος Αγρας, πλευρά Μεσοτόπου","Περιγ":" ","x_egsa87":677085.5013178268,"y_egsa87":4335134.5349309798}},{"type":"Feature","id":48,"geometry":{"type":"Point","coordinates":[26.050801988233317,39.150084983149448]},"properties":{"FID":48,"fid_1":49,"ID":49,"Latitude":39.150084999999997,"Longitude":26.050802000000001,"Κόμβο":"Κόμβος Αγρας, πλευρά Μεσοτόπου","Περιγ":" ","x_egsa87":677066.01486947201,"y_egsa87":4335147.4198919516}},{"type":"Feature","id":49,"geometry":{"type":"Point","coordinates":[26.050585988233298,39.150201983149373]},"properties":{"FID":49,"fid_1":50,"ID":50,"Latitude":39.150202,"Longitude":26.050585999999999,"Κόμβο":"Κόμβος Αγρας, πλευρά Μεσοτόπου","Περιγ":" ","x_egsa87":677047.05453403736,"y_egsa87":4335159.9836527221}},{"type":"Feature","id":50,"geometry":{"type":"Point","coordinates":[26.050333988233291,39.150335983149319]},"properties":{"FID":50,"fid_1":51,"ID":51,"Latitude":39.150336000000003,"Longitude":26.050333999999999,"Κόμβο":"Κόμβος Αγρας, πλευρά Μεσοτόπου","Περιγ":" ","x_egsa87":677024.94049200136,"y_egsa87":4335174.3639563182}},{"type":"Feature","id":51,"geometry":{"type":"Point","coordinates":[26.050743988232945,39.150353983148968]},"properties":{"FID":51,"fid_1":52,"ID":52,"Latitude":39.150354,"Longitude":26.050744000000002,"Κόμβο":"Κόμβος Αγρας, πλευρά Μεσοτόπου","Περιγ":" ","x_egsa87":677060.32755760464,"y_egsa87":4335177.1626680121}},{"type":"Feature","id":52,"geometry":{"type":"Point","coordinates":[26.05101598823256,39.150458983148539]},"properties":{"FID":52,"fid_1":53,"ID":53,"Latitude":39.150458999999998,"Longitude":26.051016000000001,"Κόμβο":"Κόμβος Αγρας, πλευρά Μεσοτόπου","Περιγ":" ","x_egsa87":677083.57032690907,"y_egsa87":4335189.347953639}},{"type":"Feature","id":53,"geometry":{"type":"Point","coordinates":[26.051246988232577,39.150329983148644]},"properties":{"FID":53,"fid_1":54,"ID":54,"Latitude":39.150329999999997,"Longitude":26.051247,"Κόμβο":"Κόμβος Αγρας, πλευρά Μεσοτόπου","Περιγ":" ","x_egsa87":677103.85707553395,"y_egsa87":4335175.4817223065}},{"type":"Feature","id":54,"geometry":{"type":"Point","coordinates":[26.051388988232656,39.150211983148743]},"properties":{"FID":54,"fid_1":55,"ID":55,"Latitude":39.150212000000003,"Longitude":26.051389,"Κόμβο":"Κόμβος Αγρας, πλευρά Μεσοτόπου","Περιγ":" ","x_egsa87":677116.42488705728,"y_egsa87":4335162.6624912312}},{"type":"Feature","id":55,"geometry":{"type":"Point","coordinates":[26.051345988232836,39.150114983148995]},"properties":{"FID":55,"fid_1":56,"ID":56,"Latitude":39.150115,"Longitude":26.051345999999999,"Κόμβο":"Κόμβος Αγρας, πλευρά Μεσοτόπου","Περιγ":"Πίλαρ","x_egsa87":677112.95226459356,"y_egsa87":4335151.8125092154}},{"type":"Feature","id":56,"geometry":{"type":"Point","coordinates":[26.068698988217442,39.151234983133939]},"properties":{"FID":56,"fid_1":57,"ID":57,"Latitude":39.151235,"Longitude":26.068698999999999,"Κόμβο":"Κόμβος Αγρας, πλευρά Παρακοίλων","Περιγ":" ","x_egsa87":678609.7714683573,"y_egsa87":4335310.1754561858}},{"type":"Feature","id":57,"geometry":{"type":"Point","coordinates":[26.068547988217837,39.151067983134368]},"properties":{"FID":57,"fid_1":58,"ID":58,"Latitude":39.151068000000002,"Longitude":26.068548,"Κόμβο":"Κόμβος Αγρας, πλευρά Παρακοίλων","Περιγ":" ","x_egsa87":678597.14483276696,"y_egsa87":4335291.3426448042}},{"type":"Feature","id":58,"geometry":{"type":"Point","coordinates":[26.06842398821821,39.150883983134804]},"properties":{"FID":58,"fid_1":59,"ID":59,"Latitude":39.150883999999998,"Longitude":26.068424,"Κόμβο":"Κόμβος Αγρας, πλευρά Παρακοίλων","Περιγ":" ","x_egsa87":678586.89448499656,"y_egsa87":4335270.676238969}},{"type":"Feature","id":59,"geometry":{"type":"Point","coordinates":[26.068275988218552,39.150745983135188]},"properties":{"FID":59,"fid_1":60,"ID":60,"Latitude":39.150745999999998,"Longitude":26.068276000000001,"Κόμβο":"Κόμβος Αγρας, πλευρά Παρακοίλων","Περιγ":" ","x_egsa87":678574.45359936461,"y_egsa87":4335255.0680741789}},{"type":"Feature","id":60,"geometry":{"type":"Point","coordinates":[26.068168988218172,39.151037983134721]},"properties":{"FID":60,"fid_1":61,"ID":61,"Latitude":39.151038,"Longitude":26.068169000000001,"Κόμβο":"Κόμβος Αγρας, πλευρά Παρακοίλων","Περιγ":" ","x_egsa87":678564.46780409873,"y_egsa87":4335287.2661664905}},{"type":"Feature","id":61,"geometry":{"type":"Point","coordinates":[26.068083988218451,39.150905983135054]},"properties":{"FID":61,"fid_1":62,"ID":62,"Latitude":39.150905999999999,"Longitude":26.068083999999999,"Κόμβο":"Κόμβος Αγρας, πλευρά Παρακοίλων","Περιγ":" ","x_egsa87":678557.45615607942,"y_egsa87":4335272.4480930408}},{"type":"Feature","id":62,"geometry":{"type":"Point","coordinates":[26.068061988218805,39.15068398313548]},"properties":{"FID":62,"fid_1":63,"ID":63,"Latitude":39.150683999999998,"Longitude":26.068062000000001,"Κόμβο":"Κόμβος Αγρας, πλευρά Παρακοίλων","Περιγ":" ","x_egsa87":678556.11664706096,"y_egsa87":4335247.7650959492}},{"type":"Feature","id":63,"geometry":{"type":"Point","coordinates":[26.067834988219232,39.150524983135973]},"properties":{"FID":63,"fid_1":64,"ID":64,"Latitude":39.150525000000002,"Longitude":26.067834999999999,"Κόμβο":"Κόμβος Αγρας, πλευρά Παρακοίλων","Περιγ":" ","x_egsa87":678536.90161240776,"y_egsa87":4335229.6705785962}},{"type":"Feature","id":64,"geometry":{"type":"Point","coordinates":[26.067629988219544,39.150433983136281]},"properties":{"FID":64,"fid_1":65,"ID":65,"Latitude":39.150433999999997,"Longitude":26.067630000000001,"Κόμβο":"Κόμβος Αγρας, πλευρά Παρακοίλων","Περιγ":" ","x_egsa87":678519.41571204527,"y_egsa87":4335219.1667260909}},{"type":"Feature","id":65,"geometry":{"type":"Point","coordinates":[26.068596988217219,39.151433983133622]},"properties":{"FID":65,"fid_1":66,"ID":66,"Latitude":39.151434000000002,"Longitude":26.068597,"Κόμβο":"Κόμβος Αγρας, πλευρά Παρακοίλων","Περιγ":"Πίλαρ","x_egsa87":678600.45305179374,"y_egsa87":4335332.0613432694}},{"type":"Feature","id":66,"geometry":{"type":"Point","coordinates":[26.334507988090248,39.098006983039681]},"properties":{"FID":66,"fid_1":67,"ID":67,"Latitude":39.098007000000003,"Longitude":26.334508,"Κόμβο":"Κόμβος Αμπελικό","Περιγ":"τρίφωτο","x_egsa87":701733.14671271807,"y_egsa87":4329959.7812571907}},{"type":"Feature","id":67,"geometry":{"type":"Point","coordinates":[26.334592988090623,39.097726983040168]},"properties":{"FID":67,"fid_1":68,"ID":68,"Latitude":39.097726999999999,"Longitude":26.334593000000002,"Κόμβο":"Κόμβος Αμπελικό","Περιγ":" ","x_egsa87":701741.29714845691,"y_egsa87":4329928.8923160303}},{"type":"Feature","id":68,"geometry":{"type":"Point","coordinates":[26.334902988089997,39.097964983039468]},"properties":{"FID":68,"fid_1":69,"ID":69,"Latitude":39.097965000000002,"Longitude":26.334903000000001,"Κόμβο":"Κόμβος Αμπελικό","Περιγ":" ","x_egsa87":701767.4291478073,"y_egsa87":4329955.997911999}},{"type":"Feature","id":69,"geometry":{"type":"Point","coordinates":[26.334247988090283,39.098115983039648]},"properties":{"FID":69,"fid_1":70,"ID":70,"Latitude":39.098115999999997,"Longitude":26.334247999999999,"Κόμβο":"Κόμβος Αμπελικό","Περιγ":" ","x_egsa87":701710.34896594984,"y_egsa87":4329971.3013842767}},{"type":"Feature","id":70,"geometry":{"type":"Point","coordinates":[26.334243988090282,39.098117983039643]},"properties":{"FID":70,"fid_1":71,"ID":71,"Latitude":39.098117999999999,"Longitude":26.334244000000002,"Κόμβο":"Κόμβος Αμπελικό","Περιγ":" ","x_egsa87":701709.99731014029,"y_egsa87":4329971.5144766597}},{"type":"Feature","id":71,"geometry":{"type":"Point","coordinates":[26.334719988090374,39.097818983039886]},"properties":{"FID":71,"fid_1":72,"ID":72,"Latitude":39.097819000000001,"Longitude":26.334720000000001,"Κόμβο":"Κόμβος Αμπελικό","Περιγ":"Πίλαρ","x_egsa87":701752.01856525755,"y_egsa87":4329939.3860375723}},{"type":"Feature","id":72,"geometry":{"type":"Point","coordinates":[26.2941729879768,39.191124982889427]},"properties":{"FID":72,"fid_1":73,"ID":73,"Latitude":39.191125,"Longitude":26.294173000000001,"Κόμβο":"Κόμβος Αχλαδερης","Περιγ":" ","x_egsa87":697983.30869568605,"y_egsa87":4340206.2955593169}},{"type":"Feature","id":73,"geometry":{"type":"Point","coordinates":[26.293850987977063,39.19111998288966]},"properties":{"FID":73,"fid_1":74,"ID":74,"Latitude":39.191119999999998,"Longitude":26.293851,"Κόμβο":"Κόμβος Αχλαδερης","Περιγ":" ","x_egsa87":697955.51066366327,"y_egsa87":4340205.0365945604}},{"type":"Feature","id":74,"geometry":{"type":"Point","coordinates":[26.293666987977115,39.191176982889708]},"properties":{"FID":74,"fid_1":75,"ID":75,"Latitude":39.191177000000003,"Longitude":26.293666999999999,"Κόμβο":"Κόμβος Αχλαδερης","Περιγ":" ","x_egsa87":697939.45792699559,"y_egsa87":4340210.960983526}},{"type":"Feature","id":75,"geometry":{"type":"Point","coordinates":[26.293420987977278,39.191197982889861]},"properties":{"FID":75,"fid_1":76,"ID":76,"Latitude":39.191198,"Longitude":26.293420999999999,"Κόμβο":"Κόμβος Αχλαδερης","Περιγ":" ","x_egsa87":697918.15122175007,"y_egsa87":4340212.7541198824}},{"type":"Feature","id":76,"geometry":{"type":"Point","coordinates":[26.293147987977488,39.191201982890036]},"properties":{"FID":76,"fid_1":77,"ID":77,"Latitude":39.191201999999997,"Longitude":26.293147999999999,"Κόμβο":"Κόμβος Αχλαδερης","Περιγ":" ","x_egsa87":697894.56020881096,"y_egsa87":4340212.6014157431}},{"type":"Feature","id":77,"geometry":{"type":"Point","coordinates":[26.292563987978323,39.190966982890927]},"properties":{"FID":77,"fid_1":78,"ID":78,"Latitude":39.190967000000001,"Longitude":26.292563999999999,"Κόμβο":"Κόμβος Αχλαδερης","Περιγ":" ","x_egsa87":697844.77831347834,"y_egsa87":4340185.2417794662}},{"type":"Feature","id":78,"geometry":{"type":"Point","coordinates":[26.292651987977898,39.19119198289043]},"properties":{"FID":78,"fid_1":79,"ID":79,"Latitude":39.191192000000001,"Longitude":26.292652,"Κόμβο":"Κόμβος Αχλαδερης","Περιγ":"Πίλαρ","x_egsa87":697851.74737517477,"y_egsa87":4340210.4075886095}},{"type":"Feature","id":79,"geometry":{"type":"Point","coordinates":[26.292445987977899,39.191294982890369]},"properties":{"FID":79,"fid_1":80,"ID":80,"Latitude":39.191294999999997,"Longitude":26.292446000000002,"Κόμβο":"Κόμβος Αχλαδερης","Περιγ":" ","x_egsa87":697833.66538979916,"y_egsa87":4340221.3898198809}},{"type":"Feature","id":80,"geometry":{"type":"Point","coordinates":[26.292101987978096,39.191347982890527]},"properties":{"FID":80,"fid_1":81,"ID":81,"Latitude":39.191347999999998,"Longitude":26.292102,"Κόμβο":"Κόμβος Αχλαδερης","Περιγ":" ","x_egsa87":697803.80440393428,"y_egsa87":4340226.5209466545}},{"type":"Feature","id":81,"geometry":{"type":"Point","coordinates":[26.291952987977982,39.191494982890362]},"properties":{"FID":81,"fid_1":82,"ID":82,"Latitude":39.191495000000003,"Longitude":26.291952999999999,"Κόμβο":"Κόμβος Αχλαδερης","Περιγ":" ","x_egsa87":697790.52225025371,"y_egsa87":4340242.5115047228}},{"type":"Feature","id":82,"geometry":{"type":"Point","coordinates":[26.291790987977969,39.19158798289029]},"properties":{"FID":82,"fid_1":83,"ID":83,"Latitude":39.191588000000003,"Longitude":26.291791,"Κόμβο":"Κόμβος Αχλαδερης","Περιγ":" ","x_egsa87":697776.26887958124,"y_egsa87":4340252.4800417013}},{"type":"Feature","id":83,"geometry":{"type":"Point","coordinates":[26.291605987977956,39.191687982890244]},"properties":{"FID":83,"fid_1":84,"ID":84,"Latitude":39.191687999999999,"Longitude":26.291606000000002,"Κόμβο":"Κόμβος Αχλαδερης","Περιγ":" ","x_egsa87":697760.00933861407,"y_egsa87":4340263.175324467}},{"type":"Feature","id":84,"geometry":{"type":"Point","coordinates":[26.292661987977826,39.191230982890332]},"properties":{"FID":84,"fid_1":85,"ID":85,"Latitude":39.191231000000002,"Longitude":26.292662,"Κόμβο":"Κόμβος Αχλαδερης","Περιγ":" ","x_egsa87":697852.50159568293,"y_egsa87":4340214.7581843324}},{"type":"Feature","id":85,"geometry":{"type":"Point","coordinates":[26.267456988121729,39.111947983062535]},"properties":{"FID":85,"fid_1":86,"ID":86,"Latitude":39.111947999999998,"Longitude":26.267457,"Κόμβο":"Κόμβος Βασιλικά","Περιγ":" ","x_egsa87":695895.45879352791,"y_egsa87":4331360.1742327716}},{"type":"Feature","id":86,"geometry":{"type":"Point","coordinates":[26.267155988121939,39.111966983062736]},"properties":{"FID":86,"fid_1":87,"ID":87,"Latitude":39.111967,"Longitude":26.267156,"Κόμβο":"Κόμβος Βασιλικά","Περιγ":" ","x_egsa87":695869.3787759823,"y_egsa87":4331361.633037637}},{"type":"Feature","id":87,"geometry":{"type":"Point","coordinates":[26.26676298812221,39.11199398306298]},"properties":{"FID":87,"fid_1":88,"ID":88,"Latitude":39.111994000000003,"Longitude":26.266763000000001,"Κόμβο":"Κόμβος Βασιλικά","Περιγ":" ","x_egsa87":695835.32140332949,"y_egsa87":4331363.7812235523}},{"type":"Feature","id":88,"geometry":{"type":"Point","coordinates":[26.266576988121543,39.112510983062094]},"properties":{"FID":88,"fid_1":89,"ID":89,"Latitude":39.112510999999998,"Longitude":26.266577000000002,"Κόμβο":"Κόμβος Βασιλικά","Περιγ":" ","x_egsa87":695817.80537283828,"y_egsa87":4331420.762402893}},{"type":"Feature","id":89,"geometry":{"type":"Point","coordinates":[26.266562988121915,39.112283983062547]},"properties":{"FID":89,"fid_1":90,"ID":90,"Latitude":39.112284000000002,"Longitude":26.266563000000001,"Κόμβο":"Κόμβος Βασιλικά","Περιγ":" ","x_egsa87":695817.22386191739,"y_egsa87":4331395.5370429866}},{"type":"Feature","id":90,"geometry":{"type":"Point","coordinates":[26.266382988122412,39.112054983063139]},"properties":{"FID":90,"fid_1":91,"ID":91,"Latitude":39.112054999999998,"Longitude":26.266383000000001,"Κόμβο":"Κόμβος Βασιλικά","Περιγ":" ","x_egsa87":695802.29395082453,"y_egsa87":4331369.7313401205}},{"type":"Feature","id":91,"geometry":{"type":"Point","coordinates":[26.26600398812279,39.112007983063506]},"properties":{"FID":91,"fid_1":92,"ID":92,"Latitude":39.112008000000003,"Longitude":26.266003999999999,"Κόμβο":"Κόμβος Βασιλικά","Περιγ":" ","x_egsa87":695769.65223545162,"y_egsa87":4331363.6966408426}},{"type":"Feature","id":92,"geometry":{"type":"Point","coordinates":[26.265672988123018,39.112027983063733]},"properties":{"FID":92,"fid_1":93,"ID":93,"Latitude":39.112028000000002,"Longitude":26.265673,"Κόμβο":"Κόμβος Βασιλικά","Περιγ":" ","x_egsa87":695740.97542431741,"y_egsa87":4331365.2021122444}},{"type":"Feature","id":93,"geometry":{"type":"Point","coordinates":[26.266357988122675,39.111898983063455]},"properties":{"FID":93,"fid_1":94,"ID":94,"Latitude":39.111899000000001,"Longitude":26.266358,"Κόμβο":"Κόμβος Βασιλικά","Περιγ":"Πίλαρ","x_egsa87":695800.56447239639,"y_egsa87":4331352.3626555139}},{"type":"Feature","id":94,"geometry":{"type":"Point","coordinates":[26.550366987886594,39.117757982840963]},"properties":{"FID":94,"fid_1":95,"ID":95,"Latitude":39.117758000000002,"Longitude":26.550367000000001,"Κόμβο":"Κόμβος ΔΕΗ ( Βορεια παράκαμψη) και μέχρι επάνω σκάλα","Περιγ":" ","x_egsa87":720340.96812381991,"y_egsa87":4332654.2540351637}},{"type":"Feature","id":95,"geometry":{"type":"Point","coordinates":[26.550350987886688,39.117705982841073]},"properties":{"FID":95,"fid_1":96,"ID":96,"Latitude":39.117705999999998,"Longitude":26.550350999999999,"Κόμβο":"Κόμβος ΔΕΗ ( Βορεια παράκαμψη) και μέχρι επάνω σκάλα","Περιγ":" ","x_egsa87":720339.74685586058,"y_egsa87":4332648.4433346912}},{"type":"Feature","id":96,"geometry":{"type":"Point","coordinates":[26.550301987886712,39.117713982841096]},"properties":{"FID":96,"fid_1":97,"ID":97,"Latitude":39.117713999999999,"Longitude":26.550301999999999,"Κόμβο":"Κόμβος ΔΕΗ ( Βορεια παράκαμψη) και μέχρι επάνω σκάλα","Περιγ":" ","x_egsa87":720335.48505756143,"y_egsa87":4332649.2122514676}},{"type":"Feature","id":97,"geometry":{"type":"Point","coordinates":[26.540786987900198,39.114002982855311]},"properties":{"FID":97,"fid_1":98,"ID":98,"Latitude":39.114002999999997,"Longitude":26.540787000000002,"Κόμβο":"Κόμβος ΔΕΗ ( Βορεια παράκαμψη) και μέχρι επάνω σκάλα","Περιγ":"πίλαρ","x_egsa87":719524.290274336,"y_egsa87":4332214.2291646283}},{"type":"Feature","id":98,"geometry":{"type":"Point","coordinates":[26.55039198788625,39.117963982840536]},"properties":{"FID":98,"fid_1":99,"ID":99,"Latitude":39.117964000000001,"Longitude":26.550391999999999,"Κόμβο":"Κόμβος ΔΕΗ ( Βορεια παράκαμψη) και μέχρι επάνω σκάλα","Περιγ":" ","x_egsa87":720342.48724030436,"y_egsa87":4332677.1800845824}},{"type":"Feature","id":99,"geometry":{"type":"Point","coordinates":[26.550422987886563,39.117747982840946]},"properties":{"FID":99,"fid_1":100,"ID":100,"Latitude":39.117747999999999,"Longitude":26.550422999999999,"Κόμβο":"Κόμβος ΔΕΗ ( Βορεια παράκαμψη) και μέχρι επάνω σκάλα","Περιγ":" ","x_egsa87":720345.84142186935,"y_egsa87":4332653.2801368572}},{"type":"Feature","id":100,"geometry":{"type":"Point","coordinates":[26.550337987886543,39.117805982840899]},"properties":{"FID":100,"fid_1":101,"ID":101,"Latitude":39.117806000000002,"Longitude":26.550338,"Κόμβο":"Κόμβος ΔΕΗ ( Βορεια παράκαμψη) και μέχρι επάνω σκάλα","Περιγ":" ","x_egsa87":720338.31089015061,"y_egsa87":4332659.5114105726}},{"type":"Feature","id":101,"geometry":{"type":"Point","coordinates":[26.55012998788531,39.118697982839308]},"properties":{"FID":101,"fid_1":102,"ID":102,"Latitude":39.118698000000002,"Longitude":26.550129999999999,"Κόμβο":"Κόμβος ΔΕΗ ( Βορεια παράκαμψη) και μέχρι επάνω σκάλα","Περιγ":" ","x_egsa87":720317.54394550796,"y_egsa87":4332758.015039647}},{"type":"Feature","id":102,"geometry":{"type":"Point","coordinates":[26.550217987885404,39.118596982839449]},"properties":{"FID":102,"fid_1":103,"ID":103,"Latitude":39.118597000000001,"Longitude":26.550218000000001,"Κόμβο":"Κόμβος ΔΕΗ ( Βορεια παράκαμψη) και μέχρι επάνω σκάλα","Περιγ":" ","x_egsa87":720325.46788320178,"y_egsa87":4332747.0181833776}},{"type":"Feature","id":103,"geometry":{"type":"Point","coordinates":[26.550464987885597,39.118346982839739]},"properties":{"FID":103,"fid_1":104,"ID":104,"Latitude":39.118347,"Longitude":26.550464999999999,"Κόμβο":"Κόμβος ΔΕΗ ( Βορεια παράκαμψη) και μέχρι επάνω σκάλα","Περιγ":" ","x_egsa87":720347.60458979232,"y_egsa87":4332719.8691718634}},{"type":"Feature","id":104,"geometry":{"type":"Point","coordinates":[26.550720987885679,39.118163982839931]},"properties":{"FID":104,"fid_1":105,"ID":105,"Latitude":39.118164,"Longitude":26.550720999999999,"Κόμβο":"Κόμβος ΔΕΗ ( Βορεια παράκαμψη) και μέχρι επάνω σκάλα","Περιγ":" ","x_egsa87":720370.31062721671,"y_egsa87":4332700.178862907}},{"type":"Feature","id":105,"geometry":{"type":"Point","coordinates":[26.550984987885727,39.117994982840045]},"properties":{"FID":105,"fid_1":106,"ID":106,"Latitude":39.117995000000001,"Longitude":26.550985000000001,"Κόμβο":"Κόμβος ΔΕΗ ( Βορεια παράκαμψη) και μέχρι επάνω σκάλα","Περιγ":" ","x_egsa87":720393.66482753004,"y_egsa87":4332682.0620110873}},{"type":"Feature","id":106,"geometry":{"type":"Point","coordinates":[26.551153987885716,39.11791098284008]},"properties":{"FID":106,"fid_1":107,"ID":107,"Latitude":39.117910999999999,"Longitude":26.551154,"Κόμβο":"Κόμβος ΔΕΗ ( Βορεια παράκαμψη) και μέχρι επάνω σκάλα","Περιγ":" ","x_egsa87":720408.53965074057,"y_egsa87":4332673.1490363004}},{"type":"Feature","id":107,"geometry":{"type":"Point","coordinates":[26.55152998788575,39.117697982840198]},"properties":{"FID":107,"fid_1":108,"ID":108,"Latitude":39.117697999999997,"Longitude":26.55153,"Κόμβο":"Κόμβος ΔΕΗ ( Βορεια παράκαμψη) και μέχρι επάνω σκάλα","Περιγ":" ","x_egsa87":720441.71554033016,"y_egsa87":4332650.4206905765}},{"type":"Feature","id":108,"geometry":{"type":"Point","coordinates":[26.551799987885804,39.117522982840335]},"properties":{"FID":108,"fid_1":109,"ID":109,"Latitude":39.117522999999998,"Longitude":26.5518,"Κόμβο":"Κόμβος ΔΕΗ ( Βορεια παράκαμψη) και μέχρι επάνω σκάλα","Περιγ":" ","x_egsa87":720465.60758035688,"y_egsa87":4332631.6526460275}},{"type":"Feature","id":109,"geometry":{"type":"Point","coordinates":[26.552107987885893,39.117308982840527]},"properties":{"FID":109,"fid_1":110,"ID":110,"Latitude":39.117308999999999,"Longitude":26.552108,"Κόμβο":"Κόμβος ΔΕΗ ( Βορεια παράκαμψη) και μέχρι επάνω σκάλα","Περιγ":" ","x_egsa87":720492.90719642269,"y_egsa87":4332608.6481935084}},{"type":"Feature","id":110,"geometry":{"type":"Point","coordinates":[26.552370987886182,39.116987982840953]},"properties":{"FID":110,"fid_1":111,"ID":111,"Latitude":39.116987999999999,"Longitude":26.552371000000001,"Κόμβο":"Κόμβος ΔΕΗ ( Βορεια παράκαμψη) και μέχρι επάνω σκάλα","Περιγ":" ","x_egsa87":720516.64995502098,"y_egsa87":4332573.6577627771}},{"type":"Feature","id":111,"geometry":{"type":"Point","coordinates":[25.935268988310028,39.15901598321777]},"properties":{"FID":111,"fid_1":112,"ID":112,"Latitude":39.159016000000001,"Longitude":25.935269000000002,"Κόμβο":"Κόμβος Ερεσσού - Μεσοτόπου","Περιγ":" ","x_egsa87":667060.53449688852,"y_egsa87":4335919.300981652}},{"type":"Feature","id":112,"geometry":{"type":"Point","coordinates":[25.935113988310004,39.159104983217688]},"properties":{"FID":112,"fid_1":113,"ID":113,"Latitude":39.159104999999997,"Longitude":25.935113999999999,"Κόμβο":"Κόμβος Ερεσσού - Μεσοτόπου","Περιγ":" ","x_egsa87":667046.93048568687,"y_egsa87":4335928.8931394704}},{"type":"Feature","id":113,"geometry":{"type":"Point","coordinates":[25.934942988309942,39.159238983217577]},"properties":{"FID":113,"fid_1":114,"ID":114,"Latitude":39.159238999999999,"Longitude":25.934943000000001,"Κόμβο":"Κόμβος Ερεσσού - Μεσοτόπου","Περιγ":" ","x_egsa87":667031.83743543399,"y_egsa87":4335943.4502746342}},{"type":"Feature","id":114,"geometry":{"type":"Point","coordinates":[25.934765988309799,39.15940998321738]},"properties":{"FID":114,"fid_1":115,"ID":115,"Latitude":39.159410000000001,"Longitude":25.934766,"Κόμβο":"Κόμβος Ερεσσού - Μεσοτόπου","Περιγ":" ","x_egsa87":667016.13839815138,"y_egsa87":4335962.1029244717}},{"type":"Feature","id":115,"geometry":{"type":"Point","coordinates":[25.934619988309567,39.159634983217039]},"properties":{"FID":115,"fid_1":116,"ID":116,"Latitude":39.159635000000002,"Longitude":25.934619999999999,"Κόμβο":"Κόμβος Ερεσσού - Μεσοτόπου","Περιγ":"Πίλαρ","x_egsa87":667002.99023262202,"y_egsa87":4335986.8060742654}},{"type":"Feature","id":116,"geometry":{"type":"Point","coordinates":[25.934571988308917,39.160080983216211]},"properties":{"FID":116,"fid_1":117,"ID":117,"Latitude":39.160080999999998,"Longitude":25.934571999999999,"Κόμβο":"Κόμβος Ερεσσού - Μεσοτόπου","Περιγ":" ","x_egsa87":666997.7868841422,"y_egsa87":4336036.2181406636}},{"type":"Feature","id":117,"geometry":{"type":"Point","coordinates":[25.934557988308516,39.160342983215699]},"properties":{"FID":117,"fid_1":118,"ID":118,"Latitude":39.160342999999997,"Longitude":25.934557999999999,"Κόμβο":"Κόμβος Ερεσσού - Μεσοτόπου","Περιγ":" ","x_egsa87":666995.9569690706,"y_egsa87":4336065.2711272826}},{"type":"Feature","id":118,"geometry":{"type":"Point","coordinates":[25.934559988308173,39.160565983215285]},"properties":{"FID":118,"fid_1":119,"ID":119,"Latitude":39.160566000000003,"Longitude":25.934560000000001,"Κόμβο":"Κόμβος Ερεσσού - Μεσοτόπου","Περιγ":" ","x_egsa87":666995.60188288079,"y_egsa87":4336090.0250803754}},{"type":"Feature","id":119,"geometry":{"type":"Point","coordinates":[25.93455198830781,39.160800983214834]},"properties":{"FID":119,"fid_1":120,"ID":120,"Latitude":39.160800999999999,"Longitude":25.934552,"Κόμβο":"Κόμβος Ερεσσού - Μεσοτόπου","Περιγ":" ","x_egsa87":666994.35432561778,"y_egsa87":4336116.0924576642}},{"type":"Feature","id":120,"geometry":{"type":"Point","coordinates":[25.934527988307522,39.161002983214438]},"properties":{"FID":120,"fid_1":121,"ID":121,"Latitude":39.161003000000001,"Longitude":25.934528,"Κόμβο":"Κόμβος Ερεσσού - Μεσοτόπου","Περιγ":" ","x_egsa87":666991.80239794124,"y_egsa87":4336138.4677528022}},{"type":"Feature","id":121,"geometry":{"type":"Point","coordinates":[25.934508988307158,39.161240983213993]},"properties":{"FID":121,"fid_1":122,"ID":122,"Latitude":39.161240999999997,"Longitude":25.934508999999998,"Κόμβο":"Κόμβος Ερεσσού - Μεσοτόπου","Περιγ":" ","x_egsa87":666989.59728703508,"y_egsa87":4336164.8478229484}},{"type":"Feature","id":122,"geometry":{"type":"Point","coordinates":[25.93448798830682,39.161475983213563]},"properties":{"FID":122,"fid_1":123,"ID":123,"Latitude":39.161476,"Longitude":25.934488000000002,"Κόμβο":"Κόμβος Ερεσσού - Μεσοτόπου","Περιγ":" ","x_egsa87":666987.22647564439,"y_egsa87":4336190.8912451752}},{"type":"Feature","id":123,"geometry":{"type":"Point","coordinates":[25.934491988306419,39.16172498321307]},"properties":{"FID":123,"fid_1":124,"ID":124,"Latitude":39.161724999999997,"Longitude":25.934491999999999,"Κόμβο":"Κόμβος Ερεσσού - Μεσοτόπου","Περιγ":" ","x_egsa87":666986.98265439284,"y_egsa87":4336218.5345699918}},{"type":"Feature","id":124,"geometry":{"type":"Point","coordinates":[25.934483988306109,39.161931983212675]},"properties":{"FID":124,"fid_1":125,"ID":125,"Latitude":39.161932,"Longitude":25.934484000000001,"Κόμβο":"Κόμβος Ερεσσού - Μεσοτόπου","Περιγ":" ","x_egsa87":666985.80139700184,"y_egsa87":4336241.4942945521}},{"type":"Feature","id":125,"geometry":{"type":"Point","coordinates":[25.934488988305759,39.162154983212226]},"properties":{"FID":125,"fid_1":126,"ID":126,"Latitude":39.162154999999998,"Longitude":25.934488999999999,"Κόμβο":"Κόμβος Ερεσσού - Μεσοτόπου","Περιγ":" ","x_egsa87":666985.70552206505,"y_egsa87":4336266.2537821094}},{"type":"Feature","id":126,"geometry":{"type":"Point","coordinates":[25.934471988305383,39.162401983211765]},"properties":{"FID":126,"fid_1":127,"ID":127,"Latitude":39.162402,"Longitude":25.934472,"Κόμβο":"Κόμβος Ερεσσού - Μεσοτόπου","Περιγ":" ","x_egsa87":666983.65193817136,"y_egsa87":4336293.6364330193}},{"type":"Feature","id":127,"geometry":{"type":"Point","coordinates":[25.934487988305047,39.162618983211338]},"properties":{"FID":127,"fid_1":128,"ID":128,"Latitude":39.162618999999999,"Longitude":25.934488000000002,"Κόμβο":"Κόμβος Ερεσσού - Μεσοτόπου","Περιγ":" ","x_egsa87":666984.52070346591,"y_egsa87":4336317.7502677441}},{"type":"Feature","id":128,"geometry":{"type":"Point","coordinates":[25.934456988304699,39.162852983210897]},"properties":{"FID":128,"fid_1":129,"ID":129,"Latitude":39.162852999999998,"Longitude":25.934456999999998,"Κόμβο":"Κόμβος Ερεσσού - Μεσοτόπου","Περιγ":" ","x_egsa87":666981.28824937856,"y_egsa87":4336343.6642786181}},{"type":"Feature","id":129,"geometry":{"type":"Point","coordinates":[25.934446988304352,39.16308398321047]},"properties":{"FID":129,"fid_1":130,"ID":130,"Latitude":39.163083999999998,"Longitude":25.934446999999999,"Κόμβο":"Κόμβος Ερεσσού - Μεσοτόπου","Περιγ":" ","x_egsa87":666979.87737934769,"y_egsa87":4336369.284028329}},{"type":"Feature","id":130,"geometry":{"type":"Point","coordinates":[25.934446988304007,39.163299983210017]},"properties":{"FID":130,"fid_1":131,"ID":131,"Latitude":39.1633,"Longitude":25.934446999999999,"Κόμβο":"Κόμβος Ερεσσού - Μεσοτόπου","Περιγ":" ","x_egsa87":666979.36605053861,"y_egsa87":4336393.2573910113}},{"type":"Feature","id":131,"geometry":{"type":"Point","coordinates":[25.934432988303644,39.163537983209601]},"properties":{"FID":131,"fid_1":132,"ID":132,"Latitude":39.163538000000003,"Longitude":25.934432999999999,"Κόμβο":"Κόμβος Ερεσσού - Μεσοτόπου","Περιγ":" ","x_egsa87":666977.5930020517,"y_egsa87":4336419.6466855062}},{"type":"Feature","id":132,"geometry":{"type":"Point","coordinates":[25.934410988303309,39.163771983209152]},"properties":{"FID":132,"fid_1":133,"ID":133,"Latitude":39.163772000000002,"Longitude":25.934411000000001,"Κόμβο":"Κόμβος Ερεσσού - Μεσοτόπου","Περιγ":" ","x_egsa87":666975.13820894691,"y_egsa87":4336445.5772868861}},{"type":"Feature","id":133,"geometry":{"type":"Point","coordinates":[25.934404988302965,39.1639959832087]},"properties":{"FID":133,"fid_1":134,"ID":134,"Latitude":39.163995999999997,"Longitude":25.934405000000002,"Κόμβο":"Κόμβος Ερεσσού - Μεσοτόπου","Περιγ":" ","x_egsa87":666974.08953144692,"y_egsa87":4336470.4274972118}},{"type":"Feature","id":134,"geometry":{"type":"Point","coordinates":[25.934395988302576,39.164244983208228]},"properties":{"FID":134,"fid_1":135,"ID":135,"Latitude":39.164245000000001,"Longitude":25.934396,"Κόμβο":"Κόμβος Ερεσσού - Μεσοτόπου","Περιγ":" ","x_egsa87":666972.72246788465,"y_egsa87":4336498.0468749888}},{"type":"Feature","id":135,"geometry":{"type":"Point","coordinates":[25.934387988302287,39.164441983207858]},"properties":{"FID":135,"fid_1":136,"ID":136,"Latitude":39.164442000000001,"Longitude":25.934387999999998,"Κόμβο":"Κόμβος Ερεσσού - Μεσοτόπου","Περιγ":" ","x_egsa87":666971.5649054352,"y_egsa87":4336519.8967305133}},{"type":"Feature","id":136,"geometry":{"type":"Point","coordinates":[25.934360988301918,39.164687983207394]},"properties":{"FID":136,"fid_1":137,"ID":137,"Latitude":39.164687999999998,"Longitude":25.934360999999999,"Κόμβο":"Κόμβος Ερεσσού - Μεσοτόπου","Περιγ":" ","x_egsa87":666968.64972570166,"y_egsa87":4336547.1499756305}},{"type":"Feature","id":137,"geometry":{"type":"Point","coordinates":[25.934353988301382,39.165040983206715]},"properties":{"FID":137,"fid_1":138,"ID":138,"Latitude":39.165041000000002,"Longitude":25.934353999999999,"Κόμβο":"Κόμβος Ερεσσού - Μεσοτόπου","Περιγ":" ","x_egsa87":666967.20928321371,"y_egsa87":4336586.3157753749}},{"type":"Feature","id":138,"geometry":{"type":"Point","coordinates":[25.934346988300881,39.16536598320608]},"properties":{"FID":138,"fid_1":139,"ID":139,"Latitude":39.165365999999999,"Longitude":25.934346999999999,"Κόμβο":"Κόμβος Ερεσσού - Μεσοτόπου","Περιγ":" ","x_egsa87":666965.83512347797,"y_egsa87":4336622.3739180891}},{"type":"Feature","id":139,"geometry":{"type":"Point","coordinates":[25.93433898830056,39.165580983205672]},"properties":{"FID":139,"fid_1":140,"ID":140,"Latitude":39.165581000000003,"Longitude":25.934339000000001,"Κόμβο":"Κόμβος Ερεσσού - Μεσοτόπου","Περιγ":" ","x_egsa87":666964.63496202009,"y_egsa87":4336646.2215584256}},{"type":"Feature","id":140,"geometry":{"type":"Point","coordinates":[25.93444098830328,39.163769983209114]},"properties":{"FID":140,"fid_1":141,"ID":141,"Latitude":39.16377,"Longitude":25.934441,"Κόμβο":"Κόμβος Ερεσσού - Μεσοτόπου","Περιγ":"Πίλαρ","x_egsa87":666977.73501448124,"y_egsa87":4336445.4105977546}},{"type":"Feature","id":141,"geometry":{"type":"Point","coordinates":[25.93454398830583,39.162078983212353]},"properties":{"FID":141,"fid_1":142,"ID":142,"Latitude":39.162078999999999,"Longitude":25.934543999999999,"Κόμβο":"Κόμβος Ερεσσού - Μεσοτόπου","Περιγ":" ","x_egsa87":666990.6376780041,"y_egsa87":4336257.9200734319}},{"type":"Feature","id":142,"geometry":{"type":"Point","coordinates":[25.934542988305829,39.162080983212348]},"properties":{"FID":142,"fid_1":143,"ID":143,"Latitude":39.162081000000001,"Longitude":25.934543000000001,"Κόμβο":"Κόμβος Ερεσσού - Μεσοτόπου","Περιγ":" ","x_egsa87":666990.54653891642,"y_egsa87":4336258.1402060045}},{"type":"Feature","id":143,"geometry":{"type":"Point","coordinates":[26.413406987986665,39.124025982930668]},"properties":{"FID":143,"fid_1":144,"ID":144,"Latitude":39.124026000000001,"Longitude":26.413406999999999,"Κόμβο":"Κόμβος Ιππείου","Περιγ":"Πλευρά καρίνης, τριφωτο","x_egsa87":708480.18611970765,"y_egsa87":4333026.1369013982}},{"type":"Feature","id":144,"geometry":{"type":"Point","coordinates":[26.413628987986669,39.123913982930745]},"properties":{"FID":144,"fid_1":145,"ID":145,"Latitude":39.123913999999999,"Longitude":26.413629,"Κόμβο":"Κόμβος Ιππείου","Περιγ":" ","x_egsa87":708499.71012238134,"y_egsa87":4333014.2159721898}},{"type":"Feature","id":145,"geometry":{"type":"Point","coordinates":[26.415294987985142,39.124037982929266]},"properties":{"FID":145,"fid_1":146,"ID":146,"Latitude":39.124037999999999,"Longitude":26.415295,"Κόμβο":"Κόμβος Ιππείου","Περιγ":" ","x_egsa87":708643.3808875673,"y_egsa87":4333031.8113699695}},{"type":"Feature","id":146,"geometry":{"type":"Point","coordinates":[26.414988987985335,39.124069982929413]},"properties":{"FID":146,"fid_1":147,"ID":147,"Latitude":39.124070000000003,"Longitude":26.414988999999998,"Κόμβο":"Κόμβος Ιππείου","Περιγ":" ","x_egsa87":708616.83062732359,"y_egsa87":4333034.6591373514}},{"type":"Feature","id":147,"geometry":{"type":"Point","coordinates":[26.414714987985494,39.124110982929551]},"properties":{"FID":147,"fid_1":148,"ID":148,"Latitude":39.124110999999999,"Longitude":26.414715000000001,"Κόμβο":"Κόμβος Ιππείου","Περιγ":" ","x_egsa87":708593.02042336692,"y_egsa87":4333038.5795561895}},{"type":"Feature","id":148,"geometry":{"type":"Point","coordinates":[26.414457987985653,39.124135982929694]},"properties":{"FID":148,"fid_1":149,"ID":149,"Latitude":39.124136,"Longitude":26.414458,"Κόμβο":"Κόμβος Ιππείου","Περιγ":" ","x_egsa87":708570.72725688852,"y_egsa87":4333040.7632390838}},{"type":"Feature","id":149,"geometry":{"type":"Point","coordinates":[26.414190987985815,39.12417198292983]},"properties":{"FID":149,"fid_1":150,"ID":150,"Latitude":39.124172000000002,"Longitude":26.414190999999999,"Κόμβο":"Κόμβος Ιππείου","Περιγ":" ","x_egsa87":708547.53706234763,"y_egsa87":4333044.1449236665}},{"type":"Feature","id":150,"geometry":{"type":"Point","coordinates":[26.413892987985992,39.12421298292994]},"properties":{"FID":150,"fid_1":151,"ID":151,"Latitude":39.124212999999997,"Longitude":26.413893000000002,"Κόμβο":"Κόμβος Ιππείου","Περιγ":" ","x_egsa87":708521.65198055655,"y_egsa87":4333048.0103585888}},{"type":"Feature","id":151,"geometry":{"type":"Point","coordinates":[26.41358098798619,39.124246982930117]},"properties":{"FID":151,"fid_1":152,"ID":152,"Latitude":39.124246999999997,"Longitude":26.413581000000001,"Κόμβο":"Κόμβος Ιππείου","Περιγ":" ","x_egsa87":708494.57720381371,"y_egsa87":4333051.0667264247}},{"type":"Feature","id":152,"geometry":{"type":"Point","coordinates":[26.413322987986373,39.124263982930266]},"properties":{"FID":152,"fid_1":153,"ID":153,"Latitude":39.124263999999997,"Longitude":26.413322999999998,"Κόμβο":"Κόμβος Ιππείου","Περιγ":" ","x_egsa87":708472.22127508326,"y_egsa87":4333052.3604323836}},{"type":"Feature","id":153,"geometry":{"type":"Point","coordinates":[26.413055987986514,39.124307982930397]},"properties":{"FID":153,"fid_1":154,"ID":154,"Latitude":39.124307999999999,"Longitude":26.413056000000001,"Κόμβο":"Κόμβος Ιππείου","Περιγ":" ","x_egsa87":708449.00756573642,"y_egsa87":4333056.6303598089}},{"type":"Feature","id":154,"geometry":{"type":"Point","coordinates":[26.412793987986685,39.124337982930534]},"properties":{"FID":154,"fid_1":155,"ID":155,"Latitude":39.124338000000002,"Longitude":26.412794000000002,"Κόμβο":"Κόμβος Ιππείου","Περιγ":" ","x_egsa87":708426.26748101041,"y_egsa87":4333059.3579268577}},{"type":"Feature","id":155,"geometry":{"type":"Point","coordinates":[26.412562987986828,39.124360982930654]},"properties":{"FID":155,"fid_1":156,"ID":156,"Latitude":39.124361,"Longitude":26.412562999999999,"Κόμβο":"Κόμβος Ιππείου","Περιγ":"Πίλαρ","x_egsa87":708406.22821469884,"y_egsa87":4333061.3798477538}},{"type":"Feature","id":156,"geometry":{"type":"Point","coordinates":[26.402204987993478,39.125396982936358]},"properties":{"FID":156,"fid_1":157,"ID":157,"Latitude":39.125397,"Longitude":26.402204999999999,"Κόμβο":"Κόμβος Καρίνη - Ασώματος- Κεραμειά","Περιγ":" ","x_egsa87":707507.67127887218,"y_egsa87":4333152.6144771427}},{"type":"Feature","id":157,"geometry":{"type":"Point","coordinates":[26.401940987993683,39.125401982936552]},"properties":{"FID":157,"fid_1":158,"ID":158,"Latitude":39.125402000000001,"Longitude":26.401941000000001,"Κόμβο":"Κόμβος Καρίνη - Ασώματος- Κεραμειά","Περιγ":" ","x_egsa87":707484.83251158462,"y_egsa87":4333152.5653158035}},{"type":"Feature","id":158,"geometry":{"type":"Point","coordinates":[26.401672987993905,39.125396982936756]},"properties":{"FID":158,"fid_1":159,"ID":159,"Latitude":39.125397,"Longitude":26.401672999999999,"Κόμβο":"Κόμβος Καρίνη - Ασώματος- Κεραμειά","Περιγ":" ","x_egsa87":707461.67730337603,"y_egsa87":4333151.3971270537}},{"type":"Feature","id":159,"geometry":{"type":"Point","coordinates":[26.401368987994182,39.125368982937026]},"properties":{"FID":159,"fid_1":160,"ID":160,"Latitude":39.125368999999999,"Longitude":26.401368999999999,"Κόμβο":"Κόμβος Καρίνη - Ασώματος- Κεραμειά","Περιγ":" ","x_egsa87":707435.47727073496,"y_egsa87":4333147.5937826028}},{"type":"Feature","id":160,"geometry":{"type":"Point","coordinates":[26.401111987994408,39.125368982937239]},"properties":{"FID":160,"fid_1":161,"ID":161,"Latitude":39.125368999999999,"Longitude":26.401112000000001,"Κόμβο":"Κόμβος Καρίνη - Ασώματος- Κεραμειά","Περιγ":" ","x_egsa87":707413.25837007514,"y_egsa87":4333147.0058732294}},{"type":"Feature","id":161,"geometry":{"type":"Point","coordinates":[26.400852987994615,39.125360982937444]},"properties":{"FID":161,"fid_1":162,"ID":162,"Latitude":39.125360999999998,"Longitude":26.400853000000001,"Κόμβο":"Κόμβος Καρίνη - Ασώματος- Κεραμειά","Περιγ":" ","x_egsa87":707390.89005188923,"y_egsa87":4333145.5254990645}},{"type":"Feature","id":162,"geometry":{"type":"Point","coordinates":[26.400550987994869,39.125353982937682]},"properties":{"FID":162,"fid_1":163,"ID":163,"Latitude":39.125354000000002,"Longitude":26.400551,"Κόμβο":"Κόμβος Καρίνη - Ασώματος- Κεραμειά","Περιγ":" ","x_egsa87":707364.80123372411,"y_egsa87":4333144.0578443985}},{"type":"Feature","id":163,"geometry":{"type":"Point","coordinates":[26.40017998799517,39.125347982937967]},"properties":{"FID":163,"fid_1":164,"ID":164,"Latitude":39.125348000000002,"Longitude":26.400179999999999,"Κόμβο":"Κόμβος Καρίνη - Ασώματος- Κεραμειά","Περιγ":" ","x_egsa87":707332.74408924847,"y_egsa87":4333142.5434951838}},{"type":"Feature","id":164,"geometry":{"type":"Point","coordinates":[26.399883987995484,39.125303982938277]},"properties":{"FID":164,"fid_1":165,"ID":165,"Latitude":39.125304,"Longitude":26.399884,"Κόμβο":"Κόμβος Καρίνη - Ασώματος- Κεραμειά","Περιγ":" ","x_egsa87":707307.28259586461,"y_egsa87":4333136.9829685651}},{"type":"Feature","id":165,"geometry":{"type":"Point","coordinates":[26.399615987995748,39.125270982938552]},"properties":{"FID":165,"fid_1":166,"ID":166,"Latitude":39.125270999999998,"Longitude":26.399616000000002,"Κόμβο":"Κόμβος Καρίνη - Ασώματος- Κεραμειά","Περιγ":" ","x_egsa87":707284.20952713327,"y_egsa87":4333132.7074702149}},{"type":"Feature","id":166,"geometry":{"type":"Point","coordinates":[26.400399987995211,39.125208982938069]},"properties":{"FID":166,"fid_1":167,"ID":167,"Latitude":39.125208999999998,"Longitude":26.400400000000001,"Κόμβο":"Κόμβος Καρίνη - Ασώματος- Κεραμειά","Περιγ":"τρίφωτο","x_egsa87":707352.17224693415,"y_egsa87":4333127.6183756199}},{"type":"Feature","id":167,"geometry":{"type":"Point","coordinates":[26.400612987995153,39.12513898293804]},"properties":{"FID":167,"fid_1":168,"ID":168,"Latitude":39.125138999999997,"Longitude":26.400613,"Κόμβο":"Κόμβος Καρίνη - Ασώματος- Κεραμειά","Περιγ":" ","x_egsa87":707370.79270098673,"y_egsa87":4333120.3358899485}},{"type":"Feature","id":168,"geometry":{"type":"Point","coordinates":[26.400667987994794,39.125347982937598]},"properties":{"FID":168,"fid_1":169,"ID":169,"Latitude":39.125348000000002,"Longitude":26.400668,"Κόμβο":"Κόμβος Καρίνη - Ασώματος- Κεραμειά","Περιγ":"Πίλαρ","x_egsa87":707374.93407142232,"y_egsa87":4333143.6594563732}},{"type":"Feature","id":169,"geometry":{"type":"Point","coordinates":[26.400655987994796,39.125348982937616]},"properties":{"FID":169,"fid_1":170,"ID":170,"Latitude":39.125349,"Longitude":26.400656000000001,"Κόμβο":"Κόμβος Καρίνη - Ασώματος- Κεραμειά","Περιγ":" ","x_egsa87":707373.89367663208,"y_egsa87":4333143.7430061484}},{"type":"Feature","id":170,"geometry":{"type":"Point","coordinates":[26.387236988015488,39.11896798295993]},"properties":{"FID":170,"fid_1":171,"ID":171,"Latitude":39.118968000000002,"Longitude":26.387236999999999,"Κόμβο":"Κόμβος Καρίνης","Περιγ":" ","x_egsa87":706232.38632692536,"y_egsa87":4332404.8872509385}},{"type":"Feature","id":171,"geometry":{"type":"Point","coordinates":[26.387521988014861,39.119226982959212]},"properties":{"FID":171,"fid_1":172,"ID":172,"Latitude":39.119227000000002,"Longitude":26.387522000000001,"Κόμβο":"Κόμβος Καρίνης","Περιγ":" ","x_egsa87":706256.27194679633,"y_egsa87":4332434.2828206923}},{"type":"Feature","id":172,"geometry":{"type":"Point","coordinates":[26.387811988014978,39.118999982959423]},"properties":{"FID":172,"fid_1":173,"ID":173,"Latitude":39.119,"Longitude":26.387812,"Κόμβο":"Κόμβος Καρίνης","Περιγ":" ","x_egsa87":706282.00883976824,"y_egsa87":4332409.7468297584}},{"type":"Feature","id":173,"geometry":{"type":"Point","coordinates":[26.388118988014803,39.118954982959281]},"properties":{"FID":173,"fid_1":174,"ID":174,"Latitude":39.118955,"Longitude":26.388119,"Κόμβο":"Κόμβος Καρίνης","Περιγ":" ","x_egsa87":706308.68424459267,"y_egsa87":4332405.4504738254}},{"type":"Feature","id":174,"geometry":{"type":"Point","coordinates":[26.388363988014682,39.118908982959191]},"properties":{"FID":174,"fid_1":175,"ID":175,"Latitude":39.118909000000002,"Longitude":26.388363999999999,"Κόμβο":"Κόμβος Καρίνης","Περιγ":"πίλαρ","x_egsa87":706330.00192316296,"y_egsa87":4332400.9021497788}},{"type":"Feature","id":175,"geometry":{"type":"Point","coordinates":[26.425384987970702,39.128107982913896]},"properties":{"FID":175,"fid_1":176,"ID":176,"Latitude":39.128107999999997,"Longitude":26.425384999999999,"Κόμβο":"Κόμβος Κεραμειών Είσοδος","Περιγ":"Από ΕΟ Μυτιλήνης Καλλονής","x_egsa87":709503.65574115177,"y_egsa87":4333506.8247563746}},{"type":"Feature","id":176,"geometry":{"type":"Point","coordinates":[26.42508998797096,39.128100982914141]},"properties":{"FID":176,"fid_1":177,"ID":177,"Latitude":39.128101000000001,"Longitude":26.425090000000001,"Κόμβο":"Κόμβος Κεραμειών Είσοδος","Περιγ":" ","x_egsa87":709478.17321698822,"y_egsa87":4333505.3661882132}},{"type":"Feature","id":177,"geometry":{"type":"Point","coordinates":[26.424880987971129,39.128098982914281]},"properties":{"FID":177,"fid_1":178,"ID":178,"Latitude":39.128098999999999,"Longitude":26.424880999999999,"Κόμβο":"Κόμβος Κεραμειών Είσοδος","Περιγ":" ","x_egsa87":709460.11071667774,"y_egsa87":4333504.6613488672}},{"type":"Feature","id":178,"geometry":{"type":"Point","coordinates":[26.424626987971322,39.128103982914475]},"properties":{"FID":178,"fid_1":179,"ID":179,"Latitude":39.128104,"Longitude":26.424627000000001,"Κόμβο":"Κόμβος Κεραμειών Είσοδος","Περιγ":" ","x_egsa87":709438.13712355727,"y_egsa87":4333504.6295650015}},{"type":"Feature","id":179,"geometry":{"type":"Point","coordinates":[26.424332987971557,39.128100982914688]},"properties":{"FID":179,"fid_1":180,"ID":180,"Latitude":39.128101000000001,"Longitude":26.424333000000001,"Κόμβο":"Κόμβος Κεραμειών Είσοδος","Περιγ":" ","x_egsa87":709412.72918478108,"y_egsa87":4333503.6174984165}},{"type":"Feature","id":180,"geometry":{"type":"Point","coordinates":[26.424089987971733,39.128115982914863]},"properties":{"FID":180,"fid_1":181,"ID":181,"Latitude":39.128115999999999,"Longitude":26.42409,"Κόμβο":"Κόμβος Κεραμειών Είσοδος","Περιγ":" ","x_egsa87":709391.67691680801,"y_egsa87":4333504.7211970696}},{"type":"Feature","id":181,"geometry":{"type":"Point","coordinates":[26.423594987972127,39.12811398291521]},"properties":{"FID":181,"fid_1":182,"ID":182,"Latitude":39.128113999999997,"Longitude":26.423594999999999,"Κόμβο":"Κόμβος Κεραμειών Είσοδος","Περιγ":" ","x_egsa87":709348.88920662552,"y_egsa87":4333503.3561552586}},{"type":"Feature","id":182,"geometry":{"type":"Point","coordinates":[26.423324987972354,39.128110982915409]},"properties":{"FID":182,"fid_1":183,"ID":183,"Latitude":39.128110999999997,"Longitude":26.423324999999998,"Κόμβο":"Κόμβος Κεραμειών Είσοδος","Περιγ":" ","x_egsa87":709325.5561147246,"y_egsa87":4333502.3997867918}},{"type":"Feature","id":183,"geometry":{"type":"Point","coordinates":[26.423067987972555,39.128110982915594]},"properties":{"FID":183,"fid_1":184,"ID":184,"Latitude":39.128110999999997,"Longitude":26.423068000000001,"Κόμβο":"Κόμβος Κεραμειών Είσοδος","Περιγ":" ","x_egsa87":709303.33800371923,"y_egsa87":4333501.8064815477}},{"type":"Feature","id":184,"geometry":{"type":"Point","coordinates":[26.422811987972771,39.128107982915807]},"properties":{"FID":184,"fid_1":185,"ID":185,"Latitude":39.128107999999997,"Longitude":26.422812,"Κόμβο":"Κόμβος Κεραμειών Είσοδος","Περιγ":" ","x_egsa87":709281.21523584565,"y_egsa87":4333500.882563794}},{"type":"Feature","id":185,"geometry":{"type":"Point","coordinates":[26.4239259879724,39.127773982915627]},"properties":{"FID":185,"fid_1":186,"ID":186,"Latitude":39.127774000000002,"Longitude":26.423926000000002,"Κόμβο":"Κόμβος Κεραμειών Είσοδος","Περιγ":" ","x_egsa87":709378.51279948326,"y_egsa87":4333466.3823098233}},{"type":"Feature","id":186,"geometry":{"type":"Point","coordinates":[26.423849987972194,39.127944982915352]},"properties":{"FID":186,"fid_1":187,"ID":187,"Latitude":39.127944999999997,"Longitude":26.423850000000002,"Κόμβο":"Κόμβος Κεραμειών Είσοδος","Περιγ":"τρίφωτο","x_egsa87":709371.43545914837,"y_egsa87":4333485.186884026}},{"type":"Feature","id":187,"geometry":{"type":"Point","coordinates":[26.423925987971842,39.12812898291493]},"properties":{"FID":187,"fid_1":188,"ID":188,"Latitude":39.128129000000001,"Longitude":26.423926000000002,"Κόμβο":"Κόμβος Κεραμειών Είσοδος","Περιγ":"Πίλαρ","x_egsa87":709377.46027873037,"y_egsa87":4333505.7853926569}},{"type":"Feature","id":188,"geometry":{"type":"Point","coordinates":[26.419306987979599,39.125530982923408]},"properties":{"FID":188,"fid_1":189,"ID":189,"Latitude":39.125531000000002,"Longitude":26.419307,"Κόμβο":"Κόμβος Κεραμειών Έξοδος","Περιγ":"Πλευρά Καρίνης","x_egsa87":708985.82742628513,"y_egsa87":4333206.7652988127}},{"type":"Feature","id":189,"geometry":{"type":"Point","coordinates":[26.419114987980063,39.125342982923911]},"properties":{"FID":189,"fid_1":190,"ID":190,"Latitude":39.125343000000001,"Longitude":26.419115000000001,"Κόμβο":"Κόμβος Κεραμειών Έξοδος","Περιγ":" ","x_egsa87":708969.78433807765,"y_egsa87":4333185.455827754}},{"type":"Feature","id":190,"geometry":{"type":"Point","coordinates":[26.418934987980439,39.125185982924336]},"properties":{"FID":190,"fid_1":191,"ID":191,"Latitude":39.125185999999999,"Longitude":26.418935000000001,"Κόμβο":"Κόμβος Κεραμειών Έξοδος","Περιγ":" ","x_egsa87":708954.68690875848,"y_egsa87":4333167.614875772}},{"type":"Feature","id":191,"geometry":{"type":"Point","coordinates":[26.418759987980859,39.125004982924828]},"properties":{"FID":191,"fid_1":192,"ID":192,"Latitude":39.125005000000002,"Longitude":26.418759999999999,"Κόμβο":"Κόμβος Κεραμειών Έξοδος","Περιγ":" ","x_egsa87":708940.09268654976,"y_egsa87":4333147.1216103192}},{"type":"Feature","id":192,"geometry":{"type":"Point","coordinates":[26.418550987981334,39.124810982925354]},"properties":{"FID":192,"fid_1":193,"ID":193,"Latitude":39.124811000000001,"Longitude":26.418551000000001,"Κόμβο":"Κόμβος Κεραμειών Έξοδος","Περιγ":" ","x_egsa87":708922.59734401805,"y_egsa87":4333125.1071079839}},{"type":"Feature","id":193,"geometry":{"type":"Point","coordinates":[26.418384987981671,39.124680982925724]},"properties":{"FID":193,"fid_1":194,"ID":194,"Latitude":39.124681000000002,"Longitude":26.418385000000001,"Κόμβο":"Κόμβος Κεραμειών Έξοδος","Περιγ":" ","x_egsa87":708908.63020650414,"y_egsa87":4333110.2953625061}},{"type":"Feature","id":194,"geometry":{"type":"Point","coordinates":[26.418158987982064,39.124541982926154]},"properties":{"FID":194,"fid_1":195,"ID":195,"Latitude":39.124541999999998,"Longitude":26.418158999999999,"Κόμβο":"Κόμβος Κεραμειών Έξοδος","Περιγ":" ","x_egsa87":708889.50226812204,"y_egsa87":4333094.3464697031}},{"type":"Feature","id":195,"geometry":{"type":"Point","coordinates":[26.4179569879824,39.124433982926512]},"properties":{"FID":195,"fid_1":196,"ID":196,"Latitude":39.124434000000001,"Longitude":26.417957000000001,"Κόμβο":"Κόμβος Κεραμειών Έξοδος","Περιγ":" ","x_egsa87":708872.35752604948,"y_egsa87":4333081.8937389227}},{"type":"Feature","id":196,"geometry":{"type":"Point","coordinates":[26.417695987982757,39.124337982926896]},"properties":{"FID":196,"fid_1":197,"ID":197,"Latitude":39.124338000000002,"Longitude":26.417695999999999,"Κόμβο":"Κόμβος Κεραμειών Έξοδος","Περιγ":" ","x_egsa87":708850.07632133667,"y_egsa87":4333070.6370867351}},{"type":"Feature","id":197,"geometry":{"type":"Point","coordinates":[26.418430987981822,39.124556982925931]},"properties":{"FID":197,"fid_1":198,"ID":198,"Latitude":39.124557000000003,"Longitude":26.418431000000002,"Κόμβο":"Κόμβος Κεραμειών Έξοδος","Περιγ":"τρίφωτο","x_egsa87":708912.97395932861,"y_egsa87":4333096.6380320229}},{"type":"Feature","id":198,"geometry":{"type":"Point","coordinates":[26.418795987981586,39.124522982925733]},"properties":{"FID":198,"fid_1":199,"ID":199,"Latitude":39.124523000000003,"Longitude":26.418796,"Κόμβο":"Κόμβος Κεραμειών Έξοδος","Περιγ":" ","x_egsa87":708944.63101499889,"y_egsa87":4333093.7052344102}},{"type":"Feature","id":199,"geometry":{"type":"Point","coordinates":[26.41902398798161,39.12439398292581]},"properties":{"FID":199,"fid_1":200,"ID":200,"Latitude":39.124394000000002,"Longitude":26.419024,"Κόμβο":"Κόμβος Κεραμειών Έξοδος","Περιγ":" ","x_egsa87":708964.72467514523,"y_egsa87":4333079.912358921}},{"type":"Feature","id":200,"geometry":{"type":"Point","coordinates":[26.417564987982921,39.12430098292706]},"properties":{"FID":200,"fid_1":201,"ID":201,"Latitude":39.124301000000003,"Longitude":26.417565,"Κόμβο":"Κόμβος Κεραμειών Έξοδος","Περιγ":" ","x_egsa87":708838.85994284309,"y_egsa87":4333066.2285725968}},{"type":"Feature","id":201,"geometry":{"type":"Point","coordinates":[26.229116988171121,39.099745983114687]},"properties":{"FID":201,"fid_1":202,"ID":202,"Latitude":39.099746000000003,"Longitude":26.229116999999999,"Κόμβο":"Κόμβος Λισβόρι","Περιγ":"Πίλαρ","x_egsa87":692613.47254652437,"y_egsa87":4329923.75742957}},{"type":"Feature","id":202,"geometry":{"type":"Point","coordinates":[26.228879988171428,39.099670983115011]},"properties":{"FID":202,"fid_1":203,"ID":203,"Latitude":39.099671000000001,"Longitude":26.22888,"Κόμβο":"Κόμβος Λισβόρι","Περιγ":" ","x_egsa87":692593.18014128017,"y_egsa87":4329914.9299848406}},{"type":"Feature","id":203,"geometry":{"type":"Point","coordinates":[26.228621988171696,39.099634983115266]},"properties":{"FID":203,"fid_1":204,"ID":204,"Latitude":39.099634999999999,"Longitude":26.228622000000001,"Κόμβο":"Κόμβος Λισβόρι","Περιγ":" ","x_egsa87":692570.96528907248,"y_egsa87":4329910.3866697391}},{"type":"Feature","id":204,"geometry":{"type":"Point","coordinates":[26.228457988171531,39.099819983115047]},"properties":{"FID":204,"fid_1":205,"ID":205,"Latitude":39.099820000000001,"Longitude":26.228458,"Κόμβο":"Κόμβος Λισβόρι","Περιγ":" ","x_egsa87":692556.27798244846,"y_egsa87":4329930.5719225211}},{"type":"Feature","id":205,"geometry":{"type":"Point","coordinates":[26.228381988171314,39.099999983114742]},"properties":{"FID":205,"fid_1":206,"ID":206,"Latitude":39.100000000000001,"Longitude":26.228382,"Κόμβο":"Κόμβος Λισβόρι","Περιγ":" ","x_egsa87":692549.21493703884,"y_egsa87":4329950.3890032675}},{"type":"Feature","id":206,"geometry":{"type":"Point","coordinates":[26.228123988172275,39.099510983115884]},"properties":{"FID":206,"fid_1":207,"ID":207,"Latitude":39.099511,"Longitude":26.228124000000001,"Κόμβο":"Κόμβος Λισβόρι","Περιγ":" ","x_egsa87":692528.23384982988,"y_egsa87":4329895.5668967189}},{"type":"Feature","id":207,"geometry":{"type":"Point","coordinates":[26.227838988172628,39.099430983116278]},"properties":{"FID":207,"fid_1":208,"ID":208,"Latitude":39.099431000000003,"Longitude":26.227838999999999,"Κόμβο":"Κόμβος Λισβόρι","Περιγ":" ","x_egsa87":692503.80364878057,"y_egsa87":4329886.0828782683}},{"type":"Feature","id":208,"geometry":{"type":"Point","coordinates":[26.227594988172893,39.099386983116538]},"properties":{"FID":208,"fid_1":209,"ID":209,"Latitude":39.099387,"Longitude":26.227595000000001,"Κόμβο":"Κόμβος Λισβόρι","Περιγ":" ","x_egsa87":692482.82124203967,"y_egsa87":4329880.6815945683}},{"type":"Feature","id":209,"geometry":{"type":"Point","coordinates":[26.228359988171967,39.099588983115581]},"properties":{"FID":209,"fid_1":210,"ID":210,"Latitude":39.099589000000002,"Longitude":26.228359999999999,"Κόμβο":"Κόμβος Λισβόρι","Περιγ":"τρίφωτο","x_egsa87":692548.43171423709,"y_egsa87":4329904.72501959}},{"type":"Feature","id":210,"geometry":{"type":"Point","coordinates":[26.228424988171469,39.099876983114939]},"properties":{"FID":210,"fid_1":211,"ID":211,"Latitude":39.099876999999999,"Longitude":26.228425000000001,"Κόμβο":"Κόμβος Λισβόρι","Περιγ":" ","x_egsa87":692553.26875838218,"y_egsa87":4329936.8283713255}},{"type":"Feature","id":211,"geometry":{"type":"Point","coordinates":[26.228423988171489,39.09986798311499]},"properties":{"FID":211,"fid_1":212,"ID":212,"Latitude":39.099868000000001,"Longitude":26.228424,"Κόμβο":"Κόμβος Λισβόρι","Περιγ":" ","x_egsa87":692553.20678806328,"y_egsa87":4329935.8273301432}},{"type":"Feature","id":212,"geometry":{"type":"Point","coordinates":[26.52556198786607,39.143583982809574]},"properties":{"FID":212,"fid_1":213,"ID":213,"Latitude":39.143583999999997,"Longitude":26.525562000000001,"Κόμβο":"Κόμβος Μόριας ( Πλευρά Παναγιούδας) και τμήμα προς Θερμή","Περιγ":" ","x_egsa87":718116.38775463146,"y_egsa87":4335460.8701838879}},{"type":"Feature","id":213,"geometry":{"type":"Point","coordinates":[26.525385987865921,39.143770982809357]},"properties":{"FID":213,"fid_1":214,"ID":214,"Latitude":39.143771000000001,"Longitude":26.525386000000001,"Κόμβο":"Κόμβος Μόριας ( Πλευρά Παναγιούδας) και τμήμα προς Θερμή","Περιγ":" ","x_egsa87":718100.59746721282,"y_egsa87":4335481.2030094787}},{"type":"Feature","id":214,"geometry":{"type":"Point","coordinates":[26.524730987866874,39.143501982810356]},"properties":{"FID":214,"fid_1":215,"ID":215,"Latitude":39.143501999999998,"Longitude":26.524730999999999,"Κόμβο":"Κόμβος Μόριας ( Πλευρά Παναγιούδας) και τμήμα προς Θερμή","Περιγ":" ","x_egsa87":718044.81426915259,"y_egsa87":4335449.7689613905}},{"type":"Feature","id":215,"geometry":{"type":"Point","coordinates":[26.524945987866484,39.143639982809937]},"properties":{"FID":215,"fid_1":216,"ID":216,"Latitude":39.143639999999998,"Longitude":26.524946,"Κόμβο":"Κόμβος Μόριας ( Πλευρά Παναγιούδας) και τμήμα προς Θερμή","Περιγ":" ","x_egsa87":718062.97126879159,"y_egsa87":4335465.6037458265}},{"type":"Feature","id":216,"geometry":{"type":"Point","coordinates":[26.525273987865816,39.143894982809186]},"properties":{"FID":216,"fid_1":217,"ID":217,"Latitude":39.143895000000001,"Longitude":26.525274,"Κόμβο":"Κόμβος Μόριας ( Πλευρά Παναγιούδας) και τμήμα προς Θερμή","Περιγ":" ","x_egsa87":718090.53369309416,"y_egsa87":4335494.6970783211}},{"type":"Feature","id":217,"geometry":{"type":"Point","coordinates":[26.525118987865628,39.144099982808925]},"properties":{"FID":217,"fid_1":218,"ID":218,"Latitude":39.144100000000002,"Longitude":26.525119,"Κόμβο":"Κόμβος Μόριας ( Πλευρά Παναγιούδας) και τμήμα προς Θερμή","Περιγ":" ","x_egsa87":718076.50302255014,"y_egsa87":4335517.0784182623}},{"type":"Feature","id":218,"geometry":{"type":"Point","coordinates":[26.525051987865357,39.144304982808563]},"properties":{"FID":218,"fid_1":219,"ID":219,"Latitude":39.144305000000003,"Longitude":26.525051999999999,"Κόμβο":"Κόμβος Μόριας ( Πλευρά Παναγιούδας) και τμήμα προς Θερμή","Περιγ":" ","x_egsa87":718070.07855861716,"y_egsa87":4335539.6715106005}},{"type":"Feature","id":219,"geometry":{"type":"Point","coordinates":[26.52514598786496,39.144507982808115]},"properties":{"FID":219,"fid_1":220,"ID":220,"Latitude":39.144508000000002,"Longitude":26.525145999999999,"Κόμβο":"Κόμβος Μόριας ( Πλευρά Παναγιούδας) και τμήμα προς Θερμή","Περιγ":" ","x_egsa87":718077.57602796343,"y_egsa87":4335562.4299931461}},{"type":"Feature","id":220,"geometry":{"type":"Point","coordinates":[26.52495198786481,39.144702982807885]},"properties":{"FID":220,"fid_1":221,"ID":221,"Latitude":39.144703,"Longitude":26.524951999999999,"Κόμβο":"Κόμβος Μόριας ( Πλευρά Παναγιούδας) και τμήμα προς Θερμή","Περιγ":" ","x_egsa87":718060.20551583089,"y_egsa87":4335583.6075521372}},{"type":"Feature","id":221,"geometry":{"type":"Point","coordinates":[26.524804987864616,39.144904982807596]},"properties":{"FID":221,"fid_1":222,"ID":222,"Latitude":39.144905000000001,"Longitude":26.524805000000001,"Κόμβο":"Κόμβος Μόριας ( Πλευρά Παναγιούδας) και τμήμα προς Θερμή","Περιγ":" ","x_egsa87":718046.87579860771,"y_egsa87":4335605.6751958346}},{"type":"Feature","id":222,"geometry":{"type":"Point","coordinates":[26.524604987864517,39.145070982807439]},"properties":{"FID":222,"fid_1":223,"ID":223,"Latitude":39.145071000000002,"Longitude":26.524605000000001,"Κόμβο":"Κόμβος Μόριας ( Πλευρά Παναγιούδας) και τμήμα προς Θερμή","Περιγ":" ","x_egsa87":718029.07645506493,"y_egsa87":4335623.6194815179}},{"type":"Feature","id":223,"geometry":{"type":"Point","coordinates":[26.524508987864337,39.145225982807204]},"properties":{"FID":223,"fid_1":224,"ID":224,"Latitude":39.145226000000001,"Longitude":26.524508999999998,"Κόμβο":"Κόμβος Μόριας ( Πλευρά Παναγιούδας) και τμήμα προς Θερμή","Περιγ":" ","x_egsa87":718020.30011773563,"y_egsa87":4335640.5930153839}},{"type":"Feature","id":224,"geometry":{"type":"Point","coordinates":[26.524358987864069,39.145481982806814]},"properties":{"FID":224,"fid_1":225,"ID":225,"Latitude":39.145482000000001,"Longitude":26.524359,"Κόμβο":"Κόμβος Μόριας ( Πλευρά Παναγιούδας) και τμήμα προς Θερμή","Περιγ":" ","x_egsa87":718006.54449300701,"y_egsa87":4335668.6473198384}},{"type":"Feature","id":225,"geometry":{"type":"Point","coordinates":[26.524236987863862,39.14568098280651]},"properties":{"FID":225,"fid_1":226,"ID":226,"Latitude":39.145681000000003,"Longitude":26.524236999999999,"Κόμβο":"Κόμβος Μόριας ( Πλευρά Παναγιούδας) και τμήμα προς Θερμή","Περιγ":" ","x_egsa87":717995.38511066721,"y_egsa87":4335690.4421877488}},{"type":"Feature","id":226,"geometry":{"type":"Point","coordinates":[26.524096987863587,39.145922982806155]},"properties":{"FID":226,"fid_1":227,"ID":227,"Latitude":39.145923000000003,"Longitude":26.524097000000001,"Κόμβο":"Κόμβος Μόριας ( Πλευρά Παναγιούδας) και τμήμα προς Θερμή","Περιγ":" ","x_egsa87":717982.53720355732,"y_egsa87":4335716.9666299345}},{"type":"Feature","id":227,"geometry":{"type":"Point","coordinates":[26.523988987863373,39.146118982805845]},"properties":{"FID":227,"fid_1":228,"ID":228,"Latitude":39.146118999999999,"Longitude":26.523989,"Κόμβο":"Κόμβος Μόριας ( Πλευρά Παναγιούδας) και τμήμα προς Θερμή","Περιγ":" ","x_egsa87":717972.59724657866,"y_egsa87":4335738.4622091064}},{"type":"Feature","id":228,"geometry":{"type":"Point","coordinates":[26.523910987863093,39.146333982805494]},"properties":{"FID":228,"fid_1":229,"ID":229,"Latitude":39.146334000000003,"Longitude":26.523910999999998,"Κόμβο":"Κόμβος Μόριας ( Πλευρά Παναγιούδας) και τμήμα προς Θερμή","Περιγ":" ","x_egsa87":717965.19158109301,"y_egsa87":4335762.1388845518}},{"type":"Feature","id":229,"geometry":{"type":"Point","coordinates":[26.523853987862793,39.146555982805111]},"properties":{"FID":229,"fid_1":230,"ID":230,"Latitude":39.146555999999997,"Longitude":26.523854,"Κόμβο":"Κόμβος Μόριας ( Πλευρά Παναγιούδας) και τμήμα προς Θερμή","Περιγ":" ","x_egsa87":717959.57937548158,"y_egsa87":4335786.6430461006}},{"type":"Feature","id":230,"geometry":{"type":"Point","coordinates":[26.523838987862451,39.146774982804722]},"properties":{"FID":230,"fid_1":231,"ID":231,"Latitude":39.146774999999998,"Longitude":26.523838999999999,"Κόμβο":"Κόμβος Μόριας ( Πλευρά Παναγιούδας) και τμήμα προς Θερμή","Περιγ":" ","x_egsa87":717957.60653417837,"y_egsa87":4335810.9152282812}},{"type":"Feature","id":231,"geometry":{"type":"Point","coordinates":[26.523836987862158,39.146965982804325]},"properties":{"FID":231,"fid_1":232,"ID":232,"Latitude":39.146965999999999,"Longitude":26.523837,"Κόμβο":"Κόμβος Μόριας ( Πλευρά Παναγιούδας) και τμήμα προς Θερμή","Περιγ":" ","x_egsa87":717956.8437664418,"y_egsa87":4335832.1107705133}},{"type":"Feature","id":232,"geometry":{"type":"Point","coordinates":[26.523858987861754,39.147216982803826]},"properties":{"FID":232,"fid_1":233,"ID":233,"Latitude":39.147216999999998,"Longitude":26.523859000000002,"Κόμβο":"Κόμβος Μόριας ( Πλευρά Παναγιούδας) και τμήμα προς Θερμή","Περιγ":" ","x_egsa87":717957.96999829542,"y_egsa87":4335860.0238292264}},{"type":"Feature","id":233,"geometry":{"type":"Point","coordinates":[26.523887987861468,39.147379982803507]},"properties":{"FID":233,"fid_1":234,"ID":234,"Latitude":39.147379999999998,"Longitude":26.523887999999999,"Κόμβο":"Κόμβος Μόριας ( Πλευρά Παναγιούδας) και τμήμα προς Θερμή","Περιγ":" ","x_egsa87":717959.97301678907,"y_egsa87":4335878.1860222649}},{"type":"Feature","id":234,"geometry":{"type":"Point","coordinates":[26.523901987861137,39.147586982803098]},"properties":{"FID":234,"fid_1":235,"ID":235,"Latitude":39.147587000000001,"Longitude":26.523902,"Κόμβο":"Κόμβος Μόριας ( Πλευρά Παναγιούδας) και τμήμα προς Θερμή","Περιγ":" ","x_egsa87":717960.54368166474,"y_egsa87":4335901.1959925108}},{"type":"Feature","id":235,"geometry":{"type":"Point","coordinates":[26.523918987860963,39.147690982802864]},"properties":{"FID":235,"fid_1":236,"ID":236,"Latitude":39.147691000000002,"Longitude":26.523918999999999,"Κόμβο":"Κόμβος Μόριας ( Πλευρά Παναγιούδας) και τμήμα προς Θερμή","Περιγ":" ","x_egsa87":717961.691757472,"y_egsa87":4335912.7805266688}},{"type":"Feature","id":236,"geometry":{"type":"Point","coordinates":[26.523911987860615,39.147911982802476]},"properties":{"FID":236,"fid_1":237,"ID":237,"Latitude":39.147911999999998,"Longitude":26.523911999999999,"Κόμβο":"Κόμβος Μόριας ( Πλευρά Παναγιούδας) και τμήμα προς Θερμή","Περιγ":" ","x_egsa87":717960.40415664599,"y_egsa87":4335937.2939452492}},{"type":"Feature","id":237,"geometry":{"type":"Point","coordinates":[26.523869987860298,39.148133982802051]},"properties":{"FID":237,"fid_1":238,"ID":238,"Latitude":39.148133999999999,"Longitude":26.523869999999999,"Κόμβο":"Κόμβος Μόριας ( Πλευρά Παναγιούδας) και τμήμα προς Θερμή","Περιγ":" ","x_egsa87":717956.08846666594,"y_egsa87":4335961.8341855323}},{"type":"Feature","id":238,"geometry":{"type":"Point","coordinates":[26.52342698786029,39.148372982801931]},"properties":{"FID":238,"fid_1":239,"ID":239,"Latitude":39.148372999999999,"Longitude":26.523427000000002,"Κόμβο":"Κόμβος Μόριας ( Πλευρά Παναγιούδας) και τμήμα προς Θερμή","Περιγ":" ","x_egsa87":717917.06254019821,"y_egsa87":4335987.2970557949}},{"type":"Feature","id":239,"geometry":{"type":"Point","coordinates":[26.52364398785986,39.148537982801443]},"properties":{"FID":239,"fid_1":240,"ID":240,"Latitude":39.148538000000002,"Longitude":26.523644000000001,"Κόμβο":"Κόμβος Μόριας ( Πλευρά Παναγιούδας) και τμήμα προς Θερμή","Περιγ":" ","x_egsa87":717935.30789771676,"y_egsa87":4336006.1333167832}},{"type":"Feature","id":240,"geometry":{"type":"Point","coordinates":[26.523429987859753,39.148710982801269]},"properties":{"FID":240,"fid_1":241,"ID":241,"Latitude":39.148710999999999,"Longitude":26.523430000000001,"Κόμβο":"Κόμβος Μόριας ( Πλευρά Παναγιούδας) και τμήμα προς Θερμή","Περιγ":" ","x_egsa87":717916.27803652221,"y_egsa87":4336024.8211294105}},{"type":"Feature","id":241,"geometry":{"type":"Point","coordinates":[26.506972987842598,39.168087982776107]},"properties":{"FID":241,"fid_1":242,"ID":242,"Latitude":39.168087999999997,"Longitude":26.506972999999999,"Κόμβο":"Κόμβος Παμφίλων","Περιγ":" ","x_egsa87":716434.47567187226,"y_egsa87":4338136.1570647182}},{"type":"Feature","id":242,"geometry":{"type":"Point","coordinates":[26.506956987842305,39.168286982775733]},"properties":{"FID":242,"fid_1":243,"ID":243,"Latitude":39.168286999999999,"Longitude":26.506957,"Κόμβο":"Κόμβος Παμφίλων","Περιγ":" ","x_egsa87":716432.48243080068,"y_egsa87":4338158.2071697908}},{"type":"Feature","id":243,"geometry":{"type":"Point","coordinates":[26.506974987841865,39.168554982775227]},"properties":{"FID":243,"fid_1":244,"ID":244,"Latitude":39.168554999999998,"Longitude":26.506975000000001,"Κόμβο":"Κόμβος Παμφίλων","Περιγ":" ","x_egsa87":716433.2151305757,"y_egsa87":4338187.9972777525}},{"type":"Feature","id":244,"geometry":{"type":"Point","coordinates":[26.506998987841449,39.168811982774677]},"properties":{"FID":244,"fid_1":245,"ID":245,"Latitude":39.168812000000003,"Longitude":26.506999,"Κόμβο":"Κόμβος Παμφίλων","Περιγ":" ","x_egsa87":716434.49999445444,"y_egsa87":4338216.580759611}},{"type":"Feature","id":245,"geometry":{"type":"Point","coordinates":[26.507166987841114,39.168935982774336]},"properties":{"FID":245,"fid_1":246,"ID":246,"Latitude":39.168936000000002,"Longitude":26.507166999999999,"Κόμβο":"Κόμβος Παμφίλων","Περιγ":"τρίφωτο","x_egsa87":716448.63507851074,"y_egsa87":4338230.7457540762}},{"type":"Feature","id":246,"geometry":{"type":"Point","coordinates":[26.507165987840761,39.169165982773883]},"properties":{"FID":246,"fid_1":247,"ID":247,"Latitude":39.169165999999997,"Longitude":26.507166000000002,"Κόμβο":"Κόμβος Παμφίλων","Περιγ":"τρίφωτο","x_egsa87":716447.84267855319,"y_egsa87":4338256.2725970503}},{"type":"Feature","id":247,"geometry":{"type":"Point","coordinates":[26.507002987841066,39.169052982774225]},"properties":{"FID":247,"fid_1":248,"ID":248,"Latitude":39.169052999999998,"Longitude":26.507003000000001,"Κόμβο":"Κόμβος Παμφίλων","Περιγ":" ","x_egsa87":716434.10589442682,"y_egsa87":4338243.3405112084}},{"type":"Feature","id":248,"geometry":{"type":"Point","coordinates":[26.506974987840696,39.169304982773767]},"properties":{"FID":248,"fid_1":249,"ID":249,"Latitude":39.169305000000001,"Longitude":26.506975000000001,"Κόμβο":"Κόμβος Παμφίλων","Περιγ":"πίλαρ","x_egsa87":716430.91314783879,"y_egsa87":4338271.2447708054}},{"type":"Feature","id":249,"geometry":{"type":"Point","coordinates":[26.506965987840648,39.169342982773706]},"properties":{"FID":249,"fid_1":250,"ID":250,"Latitude":39.169342999999998,"Longitude":26.506965999999998,"Κόμβο":"Κόμβος Παμφίλων","Περιγ":" ","x_egsa87":716430.01889175503,"y_egsa87":4338275.4411408687}},{"type":"Feature","id":250,"geometry":{"type":"Point","coordinates":[26.506913987840381,39.169531982773378]},"properties":{"FID":250,"fid_1":251,"ID":251,"Latitude":39.169531999999997,"Longitude":26.506913999999998,"Κόμβο":"Κόμβος Παμφίλων","Περιγ":" ","x_egsa87":716424.94587684423,"y_egsa87":4338296.2952715}},{"type":"Feature","id":251,"geometry":{"type":"Point","coordinates":[26.506779987840112,39.169774982772999]},"properties":{"FID":251,"fid_1":252,"ID":252,"Latitude":39.169775000000001,"Longitude":26.506779999999999,"Κόμβο":"Κόμβος Παμφίλων","Περιγ":" ","x_egsa87":716412.62219504709,"y_egsa87":4338322.9473185055}},{"type":"Feature","id":252,"geometry":{"type":"Point","coordinates":[26.528989987865202,39.142379982809345]},"properties":{"FID":252,"fid_1":253,"ID":253,"Latitude":39.142380000000003,"Longitude":26.52899,"Κόμβο":"Κόμβος Παναγιούδα","Περιγ":" ","x_egsa87":718416.41014317248,"y_egsa87":4335335.4854526771}},{"type":"Feature","id":253,"geometry":{"type":"Point","coordinates":[26.529018987864845,39.142595982808906]},"properties":{"FID":253,"fid_1":254,"ID":254,"Latitude":39.142595999999998,"Longitude":26.529019000000002,"Κόμβο":"Κόμβος Παναγιούδα","Περιγ":" ","x_egsa87":718418.24835009233,"y_egsa87":4335359.5306092054}},{"type":"Feature","id":254,"geometry":{"type":"Point","coordinates":[26.529155987864353,39.142832982808343]},"properties":{"FID":254,"fid_1":255,"ID":255,"Latitude":39.142833000000003,"Longitude":26.529156,"Κόμβο":"Κόμβος Παναγιούδα","Περιγ":" ","x_egsa87":718429.35654943425,"y_egsa87":4335386.1669664616}},{"type":"Feature","id":255,"geometry":{"type":"Point","coordinates":[26.529161987864011,39.14305198280794]},"properties":{"FID":255,"fid_1":256,"ID":256,"Latitude":39.143051999999997,"Longitude":26.529161999999999,"Κόμβο":"Κόμβος Παναγιούδα","Περιγ":" ","x_egsa87":718429.19740263594,"y_egsa87":4335410.4896904379}},{"type":"Feature","id":256,"geometry":{"type":"Point","coordinates":[26.528871987864715,39.142749982808716]},"properties":{"FID":256,"fid_1":257,"ID":257,"Latitude":39.142749999999999,"Longitude":26.528872,"Κόμβο":"Κόμβος Παναγιούδα","Περιγ":" ","x_egsa87":718405.06579854665,"y_egsa87":4335376.2698570862}},{"type":"Feature","id":257,"geometry":{"type":"Point","coordinates":[26.528566987865112,39.142649982809139]},"properties":{"FID":257,"fid_1":258,"ID":258,"Latitude":39.142650000000003,"Longitude":26.528566999999999,"Κόμβο":"Κόμβος Παναγιούδα","Περιγ":" ","x_egsa87":718379.01244645682,"y_egsa87":4335364.4352855897}},{"type":"Feature","id":258,"geometry":{"type":"Point","coordinates":[26.204303987860897,39.310795982724358]},"properties":{"FID":258,"fid_1":259,"ID":259,"Latitude":39.310796000000003,"Longitude":26.204304,"Κόμβο":"Κόμβος Περιφερειακού Στύψης, πλευρά Πέτρας","Περιγ":" ","x_egsa87":689897.63844695198,"y_egsa87":4353296.3059834465}},{"type":"Feature","id":259,"geometry":{"type":"Point","coordinates":[26.203938987861516,39.31058698272502]},"properties":{"FID":259,"fid_1":260,"ID":260,"Latitude":39.310586999999998,"Longitude":26.203938999999998,"Κόμβο":"Κόμβος Περιφερειακού Στύψης, πλευρά Πέτρας","Περιγ":"τρίφωτο","x_egsa87":689866.73191883531,"y_egsa87":4353272.3408722971}},{"type":"Feature","id":260,"geometry":{"type":"Point","coordinates":[26.204087987860866,39.310924982724259]},"properties":{"FID":260,"fid_1":261,"ID":261,"Latitude":39.310924999999997,"Longitude":26.204087999999999,"Κόμβο":"Κόμβος Περιφερειακού Στύψης, πλευρά Πέτρας","Περιγ":" ","x_egsa87":689878.66476584645,"y_egsa87":4353310.17009727}},{"type":"Feature","id":261,"geometry":{"type":"Point","coordinates":[26.203700987862238,39.310245982725853]},"properties":{"FID":261,"fid_1":262,"ID":262,"Latitude":39.310245999999999,"Longitude":26.203700999999999,"Κόμβο":"Κόμβος Περιφερειακού Στύψης, πλευρά Πέτρας","Περιγ":" ","x_egsa87":689847.13298324565,"y_egsa87":4353233.9916144134}},{"type":"Feature","id":262,"geometry":{"type":"Point","coordinates":[26.203588987862766,39.309969982726471]},"properties":{"FID":262,"fid_1":263,"ID":263,"Latitude":39.30997,"Longitude":26.203589000000001,"Κόμβο":"Κόμβος Περιφερειακού Στύψης, πλευρά Πέτρας","Περιγ":"Πίλαρ","x_egsa87":689838.22245538165,"y_egsa87":4353203.1218487173}},{"type":"Feature","id":263,"geometry":{"type":"Point","coordinates":[26.227005987839025,39.313218982702921]},"properties":{"FID":263,"fid_1":264,"ID":264,"Latitude":39.313218999999997,"Longitude":26.227005999999999,"Κόμβο":"Κόμβος Περιφερειακού Στύψης, πλευρά Υψηλομετώπου","Περιγ":" ","x_egsa87":691848.49352937983,"y_egsa87":4353613.2228006432}},{"type":"Feature","id":264,"geometry":{"type":"Point","coordinates":[26.227134987839396,39.312925982703398]},"properties":{"FID":264,"fid_1":265,"ID":265,"Latitude":39.312925999999997,"Longitude":26.227135000000001,"Κόμβο":"Κόμβος Περιφερειακού Στύψης, πλευρά Υψηλομετώπου","Περιγ":"τρίφωτο","x_egsa87":691860.41745461104,"y_egsa87":4353580.9754626313}},{"type":"Feature","id":265,"geometry":{"type":"Point","coordinates":[26.227416987839408,39.312765982703503]},"properties":{"FID":265,"fid_1":266,"ID":266,"Latitude":39.312766000000003,"Longitude":26.227416999999999,"Κόμβο":"Κόμβος Περιφερειακού Στύψης, πλευρά Υψηλομετώπου","Περιγ":" ","x_egsa87":691885.16981660738,"y_egsa87":4353563.8154560952}},{"type":"Feature","id":266,"geometry":{"type":"Point","coordinates":[26.227744987839273,39.312685982703421]},"properties":{"FID":266,"fid_1":267,"ID":267,"Latitude":39.312685999999999,"Longitude":26.227744999999999,"Κόμβο":"Κόμβος Περιφερειακού Στύψης, πλευρά Υψηλομετώπου","Περιγ":" ","x_egsa87":691913.66971162648,"y_egsa87":4353555.6328257592}},{"type":"Feature","id":267,"geometry":{"type":"Point","coordinates":[26.227003987839485,39.312933982703463]},"properties":{"FID":267,"fid_1":268,"ID":268,"Latitude":39.312933999999998,"Longitude":26.227004000000001,"Κόμβο":"Κόμβος Περιφερειακού Στύψης, πλευρά Υψηλομετώπου","Περιγ":"Πίλαρ","x_egsa87":691849.10042488971,"y_egsa87":4353581.5851366399}},{"type":"Feature","id":268,"geometry":{"type":"Point","coordinates":[26.165664987873697,39.322224982730731]},"properties":{"FID":268,"fid_1":269,"ID":269,"Latitude":39.322225000000003,"Longitude":26.165665000000001,"Κόμβο":"Κόμβος Πέτρας - Άναξος","Περιγ":" ","x_egsa87":686535.60979662801,"y_egsa87":4354484.3256961079}},{"type":"Feature","id":269,"geometry":{"type":"Point","coordinates":[26.165631987874026,39.322034982731125]},"properties":{"FID":269,"fid_1":270,"ID":270,"Latitude":39.322035,"Longitude":26.165631999999999,"Κόμβο":"Κόμβος Πέτρας - Άναξος","Περιγ":" ","x_egsa87":686533.27017510403,"y_egsa87":4354463.1687263092}},{"type":"Feature","id":270,"geometry":{"type":"Point","coordinates":[26.165497987874769,39.321625982732016]},"properties":{"FID":270,"fid_1":271,"ID":271,"Latitude":39.321626000000002,"Longitude":26.165497999999999,"Κόμβο":"Κόμβος Πέτρας - Άναξος","Περιγ":" ","x_egsa87":686522.80564683967,"y_egsa87":4354417.4955120161}},{"type":"Feature","id":271,"geometry":{"type":"Point","coordinates":[26.165444987875166,39.321396982732473]},"properties":{"FID":271,"fid_1":272,"ID":272,"Latitude":39.321396999999997,"Longitude":26.165444999999998,"Κόμβο":"Κόμβος Πέτρας - Άναξος","Περιγ":" ","x_egsa87":686518.84544146492,"y_egsa87":4354391.9684857512}},{"type":"Feature","id":272,"geometry":{"type":"Point","coordinates":[26.165373987875565,39.321181982732966]},"properties":{"FID":272,"fid_1":273,"ID":273,"Latitude":39.321182,"Longitude":26.165374,"Κόμβο":"Κόμβος Πέτρας - Άναξος","Περιγ":" ","x_egsa87":686513.29616355477,"y_egsa87":4354367.9581958055}},{"type":"Feature","id":273,"geometry":{"type":"Point","coordinates":[26.165294987876216,39.320808982733716]},"properties":{"FID":273,"fid_1":274,"ID":274,"Latitude":39.320808999999997,"Longitude":26.165295,"Κόμβο":"Κόμβος Πέτρας - Άναξος","Περιγ":" ","x_egsa87":686507.4772883344,"y_egsa87":4354326.3943907823}},{"type":"Feature","id":274,"geometry":{"type":"Point","coordinates":[26.165158987876666,39.32058698273427]},"properties":{"FID":274,"fid_1":275,"ID":275,"Latitude":39.320587000000003,"Longitude":26.165158999999999,"Κόμβο":"Κόμβος Πέτρας - Άναξος","Περιγ":" ","x_egsa87":686496.34271824337,"y_egsa87":4354301.4729140382}},{"type":"Feature","id":275,"geometry":{"type":"Point","coordinates":[26.164881987877152,39.320417982734796]},"properties":{"FID":275,"fid_1":276,"ID":276,"Latitude":39.320417999999997,"Longitude":26.164881999999999,"Κόμβο":"Κόμβος Πέτρας - Άναξος","Περιγ":" ","x_egsa87":686472.91117832414,"y_egsa87":4354282.142944904}},{"type":"Feature","id":276,"geometry":{"type":"Point","coordinates":[26.164607987877602,39.320269982735283]},"properties":{"FID":276,"fid_1":277,"ID":277,"Latitude":39.320270000000001,"Longitude":26.164608000000001,"Κόμβο":"Κόμβος Πέτρας - Άναξος","Περιγ":" ","x_egsa87":686449.68233831157,"y_egsa87":4354265.1501114657}},{"type":"Feature","id":277,"geometry":{"type":"Point","coordinates":[26.164299987878106,39.320106982735837]},"properties":{"FID":277,"fid_1":278,"ID":278,"Latitude":39.320107,"Longitude":26.164300000000001,"Κόμβο":"Κόμβος Πέτρας - Άναξος","Περιγ":" ","x_egsa87":686423.56202444248,"y_egsa87":4354246.4222552134}},{"type":"Feature","id":278,"geometry":{"type":"Point","coordinates":[26.163731987879174,39.319708982737012]},"properties":{"FID":278,"fid_1":279,"ID":279,"Latitude":39.319709000000003,"Longitude":26.163732,"Κόμβο":"Κόμβος Πέτρας - Άναξος","Περιγ":" ","x_egsa87":686375.65058019408,"y_egsa87":4354201.0743457684}},{"type":"Feature","id":279,"geometry":{"type":"Point","coordinates":[26.16343498787964,39.319561982737504]},"properties":{"FID":279,"fid_1":280,"ID":280,"Latitude":39.319561999999998,"Longitude":26.163435,"Κόμβο":"Κόμβος Πέτρας - Άναξος","Περιγ":" ","x_egsa87":686350.43571873498,"y_egsa87":4354184.1453506546}},{"type":"Feature","id":280,"geometry":{"type":"Point","coordinates":[26.162881987880159,39.319515982738004]},"properties":{"FID":280,"fid_1":281,"ID":281,"Latitude":39.319516,"Longitude":26.162882,"Κόμβο":"Κόμβος Πέτρας - Άναξος","Περιγ":" ","x_egsa87":686302.88174672145,"y_egsa87":4354177.8986155}},{"type":"Feature","id":281,"geometry":{"type":"Point","coordinates":[26.162528987880563,39.319437982738428]},"properties":{"FID":281,"fid_1":282,"ID":282,"Latitude":39.319437999999998,"Longitude":26.162528999999999,"Κόμβο":"Κόμβος Πέτρας - Άναξος","Περιγ":" ","x_egsa87":686272.65544718166,"y_egsa87":4354168.5129075116}},{"type":"Feature","id":282,"geometry":{"type":"Point","coordinates":[26.162146987880959,39.319379982738845]},"properties":{"FID":282,"fid_1":283,"ID":283,"Latitude":39.319380000000002,"Longitude":26.162147000000001,"Κόμβο":"Κόμβος Πέτρας - Άναξος","Περιγ":" ","x_egsa87":686239.87577521219,"y_egsa87":4354161.2873818595}},{"type":"Feature","id":283,"geometry":{"type":"Point","coordinates":[26.161841987881267,39.319334982739143]},"properties":{"FID":283,"fid_1":284,"ID":284,"Latitude":39.319335000000002,"Longitude":26.161842,"Κόμβο":"Κόμβος Πέτρας - Άναξος","Περιγ":" ","x_egsa87":686213.7000111317,"y_egsa87":4354155.6636904478}},{"type":"Feature","id":284,"geometry":{"type":"Point","coordinates":[26.16156898788153,39.319302982739387]},"properties":{"FID":284,"fid_1":285,"ID":285,"Latitude":39.319302999999998,"Longitude":26.161569,"Κόμβο":"Κόμβος Πέτρας - Άναξος","Περιγ":" ","x_egsa87":686190.24855367758,"y_egsa87":4354151.5489826407}},{"type":"Feature","id":285,"geometry":{"type":"Point","coordinates":[26.161281987881821,39.31926198273969]},"properties":{"FID":285,"fid_1":286,"ID":286,"Latitude":39.319262000000002,"Longitude":26.161282,"Κόμβο":"Κόμβος Πέτρας - Άναξος","Περιγ":" ","x_egsa87":686165.61396634742,"y_egsa87":4354146.4065423673}},{"type":"Feature","id":286,"geometry":{"type":"Point","coordinates":[26.160998987882124,39.319211982740001]},"properties":{"FID":286,"fid_1":287,"ID":287,"Latitude":39.319212,"Longitude":26.160999,"Κόμβο":"Κόμβος Πέτρας - Άναξος","Περιγ":" ","x_egsa87":686141.34809064888,"y_egsa87":4354140.2734841248}},{"type":"Feature","id":287,"geometry":{"type":"Point","coordinates":[26.162552987880712,39.319329982738594]},"properties":{"FID":287,"fid_1":288,"ID":288,"Latitude":39.319330000000001,"Longitude":26.162552999999999,"Κόμβο":"Κόμβος Πέτρας - Άναξος","Περιγ":"Πίλαρ","x_egsa87":686275.01138821628,"y_egsa87":4354156.5751056038}},{"type":"Feature","id":288,"geometry":{"type":"Point","coordinates":[26.163195987880133,39.319375982738073]},"properties":{"FID":288,"fid_1":289,"ID":289,"Latitude":39.319375999999998,"Longitude":26.163195999999999,"Κόμβο":"Κόμβος Πέτρας - Άναξος","Περιγ":" ","x_egsa87":686330.32475319121,"y_egsa87":4354163.0073652714}},{"type":"Feature","id":289,"geometry":{"type":"Point","coordinates":[26.163468987879877,39.319396982737793]},"properties":{"FID":289,"fid_1":290,"ID":290,"Latitude":39.319397000000002,"Longitude":26.163468999999999,"Κόμβο":"Κόμβος Πέτρας - Άναξος","Περιγ":" ","x_egsa87":686353.8053515245,"y_egsa87":4354165.9015686959}},{"type":"Feature","id":290,"geometry":{"type":"Point","coordinates":[26.163772987879582,39.319425982737513]},"properties":{"FID":290,"fid_1":291,"ID":291,"Latitude":39.319426,"Longitude":26.163772999999999,"Κόμβο":"Κόμβος Πέτρας - Άναξος","Περιγ":" ","x_egsa87":686379.93730836501,"y_egsa87":4354169.7477737125}},{"type":"Feature","id":291,"geometry":{"type":"Point","coordinates":[26.164123987879329,39.319409982737291]},"properties":{"FID":291,"fid_1":292,"ID":292,"Latitude":39.319409999999998,"Longitude":26.164124000000001,"Κόμβο":"Κόμβος Πέτρας - Άναξος","Περιγ":" ","x_egsa87":686410.24088410125,"y_egsa87":4354168.6963739451}},{"type":"Feature","id":292,"geometry":{"type":"Point","coordinates":[26.164448987879108,39.319388982737095]},"properties":{"FID":292,"fid_1":293,"ID":293,"Latitude":39.319389000000001,"Longitude":26.164449000000001,"Κόμβο":"Κόμβος Πέτρας - Άναξος","Περιγ":" ","x_egsa87":686438.31620415428,"y_egsa87":4354167.0364443157}},{"type":"Feature","id":293,"geometry":{"type":"Point","coordinates":[26.16474498787893,39.319354982736975]},"properties":{"FID":293,"fid_1":294,"ID":294,"Latitude":39.319355000000002,"Longitude":26.164745,"Κόμβο":"Κόμβος Πέτρας - Άναξος","Περιγ":" ","x_egsa87":686463.92589717254,"y_egsa87":4354163.873817008}},{"type":"Feature","id":294,"geometry":{"type":"Point","coordinates":[26.165029987878739,39.319333982736794]},"properties":{"FID":294,"fid_1":295,"ID":295,"Latitude":39.319333999999998,"Longitude":26.165030000000002,"Κόμβο":"Κόμβος Πέτρας - Άναξος","Περιγ":" ","x_egsa87":686488.55269921769,"y_egsa87":4354162.131473789}},{"type":"Feature","id":295,"geometry":{"type":"Point","coordinates":[26.163941987879245,39.319557982737152]},"properties":{"FID":295,"fid_1":296,"ID":296,"Latitude":39.319558000000001,"Longitude":26.163941999999999,"Κόμβο":"Κόμβος Πέτρας - Άναξος","Περιγ":"τρίφωτο","x_egsa87":686394.15667391126,"y_egsa87":4354184.747748537}},{"type":"Feature","id":296,"geometry":{"type":"Point","coordinates":[26.182930987858821,39.322960982716559]},"properties":{"FID":296,"fid_1":297,"ID":297,"Latitude":39.322960999999999,"Longitude":26.182931,"Κόμβο":"Κόμβος Πέτρας - Καλλονή","Περιγ":"Πλευρά Πέτρας","x_egsa87":688022.14726037381,"y_egsa87":4354601.8273076452}},{"type":"Feature","id":297,"geometry":{"type":"Point","coordinates":[26.182876987859231,39.32273398271704]},"properties":{"FID":297,"fid_1":298,"ID":298,"Latitude":39.322733999999997,"Longitude":26.182877000000001,"Κόμβο":"Κόμβος Πέτρας - Καλλονή","Περιγ":" ","x_egsa87":688018.1004862946,"y_egsa87":4354576.5192402015}},{"type":"Feature","id":298,"geometry":{"type":"Point","coordinates":[26.182840987859635,39.322492982717556]},"properties":{"FID":298,"fid_1":299,"ID":299,"Latitude":39.322493000000001,"Longitude":26.182841,"Κόμβο":"Κόμβος Πέτρας - Καλλονή","Περιγ":" ","x_egsa87":688015.64299454656,"y_egsa87":4354549.6947407806}},{"type":"Feature","id":299,"geometry":{"type":"Point","coordinates":[26.182684987860736,39.321865982718876]},"properties":{"FID":299,"fid_1":300,"ID":300,"Latitude":39.321866,"Longitude":26.182684999999999,"Κόμβο":"Κόμβος Πέτρας - Καλλονή","Περιγ":"τρίφωτο","x_egsa87":688003.87490373582,"y_egsa87":4354479.7767357994}},{"type":"Feature","id":300,"geometry":{"type":"Point","coordinates":[26.182645987861136,39.321631982719346]},"properties":{"FID":300,"fid_1":301,"ID":301,"Latitude":39.321632000000001,"Longitude":26.182645999999998,"Κόμβο":"Κόμβος Πέτρας - Καλλονή","Περιγ":"τρίφωτο","x_egsa87":688001.1399073262,"y_egsa87":4354453.722959049}},{"type":"Feature","id":301,"geometry":{"type":"Point","coordinates":[26.181849987861415,39.321855982719491]},"properties":{"FID":301,"fid_1":302,"ID":302,"Latitude":39.321855999999997,"Longitude":26.181850000000001,"Κόμβο":"Κόμβος Πέτρας - Καλλονή","Περιγ":" ","x_egsa87":687931.91548215935,"y_egsa87":4354476.9286367763}},{"type":"Feature","id":302,"geometry":{"type":"Point","coordinates":[26.182118987861273,39.321812982719386]},"properties":{"FID":302,"fid_1":303,"ID":303,"Latitude":39.321812999999999,"Longitude":26.182119,"Κόμβο":"Κόμβος Πέτρας - Καλλονή","Περιγ":" ","x_egsa87":687955.22148716473,"y_egsa87":4354472.715783624}},{"type":"Feature","id":303,"geometry":{"type":"Point","coordinates":[26.18240098786119,39.321723982719369]},"properties":{"FID":303,"fid_1":304,"ID":304,"Latitude":39.321724000000003,"Longitude":26.182400999999999,"Κόμβο":"Κόμβος Πέτρας - Καλλονή","Περιγ":" ","x_egsa87":687979.77155497833,"y_egsa87":4354463.4243416302}},{"type":"Feature","id":304,"geometry":{"type":"Point","coordinates":[26.182568987861515,39.321429982719792]},"properties":{"FID":304,"fid_1":305,"ID":305,"Latitude":39.321429999999999,"Longitude":26.182569000000001,"Κόμβο":"Κόμβος Πέτρας - Καλλονή","Περιγ":" ","x_egsa87":687995.04307191353,"y_egsa87":4354431.1418770459}},{"type":"Feature","id":305,"geometry":{"type":"Point","coordinates":[26.182546987861905,39.321190982720275]},"properties":{"FID":305,"fid_1":306,"ID":306,"Latitude":39.321190999999999,"Longitude":26.182547,"Κόμβο":"Κόμβος Πέτρας - Καλλονή","Περιγ":" ","x_egsa87":687993.78701877804,"y_egsa87":4354404.5685292911}},{"type":"Feature","id":306,"geometry":{"type":"Point","coordinates":[26.18252998786226,39.320973982720695]},"properties":{"FID":306,"fid_1":307,"ID":307,"Latitude":39.320974,"Longitude":26.18253,"Κόμβο":"Κόμβος Πέτρας - Καλλονή","Περιγ":" ","x_egsa87":687992.90304364846,"y_egsa87":4354380.4474584339}},{"type":"Feature","id":307,"geometry":{"type":"Point","coordinates":[26.182494987862651,39.320741982721181]},"properties":{"FID":307,"fid_1":308,"ID":308,"Latitude":39.320742000000003,"Longitude":26.182494999999999,"Κόμβο":"Κόμβος Πέτρας - Καλλονή","Περιγ":" ","x_egsa87":687990.50743713859,"y_egsa87":4354354.6240070555}},{"type":"Feature","id":308,"geometry":{"type":"Point","coordinates":[26.182476987863055,39.320488982721692]},"properties":{"FID":308,"fid_1":309,"ID":309,"Latitude":39.320489000000002,"Longitude":26.182476999999999,"Κόμβο":"Κόμβος Πέτρας - Καλλονή","Περιγ":" ","x_egsa87":687989.63370798924,"y_egsa87":4354326.505076644}},{"type":"Feature","id":309,"geometry":{"type":"Point","coordinates":[26.182451987863416,39.32027598272213]},"properties":{"FID":309,"fid_1":310,"ID":310,"Latitude":39.320276,"Longitude":26.182452000000001,"Κόμβο":"Κόμβος Πέτρας - Καλλονή","Περιγ":"πίλαρ","x_egsa87":687988.049266099,"y_egsa87":4354302.8113311362}},{"type":"Feature","id":310,"geometry":{"type":"Point","coordinates":[26.182452987863414,39.320274982722125]},"properties":{"FID":310,"fid_1":311,"ID":311,"Latitude":39.320275000000002,"Longitude":26.182452999999999,"Κόμβο":"Κόμβος Πέτρας - Καλλονή","Περιγ":" ","x_egsa87":687988.13815926039,"y_egsa87":4354302.7024190202}},{"type":"Feature","id":311,"geometry":{"type":"Point","coordinates":[26.178358987838067,39.338519982689853]},"properties":{"FID":311,"fid_1":312,"ID":312,"Latitude":39.338520000000003,"Longitude":26.178359,"Κόμβο":"Κόμβος Πέτρας - Καλλονή","Περιγ":" ","x_egsa87":687586.36490714911,"y_egsa87":4356319.272913916}},{"type":"Feature","id":312,"geometry":{"type":"Point","coordinates":[26.178662987837829,39.338514982689617]},"properties":{"FID":312,"fid_1":313,"ID":313,"Latitude":39.338515000000001,"Longitude":26.178663,"Κόμβο":"Κόμβος Πέτρας - Καλλονή","Περιγ":" ","x_egsa87":687612.58020593436,"y_egsa87":4356319.3497416312}},{"type":"Feature","id":313,"geometry":{"type":"Point","coordinates":[26.179092987837596,39.338451982689421]},"properties":{"FID":313,"fid_1":314,"ID":314,"Latitude":39.338451999999997,"Longitude":26.179093000000002,"Κόμβο":"Κόμβος Πέτρας - Καλλονή","Περιγ":" ","x_egsa87":687649.81078710419,"y_egsa87":4356313.250923262}},{"type":"Feature","id":314,"geometry":{"type":"Point","coordinates":[26.17924898783766,39.33832598268954]},"properties":{"FID":314,"fid_1":315,"ID":315,"Latitude":39.338326000000002,"Longitude":26.179248999999999,"Κόμβο":"Κόμβος Πέτρας - Καλλονή","Περιγ":" ","x_egsa87":687663.59385697811,"y_egsa87":4356299.5899710581}},{"type":"Feature","id":315,"geometry":{"type":"Point","coordinates":[26.179503987837645,39.338203982689585]},"properties":{"FID":315,"fid_1":316,"ID":316,"Latitude":39.338203999999998,"Longitude":26.179504000000001,"Κόμβο":"Κόμβος Πέτρας - Καλλονή","Περιγ":" ","x_egsa87":687685.89916513173,"y_egsa87":4356286.5788572896}},{"type":"Feature","id":316,"geometry":{"type":"Point","coordinates":[26.179911987837603,39.33802898268965]},"properties":{"FID":316,"fid_1":317,"ID":317,"Latitude":39.338028999999999,"Longitude":26.179912000000002,"Κόμβο":"Κόμβος Πέτρας - Καλλονή","Περιγ":" ","x_egsa87":687721.53372029634,"y_egsa87":4356268.0032849479}},{"type":"Feature","id":317,"geometry":{"type":"Point","coordinates":[26.18018698783758,39.337901982689672]},"properties":{"FID":317,"fid_1":318,"ID":318,"Latitude":39.337902,"Longitude":26.180187,"Κόμβο":"Κόμβος Πέτρας - Καλλονή","Περιγ":" ","x_egsa87":687745.57643862767,"y_egsa87":4356254.4789575385}},{"type":"Feature","id":318,"geometry":{"type":"Point","coordinates":[26.180337987837643,39.337787982689782]},"properties":{"FID":318,"fid_1":319,"ID":319,"Latitude":39.337788000000003,"Longitude":26.180337999999999,"Κόμβο":"Κόμβος Πέτρας - Καλλονή","Περιγ":" ","x_egsa87":687758.89668145427,"y_egsa87":4356242.1396959759}},{"type":"Feature","id":319,"geometry":{"type":"Point","coordinates":[26.18068298783767,39.33759398268991]},"properties":{"FID":319,"fid_1":320,"ID":320,"Latitude":39.337594000000003,"Longitude":26.180682999999998,"Κόμβο":"Κόμβος Πέτρας - Καλλονή","Περιγ":" ","x_egsa87":687789.15245112975,"y_egsa87":4356221.3244925886}},{"type":"Feature","id":320,"geometry":{"type":"Point","coordinates":[26.180917987837766,39.337411982690092]},"properties":{"FID":320,"fid_1":321,"ID":321,"Latitude":39.337412,"Longitude":26.180917999999998,"Κόμβο":"Κόμβος Πέτρας - Καλλονή","Περιγ":" ","x_egsa87":687809.89512242144,"y_egsa87":4356201.6124632806}},{"type":"Feature","id":321,"geometry":{"type":"Point","coordinates":[26.181026987837896,39.337277982690267]},"properties":{"FID":321,"fid_1":322,"ID":322,"Latitude":39.337277999999998,"Longitude":26.181027,"Κόμβο":"Κόμβος Πέτρας - Καλλονή","Περιγ":" ","x_egsa87":687819.64907872188,"y_egsa87":4356186.9660336683}},{"type":"Feature","id":322,"geometry":{"type":"Point","coordinates":[26.181409987837636,39.337247982690066]},"properties":{"FID":322,"fid_1":323,"ID":323,"Latitude":39.337248000000002,"Longitude":26.18141,"Κόμβο":"Κόμβος Πέτρας - Καλλονή","Περιγ":" ","x_egsa87":687852.74103797739,"y_egsa87":4356184.4331752602}},{"type":"Feature","id":323,"geometry":{"type":"Point","coordinates":[26.181366987837372,39.337441982689718]},"properties":{"FID":323,"fid_1":324,"ID":324,"Latitude":39.337442000000003,"Longitude":26.181367000000002,"Κόμβο":"Κόμβος Πέτρας - Καλλονή","Περιγ":" ","x_egsa87":687848.51489371026,"y_egsa87":4356205.876559183}},{"type":"Feature","id":324,"geometry":{"type":"Point","coordinates":[26.181587987837439,39.33727998268985]},"properties":{"FID":324,"fid_1":325,"ID":325,"Latitude":39.33728,"Longitude":26.181588000000001,"Κόμβο":"Κόμβος Πέτρας - Καλλονή","Περιγ":" ","x_egsa87":687867.99747133884,"y_egsa87":4356188.3554278528}},{"type":"Feature","id":325,"geometry":{"type":"Point","coordinates":[26.181836987837688,39.336995982690212]},"properties":{"FID":325,"fid_1":326,"ID":326,"Latitude":39.336995999999999,"Longitude":26.181837000000002,"Κόμβο":"Κόμβος Πέτρας - Καλλονή","Περιγ":" ","x_egsa87":687890.2205253673,"y_egsa87":4356157.3513344321}},{"type":"Feature","id":326,"geometry":{"type":"Point","coordinates":[26.181777987837787,39.336966982690299]},"properties":{"FID":326,"fid_1":327,"ID":327,"Latitude":39.336967000000001,"Longitude":26.181778000000001,"Κόμβο":"Κόμβος Πέτρας - Καλλονή","Περιγ":" ","x_egsa87":687885.21290087956,"y_egsa87":4356154.0097004771}},{"type":"Feature","id":327,"geometry":{"type":"Point","coordinates":[26.18183198783824,39.336652982690879]},"properties":{"FID":327,"fid_1":328,"ID":328,"Latitude":39.336652999999998,"Longitude":26.181832,"Κόμβο":"Κόμβος Πέτρας - Καλλονή","Περιγ":" ","x_egsa87":687890.70892465743,"y_egsa87":4356119.2699300935}},{"type":"Feature","id":328,"geometry":{"type":"Point","coordinates":[26.181802987838598,39.336432982691349]},"properties":{"FID":328,"fid_1":329,"ID":329,"Latitude":39.336433,"Longitude":26.181802999999999,"Κόμβο":"Κόμβος Πέτρας - Καλλονή","Περιγ":" ","x_egsa87":687888.79899855563,"y_egsa87":4356094.7908547847}},{"type":"Feature","id":329,"geometry":{"type":"Point","coordinates":[26.181744987838972,39.336225982691801]},"properties":{"FID":329,"fid_1":330,"ID":330,"Latitude":39.336226000000003,"Longitude":26.181744999999999,"Κόμβο":"Κόμβος Πέτρας - Καλλονή","Περιγ":" ","x_egsa87":687884.35460298276,"y_egsa87":4356071.6943459529}},{"type":"Feature","id":330,"geometry":{"type":"Point","coordinates":[26.181699987839398,39.335972982692297]},"properties":{"FID":330,"fid_1":331,"ID":331,"Latitude":39.335973000000003,"Longitude":26.181699999999999,"Κόμβο":"Κόμβος Πέτρας - Καλλονή","Περιγ":" ","x_egsa87":687881.15397920681,"y_egsa87":4356043.5191674475}},{"type":"Feature","id":331,"geometry":{"type":"Point","coordinates":[26.181611987839858,39.335729982692818]},"properties":{"FID":331,"fid_1":332,"ID":332,"Latitude":39.335729999999998,"Longitude":26.181612000000001,"Κόμβο":"Κόμβος Πέτρας - Καλλονή","Περιγ":" ","x_egsa87":687874.22018187644,"y_egsa87":4356016.3644409403}},{"type":"Feature","id":332,"geometry":{"type":"Point","coordinates":[26.1815889878402,39.335519982693249]},"properties":{"FID":332,"fid_1":333,"ID":333,"Latitude":39.335520000000002,"Longitude":26.181588999999999,"Κόμβο":"Κόμβος Πέτρας - Καλλονή","Περιγ":" ","x_egsa87":687872.80051742436,"y_egsa87":4355993.0078045866}},{"type":"Feature","id":333,"geometry":{"type":"Point","coordinates":[26.181575987840546,39.335308982693682]},"properties":{"FID":333,"fid_1":334,"ID":334,"Latitude":39.335309000000002,"Longitude":26.181576,"Κόμβο":"Κόμβος Πέτρας - Καλλονή","Περιγ":" ","x_egsa87":687872.2454634778,"y_egsa87":4355969.5609870749}},{"type":"Feature","id":334,"geometry":{"type":"Point","coordinates":[26.181568987840944,39.335051982694182]},"properties":{"FID":334,"fid_1":335,"ID":335,"Latitude":39.335051999999997,"Longitude":26.181569,"Κόμβο":"Κόμβος Πέτρας - Καλλονή","Περιγ":" ","x_egsa87":687872.33084554505,"y_egsa87":4355941.0209275521}},{"type":"Feature","id":335,"geometry":{"type":"Point","coordinates":[26.181551987841313,39.334834982694616]},"properties":{"FID":335,"fid_1":336,"ID":336,"Latitude":39.334834999999998,"Longitude":26.181552,"Κόμβο":"Κόμβος Πέτρας - Καλλονή","Περιγ":" ","x_egsa87":687871.44707233249,"y_egsa87":4355916.8998227706}},{"type":"Feature","id":336,"geometry":{"type":"Point","coordinates":[26.181525987841717,39.334589982695114]},"properties":{"FID":336,"fid_1":337,"ID":337,"Latitude":39.334589999999999,"Longitude":26.181526000000002,"Κόμβο":"Κόμβος Πέτρας - Καλλονή","Περιγ":" ","x_egsa87":687869.86256501684,"y_egsa87":4355889.6521537891}},{"type":"Feature","id":337,"geometry":{"type":"Point","coordinates":[26.181479987842131,39.33433898269562]},"properties":{"FID":337,"fid_1":338,"ID":338,"Latitude":39.334339,"Longitude":26.181480000000001,"Κόμβο":"Κόμβος Πέτρας - Καλλονή","Περιγ":" ","x_egsa87":687866.57020361046,"y_egsa87":4355861.6969005633}},{"type":"Feature","id":338,"geometry":{"type":"Point","coordinates":[26.181475987842507,39.334107982696082]},"properties":{"FID":338,"fid_1":339,"ID":339,"Latitude":39.334108000000001,"Longitude":26.181476,"Κόμβο":"Κόμβος Πέτρας - Καλλονή","Περιγ":" ","x_egsa87":687866.84444693755,"y_egsa87":4355836.048936273}},{"type":"Feature","id":339,"geometry":{"type":"Point","coordinates":[26.181456987842971,39.333824982696633]},"properties":{"FID":339,"fid_1":340,"ID":340,"Latitude":39.333824999999997,"Longitude":26.181457000000002,"Κόμβο":"Κόμβος Πέτρας - Καλλονή","Περιγ":" ","x_egsa87":687865.96508659376,"y_egsa87":4355804.5980638051}},{"type":"Feature","id":340,"geometry":{"type":"Point","coordinates":[26.181429987843273,39.33364198269701]},"properties":{"FID":340,"fid_1":341,"ID":341,"Latitude":39.333641999999998,"Longitude":26.181429999999999,"Κόμβο":"Κόμβος Πέτρας - Καλλονή","Περιγ":" ","x_egsa87":687864.12816769595,"y_egsa87":4355784.2299553053}},{"type":"Feature","id":341,"geometry":{"type":"Point","coordinates":[26.181375987843694,39.333401982697517]},"properties":{"FID":341,"fid_1":342,"ID":342,"Latitude":39.333402,"Longitude":26.181376,"Κόμβο":"Κόμβος Πέτρας - Καλλονή","Περιγ":" ","x_egsa87":687860.11665899807,"y_egsa87":4355757.4789986787}},{"type":"Feature","id":342,"geometry":{"type":"Point","coordinates":[26.181242987844076,39.333223982697952]},"properties":{"FID":342,"fid_1":343,"ID":343,"Latitude":39.333224000000001,"Longitude":26.181242999999998,"Κόμβο":"Κόμβος Πέτρας - Καλλονή","Περιγ":" ","x_egsa87":687849.12941738381,"y_egsa87":4355737.4452924877}},{"type":"Feature","id":343,"geometry":{"type":"Point","coordinates":[26.18171898783752,39.337161982689963]},"properties":{"FID":343,"fid_1":344,"ID":344,"Latitude":39.337161999999999,"Longitude":26.181719000000001,"Κόμβο":"Κόμβος Πέτρας - Καλλονή","Περιγ":" ","x_egsa87":687879.60490111168,"y_egsa87":4356175.530762393}},{"type":"Feature","id":344,"geometry":{"type":"Point","coordinates":[26.181725987837527,39.337158982689992]},"properties":{"FID":344,"fid_1":345,"ID":345,"Latitude":39.337159,"Longitude":26.181726000000001,"Κόμβο":"Κόμβος Πέτρας - Καλλονή","Περιγ":" ","x_egsa87":687880.21628738125,"y_egsa87":4356175.2123492248}},{"type":"Feature","id":345,"geometry":{"type":"Point","coordinates":[26.422314987894083,39.178603982818622]},"properties":{"FID":345,"fid_1":346,"ID":346,"Latitude":39.178604,"Longitude":26.422315000000001,"Κόμβο":"Κόμβος Πηγής","Περιγ":"Πίλαρ","x_egsa87":709088.55335665762,"y_egsa87":4339104.5376726817}},{"type":"Feature","id":346,"geometry":{"type":"Point","coordinates":[26.422575987893893,39.178587982818456]},"properties":{"FID":346,"fid_1":347,"ID":347,"Latitude":39.178587999999998,"Longitude":26.422575999999999,"Κόμβο":"Κόμβος Πηγής","Περιγ":" ","x_egsa87":709111.14858149516,"y_egsa87":4339103.3643198619}},{"type":"Feature","id":347,"geometry":{"type":"Point","coordinates":[26.422053987894174,39.178678982818653]},"properties":{"FID":347,"fid_1":348,"ID":348,"Latitude":39.178679000000002,"Longitude":26.422053999999999,"Κόμβο":"Κόμβος Πηγής","Περιγ":" ","x_egsa87":709065.78316092119,"y_egsa87":4339112.2598171132}},{"type":"Feature","id":348,"geometry":{"type":"Point","coordinates":[26.421910987895298,39.178036982820018]},"properties":{"FID":348,"fid_1":349,"ID":349,"Latitude":39.178037000000003,"Longitude":26.421911000000001,"Κόμβο":"Κόμβος Πηγής","Περιγ":" ","x_egsa87":709055.33333729987,"y_egsa87":4339040.6707127849}},{"type":"Feature","id":349,"geometry":{"type":"Point","coordinates":[26.421927987894669,39.178430982819229]},"properties":{"FID":349,"fid_1":350,"ID":350,"Latitude":39.178431000000003,"Longitude":26.421928000000001,"Κόμβο":"Κόμβος Πηγής","Περιγ":" ","x_egsa87":709055.63352459786,"y_egsa87":4339084.4421237987}},{"type":"Feature","id":350,"geometry":{"type":"Point","coordinates":[26.422104987894041,39.178736982818528]},"properties":{"FID":350,"fid_1":351,"ID":351,"Latitude":39.178736999999998,"Longitude":26.422104999999998,"Κόμβο":"Κόμβος Πηγής","Περιγ":"τρίφωτο","x_egsa87":709070.01702043973,"y_egsa87":4339118.815275006}},{"type":"Feature","id":351,"geometry":{"type":"Point","coordinates":[26.42177998789413,39.178845982818558]},"properties":{"FID":351,"fid_1":352,"ID":352,"Latitude":39.178846,"Longitude":26.421779999999998,"Κόμβο":"Κόμβος Πηγής","Περιγ":" ","x_egsa87":709041.61712435191,"y_egsa87":4339130.1635945961}},{"type":"Feature","id":352,"geometry":{"type":"Point","coordinates":[26.454613987959139,39.120552982906766]},"properties":{"FID":352,"fid_1":353,"ID":353,"Latitude":39.120553000000001,"Longitude":26.454613999999999,"Κόμβο":"Κόμβος Πλωμαρίου","Περιγ":"Από κεντρικό Καλλονής Μυτιλήνης","x_egsa87":712053.24347852357,"y_egsa87":4332736.2032130305}},{"type":"Feature","id":353,"geometry":{"type":"Point","coordinates":[26.454800987958798,39.120675982906391]},"properties":{"FID":353,"fid_1":354,"ID":354,"Latitude":39.120676000000003,"Longitude":26.454801,"Κόμβο":"Κόμβος Πλωμαρίου","Περιγ":" ","x_egsa87":712069.04250288033,"y_egsa87":4332750.2929022424}},{"type":"Feature","id":354,"geometry":{"type":"Point","coordinates":[26.45512798795831,39.120813982905908]},"properties":{"FID":354,"fid_1":355,"ID":355,"Latitude":39.120814000000003,"Longitude":26.455127999999998,"Κόμβο":"Κόμβος Πλωμαρίου","Περιγ":" ","x_egsa87":712096.90099524357,"y_egsa87":4332766.3749913545}},{"type":"Feature","id":355,"geometry":{"type":"Point","coordinates":[26.455344987957879,39.120983982905386]},"properties":{"FID":355,"fid_1":356,"ID":356,"Latitude":39.120984,"Longitude":26.455345000000001,"Κόμβο":"Κόμβος Πλωμαρίου","Περιγ":" ","x_egsa87":712115.15257612267,"y_egsa87":4332785.7517143544}},{"type":"Feature","id":356,"geometry":{"type":"Point","coordinates":[26.45382198795863,39.121276982905961]},"properties":{"FID":356,"fid_1":357,"ID":357,"Latitude":39.121276999999999,"Longitude":26.453821999999999,"Κόμβο":"Κόμβος Πλωμαρίου","Περιγ":" ","x_egsa87":711982.59326444252,"y_egsa87":4332814.7118513184}},{"type":"Feature","id":357,"geometry":{"type":"Point","coordinates":[26.453526987958845,39.12129898290614]},"properties":{"FID":357,"fid_1":358,"ID":358,"Latitude":39.121299,"Longitude":26.453527000000001,"Κόμβο":"Κόμβος Πλωμαρίου","Περιγ":" ","x_egsa87":711957.02138202311,"y_egsa87":4332816.4641648373}},{"type":"Feature","id":358,"geometry":{"type":"Point","coordinates":[26.453237987959067,39.121301982906338]},"properties":{"FID":358,"fid_1":359,"ID":359,"Latitude":39.121302,"Longitude":26.453237999999999,"Κόμβο":"Κόμβος Πλωμαρίου","Περιγ":" ","x_egsa87":711932.02528589533,"y_egsa87":4332816.1216791132}},{"type":"Feature","id":359,"geometry":{"type":"Point","coordinates":[26.4539269879584,39.121373982905688]},"properties":{"FID":359,"fid_1":360,"ID":360,"Latitude":39.121374000000003,"Longitude":26.453927,"Κόμβο":"Κόμβος Πλωμαρίου","Περιγ":" ","x_egsa87":711991.38051061321,"y_egsa87":4332825.72382914}},{"type":"Feature","id":360,"geometry":{"type":"Point","coordinates":[26.45423298795825,39.121311982905596]},"properties":{"FID":360,"fid_1":361,"ID":361,"Latitude":39.121312000000003,"Longitude":26.454232999999999,"Κόμβο":"Κόμβος Πλωμαρίου","Περιγ":" ","x_egsa87":712018.02350560226,"y_egsa87":4332819.5575469043}},{"type":"Feature","id":361,"geometry":{"type":"Point","coordinates":[26.454521987958088,39.121267982905444]},"properties":{"FID":361,"fid_1":362,"ID":362,"Latitude":39.121268000000001,"Longitude":26.454522000000001,"Κόμβο":"Κόμβος Πλωμαρίου","Περιγ":" ","x_egsa87":712043.14268351742,"y_egsa87":4332815.3495114753}},{"type":"Feature","id":362,"geometry":{"type":"Point","coordinates":[26.45483798795788,39.121243982905256]},"properties":{"FID":362,"fid_1":363,"ID":363,"Latitude":39.121243999999997,"Longitude":26.454837999999999,"Κόμβο":"Κόμβος Πλωμαρίου","Περιγ":" ","x_egsa87":712070.53628541622,"y_egsa87":4332813.4245990682}},{"type":"Feature","id":363,"geometry":{"type":"Point","coordinates":[26.455186987957678,39.121189982905108]},"properties":{"FID":363,"fid_1":364,"ID":364,"Latitude":39.121189999999999,"Longitude":26.455186999999999,"Κόμβο":"Κόμβος Πλωμαρίου","Περιγ":" ","x_egsa87":712100.87319011637,"y_egsa87":4332808.2471171319}},{"type":"Feature","id":364,"geometry":{"type":"Point","coordinates":[26.455564987957466,39.121132982904932]},"properties":{"FID":364,"fid_1":365,"ID":365,"Latitude":39.121133,"Longitude":26.455565,"Κόμβο":"Κόμβος Πλωμαρίου","Περιγ":" ","x_egsa87":712133.72651411174,"y_egsa87":4332802.8046064451}},{"type":"Feature","id":365,"geometry":{"type":"Point","coordinates":[26.455834987957282,39.121108982904779]},"properties":{"FID":365,"fid_1":366,"ID":366,"Latitude":39.121108999999997,"Longitude":26.455835,"Κόμβο":"Κόμβος Πλωμαρίου","Περιγ":" ","x_egsa87":712157.1430061874,"y_egsa87":4332800.7723845532}},{"type":"Feature","id":366,"geometry":{"type":"Point","coordinates":[26.456149987957097,39.121061982904642]},"properties":{"FID":366,"fid_1":367,"ID":367,"Latitude":39.121062000000002,"Longitude":26.456150000000001,"Κόμβο":"Κόμβος Πλωμαρίου","Περιγ":" ","x_egsa87":712184.51934188441,"y_egsa87":4332796.2926409533}},{"type":"Feature","id":367,"geometry":{"type":"Point","coordinates":[26.456442987956947,39.121016982904521]},"properties":{"FID":367,"fid_1":368,"ID":368,"Latitude":39.121017000000002,"Longitude":26.456443,"Κόμβο":"Κόμβος Πλωμαρίου","Περιγ":" ","x_egsa87":712209.98756619927,"y_egsa87":4332791.9834973598}},{"type":"Feature","id":368,"geometry":{"type":"Point","coordinates":[26.456782987956764,39.120955982904377]},"properties":{"FID":368,"fid_1":369,"ID":369,"Latitude":39.120956,"Longitude":26.456783000000001,"Κόμβο":"Κόμβος Πλωμαρίου","Περιγ":" ","x_egsa87":712239.5675643516,"y_egsa87":4332786.0085173436}},{"type":"Feature","id":369,"geometry":{"type":"Point","coordinates":[26.457076987956576,39.120928982904204]},"properties":{"FID":369,"fid_1":370,"ID":370,"Latitude":39.120928999999997,"Longitude":26.457077000000002,"Κόμβο":"Κόμβος Πλωμαρίου","Περιγ":" ","x_egsa87":712265.06823473866,"y_egsa87":4332783.699801486}},{"type":"Feature","id":370,"geometry":{"type":"Point","coordinates":[26.455312987957935,39.120963982905458]},"properties":{"FID":370,"fid_1":371,"ID":371,"Latitude":39.120964000000001,"Longitude":26.455313,"Κόμβο":"Κόμβος Πλωμαρίου","Περιγ":"τρίφωτο","x_egsa87":712112.44588271528,"y_egsa87":4332783.4569620574}},{"type":"Feature","id":371,"geometry":{"type":"Point","coordinates":[26.458955987955335,39.120758982903126]},"properties":{"FID":371,"fid_1":372,"ID":372,"Latitude":39.120759,"Longitude":26.458956000000001,"Κόμβο":"Κόμβος Πλωμαρίου","Περιγ":"Πίλαρ","x_egsa87":712428.03979209554,"y_egsa87":4332769.2306624502}},{"type":"Feature","id":372,"geometry":{"type":"Point","coordinates":[26.194733987888156,39.298258982755662]},"properties":{"FID":372,"fid_1":373,"ID":373,"Latitude":39.298259000000002,"Longitude":26.194734,"Κόμβο":"Κόμβος Στύψης - Πέτρας- Καλλονής","Περιγ":"Πλευρά Στύψης","x_egsa87":689106.24581172736,"y_egsa87":4351884.6991592068}},{"type":"Feature","id":373,"geometry":{"type":"Point","coordinates":[26.194429987888711,39.298056982756279]},"properties":{"FID":373,"fid_1":374,"ID":374,"Latitude":39.298057,"Longitude":26.194430000000001,"Κόμβο":"Κόμβος Στύψης - Πέτρας- Καλλονής","Περιγ":" ","x_egsa87":689080.57290091401,"y_egsa87":4351861.6421450432}},{"type":"Feature","id":374,"geometry":{"type":"Point","coordinates":[26.195079987887976,39.298195982755502]},"properties":{"FID":374,"fid_1":375,"ID":375,"Latitude":39.298195999999997,"Longitude":26.195080000000001,"Κόμβο":"Κόμβος Στύψης - Πέτρας- Καλλονής","Περιγ":" ","x_egsa87":689136.25467056362,"y_egsa87":4351878.4308543913}},{"type":"Feature","id":375,"geometry":{"type":"Point","coordinates":[26.194999987887606,39.298472982755065]},"properties":{"FID":375,"fid_1":376,"ID":376,"Latitude":39.298473000000001,"Longitude":26.195,"Κόμβο":"Κόμβος Στύψης - Πέτρας- Καλλονής","Περιγ":" ","x_egsa87":689128.60911994055,"y_egsa87":4351909.008637269}},{"type":"Feature","id":376,"geometry":{"type":"Point","coordinates":[26.194833987887908,39.298372982755374]},"properties":{"FID":376,"fid_1":377,"ID":377,"Latitude":39.298372999999998,"Longitude":26.194834,"Κόμβο":"Κόμβος Στύψης - Πέτρας- Καλλονής","Περιγ":" ","x_egsa87":689114.56270232541,"y_egsa87":4351897.5617666552}},{"type":"Feature","id":377,"geometry":{"type":"Point","coordinates":[26.194463987888774,39.298001982756354]},"properties":{"FID":377,"fid_1":378,"ID":378,"Latitude":39.298001999999997,"Longitude":26.194464,"Κόμβο":"Κόμβος Στύψης - Πέτρας- Καλλονής","Περιγ":"Πίλαρ","x_egsa87":689083.65322677477,"y_egsa87":4351855.608649943}},{"type":"Feature","id":378,"geometry":{"type":"Point","coordinates":[26.28467498785248,39.275325982733619]},"properties":{"FID":378,"fid_1":379,"ID":379,"Latitude":39.275326,"Longitude":26.284675,"Κόμβο":"Τμήμα οδού  Νάπη προς Μανταμάδο","Περιγ":" ","x_egsa87":696927.1237700932,"y_egsa87":4349531.3792912299}},{"type":"Feature","id":379,"geometry":{"type":"Point","coordinates":[26.284819987852039,39.275533982733101]},"properties":{"FID":379,"fid_1":380,"ID":380,"Latitude":39.275534,"Longitude":26.28482,"Κόμβο":"Τμήμα οδού  Νάπη προς Μανταμάδο","Περιγ":" ","x_egsa87":696939.04974293499,"y_egsa87":4349554.7821164224}},{"type":"Feature","id":380,"geometry":{"type":"Point","coordinates":[26.285148987851557,39.275676982732598]},"properties":{"FID":380,"fid_1":381,"ID":381,"Latitude":39.275677000000002,"Longitude":26.285149000000001,"Κόμβο":"Τμήμα οδού  Νάπη προς Μανταμάδο","Περιγ":" ","x_egsa87":696967.03136829077,"y_egsa87":4349571.3712609075}},{"type":"Feature","id":381,"geometry":{"type":"Point","coordinates":[26.285471987851121,39.275787982732147]},"properties":{"FID":381,"fid_1":382,"ID":382,"Latitude":39.275787999999999,"Longitude":26.285471999999999,"Κόμβο":"Τμήμα οδού  Νάπη προς Μανταμάδο","Περιγ":" ","x_egsa87":696994.58499851904,"y_egsa87":4349584.3956023278}},{"type":"Feature","id":382,"geometry":{"type":"Point","coordinates":[26.2857289878507,39.275928982731678]},"properties":{"FID":382,"fid_1":383,"ID":383,"Latitude":39.275928999999998,"Longitude":26.285729,"Κόμβο":"Τμήμα οδού  Νάπη προς Μανταμάδο","Περιγ":" ","x_egsa87":697016.36066882033,"y_egsa87":4349600.6060214611}},{"type":"Feature","id":383,"geometry":{"type":"Point","coordinates":[26.28584998785033,39.276101982731234]},"properties":{"FID":383,"fid_1":384,"ID":384,"Latitude":39.276102000000002,"Longitude":26.28585,"Κόμβο":"Τμήμα οδού  Νάπη προς Μανταμάδο","Περιγ":" ","x_egsa87":697026.31397904409,"y_egsa87":4349620.071866612}},{"type":"Feature","id":384,"geometry":{"type":"Point","coordinates":[26.285840987850001,39.27631698273084]},"properties":{"FID":384,"fid_1":385,"ID":385,"Latitude":39.276316999999999,"Longitude":26.285841000000001,"Κόμβο":"Τμήμα οδού  Νάπη προς Μανταμάδο","Περιγ":" ","x_egsa87":697024.93456299626,"y_egsa87":4349643.9161165114}},{"type":"Feature","id":385,"geometry":{"type":"Point","coordinates":[26.2849649878492,39.277277982729622]},"properties":{"FID":385,"fid_1":386,"ID":386,"Latitude":39.277278000000003,"Longitude":26.284965,"Κόμβο":"Τμήμα οδού  Νάπη προς Μανταμάδο","Περιγ":" ","x_egsa87":696946.66932389594,"y_egsa87":4349748.6728671947}},{"type":"Feature","id":386,"geometry":{"type":"Point","coordinates":[26.28507098784933,39.277134982729834]},"properties":{"FID":386,"fid_1":387,"ID":387,"Latitude":39.277135000000001,"Longitude":26.285070999999999,"Κόμβο":"Τμήμα οδού  Νάπη προς Μανταμάδο","Περιγ":" ","x_egsa87":696956.21456899983,"y_egsa87":4349733.0316022132}},{"type":"Feature","id":387,"geometry":{"type":"Point","coordinates":[26.285152987849461,39.277010982730012]},"properties":{"FID":387,"fid_1":388,"ID":388,"Latitude":39.277011000000002,"Longitude":26.285153000000001,"Κόμβο":"Τμήμα οδού  Νάπη προς Μανταμάδο","Περιγ":" ","x_egsa87":696963.63615947275,"y_egsa87":4349719.4469465548}},{"type":"Feature","id":388,"geometry":{"type":"Point","coordinates":[26.285369987849531,39.276856982730152]},"properties":{"FID":388,"fid_1":389,"ID":389,"Latitude":39.276857,"Longitude":26.28537,"Κόμβο":"Τμήμα οδού  Νάπη προς Μανταμάδο","Περιγ":" ","x_egsa87":696982.78801407909,"y_egsa87":4349702.8266674932}},{"type":"Feature","id":389,"geometry":{"type":"Point","coordinates":[26.285479987849754,39.276652982730447]},"properties":{"FID":389,"fid_1":390,"ID":390,"Latitude":39.276653000000003,"Longitude":26.28548,"Κόμβο":"Τμήμα οδού  Νάπη προς Μανταμάδο","Περιγ":" ","x_egsa87":696992.84951131954,"y_egsa87":4349680.4234818304}},{"type":"Feature","id":390,"geometry":{"type":"Point","coordinates":[26.285617987849882,39.276500982730653]},"properties":{"FID":390,"fid_1":391,"ID":391,"Latitude":39.276501000000003,"Longitude":26.285617999999999,"Κόμβο":"Τμήμα οδού  Νάπη προς Μανταμάδο","Περιγ":" ","x_egsa87":697005.18073904852,"y_egsa87":4349663.8530638292}},{"type":"Feature","id":391,"geometry":{"type":"Point","coordinates":[26.285769987849708,39.27653798273046]},"properties":{"FID":391,"fid_1":392,"ID":392,"Latitude":39.276538000000002,"Longitude":26.285769999999999,"Κόμβο":"Τμήμα οδού  Νάπη προς Μανταμάδο","Περιγ":" ","x_egsa87":697018.18970709248,"y_egsa87":4349668.2911866484}},{"type":"Feature","id":392,"geometry":{"type":"Point","coordinates":[26.285816987849362,39.276734982730062]},"properties":{"FID":392,"fid_1":393,"ID":393,"Latitude":39.276735000000002,"Longitude":26.285817000000002,"Κόμβο":"Τμήμα οδού  Νάπη προς Μανταμάδο","Περιγ":" ","x_egsa87":697021.69178637303,"y_egsa87":4349690.2596025923}},{"type":"Feature","id":393,"geometry":{"type":"Point","coordinates":[26.285948987848808,39.277017982729397]},"properties":{"FID":393,"fid_1":394,"ID":394,"Latitude":39.277017999999998,"Longitude":26.285948999999999,"Κόμβο":"Τμήμα οδού  Νάπη προς Μανταμάδο","Περιγ":" ","x_egsa87":697032.28536144982,"y_egsa87":4349721.9588641971}},{"type":"Feature","id":394,"geometry":{"type":"Point","coordinates":[26.286117987848456,39.277159982729025]},"properties":{"FID":394,"fid_1":395,"ID":395,"Latitude":39.277160000000002,"Longitude":26.286117999999998,"Κόμβο":"Τμήμα οδού  Νάπη προς Μανταμάδο","Περιγ":" ","x_egsa87":697046.46623246418,"y_egsa87":4349738.0885483464}},{"type":"Feature","id":395,"geometry":{"type":"Point","coordinates":[26.286350987848039,39.277306982728547]},"properties":{"FID":395,"fid_1":396,"ID":396,"Latitude":39.277307,"Longitude":26.286351,"Κόμβο":"Τμήμα οδού  Νάπη προς Μανταμάδο","Περιγ":" ","x_egsa87":697066.15410705958,"y_egsa87":4349754.9127756981}},{"type":"Feature","id":396,"geometry":{"type":"Point","coordinates":[26.286598987847707,39.277388982728191]},"properties":{"FID":396,"fid_1":397,"ID":397,"Latitude":39.277388999999999,"Longitude":26.286598999999999,"Κόμβο":"Τμήμα οδού  Νάπη προς Μανταμάδο","Περιγ":" ","x_egsa87":697087.31826705404,"y_egsa87":4349764.5551051851}},{"type":"Feature","id":397,"geometry":{"type":"Point","coordinates":[26.286859987847421,39.2774449827279]},"properties":{"FID":397,"fid_1":398,"ID":398,"Latitude":39.277445,"Longitude":26.286860000000001,"Κόμβο":"Τμήμα οδού  Νάπη προς Μανταμάδο","Περιγ":" ","x_egsa87":697109.67680161027,"y_egsa87":4349771.3399809729}},{"type":"Feature","id":398,"geometry":{"type":"Point","coordinates":[26.285716987849874,39.276456982730664]},"properties":{"FID":398,"fid_1":399,"ID":399,"Latitude":39.276457000000001,"Longitude":26.285717000000002,"Κόμβο":"Τμήμα οδού  Νάπη προς Μανταμάδο","Περιγ":"Πίλαρ","x_egsa87":697013.84467057255,"y_egsa87":4349659.185084993}},{"type":"Feature","id":399,"geometry":{"type":"Point","coordinates":[26.538159987909538,39.109389982866176]},"properties":{"FID":399,"fid_1":400,"ID":400,"Latitude":39.109389999999998,"Longitude":26.538160000000001,"Κόμβο":"Τμήμα οδού Βόρεια Παράκαμψη","Περιγ":" ","x_egsa87":719311.4493620001,"y_egsa87":4331695.8476717705}},{"type":"Feature","id":400,"geometry":{"type":"Point","coordinates":[26.538290987909228,39.109519982865848]},"properties":{"FID":400,"fid_1":401,"ID":401,"Latitude":39.109520000000003,"Longitude":26.538291000000001,"Κόμβο":"Τμήμα οδού Βόρεια Παράκαμψη","Περιγ":" ","x_egsa87":719322.37426884193,"y_egsa87":4331710.5939496141}},{"type":"Feature","id":401,"geometry":{"type":"Point","coordinates":[26.538523987908846,39.109643982865428]},"properties":{"FID":401,"fid_1":402,"ID":402,"Latitude":39.109644000000003,"Longitude":26.538523999999999,"Κόμβο":"Τμήμα οδού Βόρεια Παράκαμψη","Περιγ":" ","x_egsa87":719342.1383048034,"y_egsa87":4331724.9209298678}},{"type":"Feature","id":402,"geometry":{"type":"Point","coordinates":[26.538782987908544,39.109704982865111]},"properties":{"FID":402,"fid_1":403,"ID":403,"Latitude":39.109704999999998,"Longitude":26.538782999999999,"Κόμβο":"Τμήμα οδού Βόρεια Παράκαμψη","Περιγ":" ","x_egsa87":719364.34621499304,"y_egsa87":4331732.3180788094}},{"type":"Feature","id":403,"geometry":{"type":"Point","coordinates":[26.53900698790838,39.109692982864964]},"properties":{"FID":403,"fid_1":404,"ID":404,"Latitude":39.109693,"Longitude":26.539007000000002,"Κόμβο":"Τμήμα οδού Βόρεια Παράκαμψη","Περιγ":" ","x_egsa87":719383.75407094893,"y_egsa87":4331731.5279047443}},{"type":"Feature","id":404,"geometry":{"type":"Point","coordinates":[26.53933298790821,39.10963498286484]},"properties":{"FID":404,"fid_1":405,"ID":405,"Latitude":39.109634999999997,"Longitude":26.539332999999999,"Κόμβο":"Τμήμα οδού Βόρεια Παράκαμψη","Περιγ":" ","x_egsa87":719412.12530987035,"y_egsa87":4331725.8786901683}},{"type":"Feature","id":405,"geometry":{"type":"Point","coordinates":[26.539540987908179,39.109546982864842]},"properties":{"FID":405,"fid_1":406,"ID":406,"Latitude":39.109546999999999,"Longitude":26.539541,"Κόμβο":"Τμήμα οδού Βόρεια Παράκαμψη","Περιγ":" ","x_egsa87":719430.38557909976,"y_egsa87":4331716.6142052943}},{"type":"Feature","id":406,"geometry":{"type":"Point","coordinates":[26.539756987908245,39.109392982864982]},"properties":{"FID":406,"fid_1":407,"ID":407,"Latitude":39.109392999999997,"Longitude":26.539757000000002,"Κόμβο":"Τμήμα οδού Βόρεια Παράκαμψη","Περιγ":" ","x_egsa87":719449.54266739893,"y_egsa87":4331700.0433606617}},{"type":"Feature","id":407,"geometry":{"type":"Point","coordinates":[26.539994987908326,39.109222982865141]},"properties":{"FID":407,"fid_1":408,"ID":408,"Latitude":39.109223,"Longitude":26.539995000000001,"Κόμβο":"Τμήμα οδού Βόρεια Παράκαμψη","Περιγ":" ","x_egsa87":719470.65201163082,"y_egsa87":4331681.7498521544}},{"type":"Feature","id":408,"geometry":{"type":"Point","coordinates":[26.54014798790838,39.109108982865251]},"properties":{"FID":408,"fid_1":409,"ID":409,"Latitude":39.109108999999997,"Longitude":26.540147999999999,"Κόμβο":"Τμήμα οδού Βόρεια Παράκαμψη","Περιγ":" ","x_egsa87":719484.23699855746,"y_egsa87":4331669.4664992439}},{"type":"Feature","id":409,"geometry":{"type":"Point","coordinates":[26.5403609879084,39.108982982865314]},"properties":{"FID":409,"fid_1":410,"ID":410,"Latitude":39.108983000000002,"Longitude":26.540361000000001,"Κόμβο":"Τμήμα οδού Βόρεια Παράκαμψη","Περιγ":" ","x_egsa87":719503.04790952697,"y_egsa87":4331655.9964140244}},{"type":"Feature","id":410,"geometry":{"type":"Point","coordinates":[26.540591987908442,39.108841982865449]},"properties":{"FID":410,"fid_1":411,"ID":411,"Latitude":39.108842000000003,"Longitude":26.540592,"Κόμβο":"Τμήμα οδού Βόρεια Παράκαμψη","Περιγ":" ","x_egsa87":719523.46206862689,"y_egsa87":4331640.9049914228}},{"type":"Feature","id":411,"geometry":{"type":"Point","coordinates":[26.540832987908352,39.108774982865384]},"properties":{"FID":411,"fid_1":412,"ID":412,"Latitude":39.108775000000001,"Longitude":26.540832999999999,"Κόμβο":"Τμήμα οδού Βόρεια Παράκαμψη","Περιγ":" ","x_egsa87":719544.51117565238,"y_egsa87":4331634.0515513029}},{"type":"Feature","id":412,"geometry":{"type":"Point","coordinates":[26.541033987908222,39.108750982865281]},"properties":{"FID":412,"fid_1":413,"ID":413,"Latitude":39.108750999999998,"Longitude":26.541034,"Κόμβο":"Τμήμα οδού Βόρεια Παράκαμψη","Περιγ":" ","x_egsa87":719561.96763417672,"y_egsa87":4331631.8741794806}},{"type":"Feature","id":413,"geometry":{"type":"Point","coordinates":[26.541311987907974,39.108766982865049]},"properties":{"FID":413,"fid_1":414,"ID":414,"Latitude":39.108767,"Longitude":26.541312000000001,"Κόμβο":"Τμήμα οδού Βόρεια Παράκαμψη","Περιγ":" ","x_egsa87":719585.95854845317,"y_egsa87":4331634.3231099192}},{"type":"Feature","id":414,"geometry":{"type":"Point","coordinates":[26.541558987907639,39.10885398286468]},"properties":{"FID":414,"fid_1":415,"ID":415,"Latitude":39.108854000000001,"Longitude":26.541558999999999,"Κόμβο":"Τμήμα οδού Βόρεια Παράκαμψη","Περιγ":" ","x_egsa87":719607.04801806551,"y_egsa87":4331644.577796327}},{"type":"Feature","id":415,"geometry":{"type":"Point","coordinates":[26.541761987907268,39.108984982864264]},"properties":{"FID":415,"fid_1":416,"ID":416,"Latitude":39.108984999999997,"Longitude":26.541761999999999,"Κόμβο":"Τμήμα οδού Βόρεια Παράκαμψη","Περιγ":" ","x_egsa87":719624.19570337771,"y_egsa87":4331659.6098385751}},{"type":"Feature","id":416,"geometry":{"type":"Point","coordinates":[26.54190598790689,39.109156982863858]},"properties":{"FID":416,"fid_1":417,"ID":417,"Latitude":39.109157000000003,"Longitude":26.541906000000001,"Κόμβο":"Τμήμα οδού Βόρεια Παράκαμψη","Περιγ":" ","x_egsa87":719636.1137665672,"y_egsa87":4331679.0498994272}},{"type":"Feature","id":417,"geometry":{"type":"Point","coordinates":[26.54200798790648,39.109366982863371]},"properties":{"FID":417,"fid_1":418,"ID":418,"Latitude":39.109366999999999,"Longitude":26.542007999999999,"Κόμβο":"Τμήμα οδού Βόρεια Παράκαμψη","Περιγ":" ","x_egsa87":719644.28164420044,"y_egsa87":4331702.6061332263}},{"type":"Feature","id":418,"geometry":{"type":"Point","coordinates":[26.542091987906144,39.109535982862987]},"properties":{"FID":418,"fid_1":419,"ID":419,"Latitude":39.109535999999999,"Longitude":26.542092,"Κόμβο":"Τμήμα οδού Βόρεια Παράκαμψη","Περιγ":" ","x_egsa87":719651.02034085977,"y_egsa87":4331721.5679369159}},{"type":"Feature","id":419,"geometry":{"type":"Point","coordinates":[26.542184987905781,39.109717982862556]},"properties":{"FID":419,"fid_1":420,"ID":420,"Latitude":39.109718000000001,"Longitude":26.542185,"Κόμβο":"Τμήμα οδού Βόρεια Παράκαμψη","Περιγ":" ","x_egsa87":719658.49687368004,"y_egsa87":4331741.9944971344}},{"type":"Feature","id":420,"geometry":{"type":"Point","coordinates":[26.542240987905402,39.109935982862083]},"properties":{"FID":420,"fid_1":421,"ID":421,"Latitude":39.109935999999998,"Longitude":26.542241000000001,"Κόμβο":"Τμήμα οδού Βόρεια Παράκαμψη","Περιγ":" ","x_egsa87":719662.66185240191,"y_egsa87":4331766.3273260621}},{"type":"Feature","id":421,"geometry":{"type":"Point","coordinates":[26.542313987905018,39.110141982861634]},"properties":{"FID":421,"fid_1":422,"ID":422,"Latitude":39.110142000000003,"Longitude":26.542314000000001,"Κόμβο":"Τμήμα οδού Βόρεια Παράκαμψη","Περιγ":" ","x_egsa87":719668.33418416767,"y_egsa87":4331789.3693755781}},{"type":"Feature","id":422,"geometry":{"type":"Point","coordinates":[26.54238998790477,39.110257982861384]},"properties":{"FID":422,"fid_1":423,"ID":423,"Latitude":39.110258000000002,"Longitude":26.542390000000001,"Κόμβο":"Τμήμα οδού Βόρεια Παράκαμψη","Περιγ":" ","x_egsa87":719674.54569437285,"y_egsa87":4331802.4290242177}},{"type":"Feature","id":423,"geometry":{"type":"Point","coordinates":[26.542483987904383,39.110456982860931]},"properties":{"FID":423,"fid_1":424,"ID":424,"Latitude":39.110456999999997,"Longitude":26.542484000000002,"Κόμβο":"Τμήμα οδού Βόρεια Παράκαμψη","Περιγ":" ","x_egsa87":719682.05569327693,"y_egsa87":4331824.7449755007}},{"type":"Feature","id":424,"geometry":{"type":"Point","coordinates":[26.542532987903961,39.110708982860402]},"properties":{"FID":424,"fid_1":425,"ID":425,"Latitude":39.110709,"Longitude":26.542532999999999,"Κόμβο":"Τμήμα οδού Βόρεια Παράκαμψη","Περιγ":" ","x_egsa87":719685.50950130785,"y_egsa87":4331852.8347464884}},{"type":"Feature","id":425,"geometry":{"type":"Point","coordinates":[26.542649987903594,39.110872982859981]},"properties":{"FID":425,"fid_1":426,"ID":426,"Latitude":39.110872999999998,"Longitude":26.542649999999998,"Κόμβο":"Τμήμα οδού Βόρεια Παράκαμψη","Περιγ":" ","x_egsa87":719695.11714121886,"y_egsa87":4331871.3215518594}},{"type":"Feature","id":426,"geometry":{"type":"Point","coordinates":[26.54272498790321,39.111083982859519]},"properties":{"FID":426,"fid_1":427,"ID":427,"Latitude":39.111083999999998,"Longitude":26.542725000000001,"Κόμβο":"Τμήμα οδού Βόρεια Παράκαμψη","Περιγ":" ","x_egsa87":719700.94667562493,"y_egsa87":4331894.9234621739}},{"type":"Feature","id":427,"geometry":{"type":"Point","coordinates":[26.542776987902801,39.111317982859042]},"properties":{"FID":427,"fid_1":428,"ID":428,"Latitude":39.111317999999997,"Longitude":26.542777000000001,"Κόμβο":"Τμήμα οδού Βόρεια Παράκαμψη","Περιγ":" ","x_egsa87":719704.71575131908,"y_egsa87":4331921.0225806404}},{"type":"Feature","id":428,"geometry":{"type":"Point","coordinates":[26.542867987902444,39.111496982858633]},"properties":{"FID":428,"fid_1":429,"ID":429,"Latitude":39.111497,"Longitude":26.542867999999999,"Κόμβο":"Τμήμα οδού Βόρεια Παράκαμψη","Περιγ":" ","x_egsa87":719712.02828843438,"y_egsa87":4331941.1113776276}},{"type":"Feature","id":429,"geometry":{"type":"Point","coordinates":[26.542931987902051,39.111719982858141]},"properties":{"FID":429,"fid_1":430,"ID":430,"Latitude":39.111719999999998,"Longitude":26.542932,"Κόμβο":"Τμήμα οδού Βόρεια Παράκαμψη","Περιγ":" ","x_egsa87":719716.86917729629,"y_egsa87":4331966.0186158502}},{"type":"Feature","id":430,"geometry":{"type":"Point","coordinates":[26.543092987901545,39.111956982857549]},"properties":{"FID":430,"fid_1":431,"ID":431,"Latitude":39.111956999999997,"Longitude":26.543092999999999,"Κόμβο":"Τμήμα οδού Βόρεια Παράκαμψη","Περιγ":" ","x_egsa87":719730.05439246341,"y_egsa87":4331992.7148076454}},{"type":"Feature","id":431,"geometry":{"type":"Point","coordinates":[26.543153987901231,39.112124982857196]},"properties":{"FID":431,"fid_1":432,"ID":432,"Latitude":39.112124999999999,"Longitude":26.543154000000001,"Κόμβο":"Τμήμα οδού Βόρεια Παράκαμψη","Περιγ":" ","x_egsa87":719734.8068010062,"y_egsa87":4332011.5099916775}},{"type":"Feature","id":432,"geometry":{"type":"Point","coordinates":[26.543210987900853,39.112337982856729]},"properties":{"FID":432,"fid_1":433,"ID":433,"Latitude":39.112338000000001,"Longitude":26.543210999999999,"Κόμβο":"Τμήμα οδού Βόρεια Παράκαμψη","Περιγ":" ","x_egsa87":719739.07334382448,"y_egsa87":4332035.2903273664}},{"type":"Feature","id":433,"geometry":{"type":"Point","coordinates":[26.543260987900648,39.11244398285649]},"properties":{"FID":433,"fid_1":434,"ID":434,"Latitude":39.112444000000004,"Longitude":26.543261000000001,"Κόμβο":"Τμήμα οδού Βόρεια Παράκαμψη","Περιγ":" ","x_egsa87":719743.06731884833,"y_egsa87":4332047.1770903412}},{"type":"Feature","id":434,"geometry":{"type":"Point","coordinates":[26.54316998790036,39.112671982856135]},"properties":{"FID":434,"fid_1":435,"ID":435,"Latitude":39.112672000000003,"Longitude":26.54317,"Κόμβο":"Τμήμα οδού Βόρεια Παράκαμψη","Περιγ":" ","x_egsa87":719734.48925201432,"y_egsa87":4332072.2637951495}},{"type":"Feature","id":435,"geometry":{"type":"Point","coordinates":[26.543038987900079,39.112919982855736]},"properties":{"FID":435,"fid_1":436,"ID":436,"Latitude":39.112920000000003,"Longitude":26.543039,"Κόμβο":"Τμήμα οδού Βόρεια Παράκαμψη","Περιγ":" ","x_egsa87":719722.39015554823,"y_egsa87":4332099.4735284233}},{"type":"Feature","id":436,"geometry":{"type":"Point","coordinates":[26.542801987899971,39.113110982855567]},"properties":{"FID":436,"fid_1":437,"ID":437,"Latitude":39.113111000000004,"Longitude":26.542801999999998,"Κόμβο":"Τμήμα οδού Βόρεια Παράκαμψη","Περιγ":" ","x_egsa87":719701.30237537017,"y_egsa87":4332120.0996961175}},{"type":"Feature","id":437,"geometry":{"type":"Point","coordinates":[26.542387987899968,39.113321982855432]},"properties":{"FID":437,"fid_1":438,"ID":438,"Latitude":39.113321999999997,"Longitude":26.542387999999999,"Κόμβο":"Τμήμα οδού Βόρεια Παράκαμψη","Περιγ":" ","x_egsa87":719664.84706201416,"y_egsa87":4332142.5171243064}},{"type":"Feature","id":438,"geometry":{"type":"Point","coordinates":[26.542379987899984,39.11332198285546]},"properties":{"FID":438,"fid_1":439,"ID":439,"Latitude":39.113321999999997,"Longitude":26.542380000000001,"Κόμβο":"Τμήμα οδού Βόρεια Παράκαμψη","Περιγ":" ","x_egsa87":719664.15528991423,"y_egsa87":4332142.4977478189}},{"type":"Feature","id":439,"geometry":{"type":"Point","coordinates":[26.54216398790004,39.113392982855466]},"properties":{"FID":439,"fid_1":440,"ID":440,"Latitude":39.113393000000002,"Longitude":26.542164,"Κόμβο":"Τμήμα οδού Βόρεια Παράκαμψη","Περιγ":" ","x_egsa87":719645.25672336505,"y_egsa87":4332149.855350961}},{"type":"Feature","id":440,"geometry":{"type":"Point","coordinates":[26.541924987900106,39.113468982855522]},"properties":{"FID":440,"fid_1":441,"ID":441,"Latitude":39.113469000000002,"Longitude":26.541924999999999,"Κόμβο":"Τμήμα οδού Βόρεια Παράκαμψη","Περιγ":" ","x_egsa87":719624.35381180013,"y_egsa87":4332157.7122825719}},{"type":"Feature","id":441,"geometry":{"type":"Point","coordinates":[26.541636987900191,39.113571982855525]},"properties":{"FID":441,"fid_1":442,"ID":442,"Latitude":39.113571999999998,"Longitude":26.541637000000001,"Κόμβο":"Τμήμα οδού Βόρεια Παράκαμψη","Περιγ":" ","x_egsa87":719599.12993611954,"y_egsa87":4332168.4475236945}},{"type":"Feature","id":442,"geometry":{"type":"Point","coordinates":[26.541393987900221,39.113672982855519]},"properties":{"FID":442,"fid_1":443,"ID":443,"Latitude":39.113672999999999,"Longitude":26.541394,"Κόμβο":"Τμήμα οδού Βόρεια Παράκαμψη","Περιγ":" ","x_egsa87":719577.8035471465,"y_egsa87":4332179.0697998283}},{"type":"Feature","id":443,"geometry":{"type":"Point","coordinates":[26.541228987900205,39.11376498285545]},"properties":{"FID":443,"fid_1":444,"ID":444,"Latitude":39.113765000000001,"Longitude":26.541229000000001,"Κόμβο":"Τμήμα οδού Βόρεια Παράκαμψη","Περιγ":" ","x_egsa87":719563.24992049288,"y_egsa87":4332188.8819964947}},{"type":"Feature","id":444,"geometry":{"type":"Point","coordinates":[26.540951987900254,39.113880982855434]},"properties":{"FID":444,"fid_1":445,"ID":445,"Latitude":39.113880999999999,"Longitude":26.540952000000001,"Κόμβο":"Τμήμα οδού Βόρεια Παράκαμψη","Περιγ":" ","x_egsa87":719538.93702212872,"y_egsa87":4332201.0870074732}},{"type":"Feature","id":445,"geometry":{"type":"Point","coordinates":[26.540749987900181,39.114031982855309]},"properties":{"FID":445,"fid_1":446,"ID":446,"Latitude":39.114032000000002,"Longitude":26.540749999999999,"Κόμβο":"Τμήμα οδού Βόρεια Παράκαμψη","Περιγ":" ","x_egsa87":719521.00075569691,"y_egsa87":4332217.3585004844}},{"type":"Feature","id":446,"geometry":{"type":"Point","coordinates":[26.540578987900037,39.11421098285507]},"properties":{"FID":446,"fid_1":447,"ID":447,"Latitude":39.114210999999997,"Longitude":26.540579000000001,"Κόμβο":"Τμήμα οδού Βόρεια Παράκαμψη","Περιγ":" ","x_egsa87":719505.65815465047,"y_egsa87":4332236.812961326}},{"type":"Feature","id":447,"geometry":{"type":"Point","coordinates":[26.5403939878999,39.114395982854866]},"properties":{"FID":447,"fid_1":448,"ID":448,"Latitude":39.114395999999999,"Longitude":26.540393999999999,"Κόμβο":"Τμήμα οδού Βόρεια Παράκαμψη","Περιγ":" ","x_egsa87":719489.08640455361,"y_egsa87":4332256.8995452411}},{"type":"Feature","id":448,"geometry":{"type":"Point","coordinates":[26.540292987899651,39.114600982854547]},"properties":{"FID":448,"fid_1":449,"ID":449,"Latitude":39.114601,"Longitude":26.540292999999998,"Κόμβο":"Τμήμα οδού Βόρεια Παράκαμψη","Περιγ":" ","x_egsa87":719479.71608100075,"y_egsa87":4332279.4093731046}},{"type":"Feature","id":449,"geometry":{"type":"Point","coordinates":[26.540278987899256,39.114863982854054]},"properties":{"FID":449,"fid_1":450,"ID":450,"Latitude":39.114863999999997,"Longitude":26.540279000000002,"Κόμβο":"Τμήμα οδού Βόρεια Παράκαμψη","Περιγ":" ","x_egsa87":719477.68848790624,"y_egsa87":4332308.5675451159}},{"type":"Feature","id":450,"geometry":{"type":"Point","coordinates":[26.54040798789903,39.114943982853802]},"properties":{"FID":450,"fid_1":451,"ID":451,"Latitude":39.114944000000001,"Longitude":26.540407999999999,"Κόμβο":"Τμήμα οδού Βόρεια Παράκαμψη","Περιγ":" ","x_egsa87":719488.59453071118,"y_egsa87":4332317.7594556874}},{"type":"Feature","id":451,"geometry":{"type":"Point","coordinates":[26.540515987898523,39.115214982853203]},"properties":{"FID":451,"fid_1":452,"ID":452,"Latitude":39.115214999999999,"Longitude":26.540516,"Κόμβο":"Τμήμα οδού Βόρεια Παράκαμψη","Περιγ":" ","x_egsa87":719497.09128521953,"y_egsa87":4332348.1008702191}},{"type":"Feature","id":452,"geometry":{"type":"Point","coordinates":[26.540669987898269,39.115292982852935]},"properties":{"FID":452,"fid_1":453,"ID":453,"Latitude":39.115293000000001,"Longitude":26.540669999999999,"Κόμβο":"Τμήμα οδού Βόρεια Παράκαμψη","Περιγ":" ","x_egsa87":719510.16518873069,"y_egsa87":4332357.1313299127}},{"type":"Feature","id":453,"geometry":{"type":"Point","coordinates":[26.540888987897915,39.115402982852551]},"properties":{"FID":453,"fid_1":454,"ID":454,"Latitude":39.115403000000001,"Longitude":26.540889,"Κόμβο":"Τμήμα οδού Βόρεια Παράκαμψη","Περιγ":" ","x_egsa87":719528.76011262683,"y_egsa87":4332369.8710397882}},{"type":"Feature","id":454,"geometry":{"type":"Point","coordinates":[26.541165987897436,39.115569982852023]},"properties":{"FID":454,"fid_1":455,"ID":455,"Latitude":39.115569999999998,"Longitude":26.541166,"Κόμβο":"Τμήμα οδού Βόρεια Παράκαμψη","Περιγ":" ","x_egsa87":719552.19303184422,"y_egsa87":4332389.0780056333}},{"type":"Feature","id":455,"geometry":{"type":"Point","coordinates":[26.541354987897147,39.115649982851757]},"properties":{"FID":455,"fid_1":456,"ID":456,"Latitude":39.115650000000002,"Longitude":26.541354999999999,"Κόμβο":"Τμήμα οδού Βόρεια Παράκαμψη","Περιγ":" ","x_egsa87":719568.28699270252,"y_egsa87":4332398.4152946323}},{"type":"Feature","id":456,"geometry":{"type":"Point","coordinates":[26.54152398789693,39.115702982851488]},"properties":{"FID":456,"fid_1":457,"ID":457,"Latitude":39.115703000000003,"Longitude":26.541523999999999,"Κόμβο":"Τμήμα οδού Βόρεια Παράκαμψη","Περιγ":" ","x_egsa87":719582.73546450969,"y_egsa87":4332404.7072887039}},{"type":"Feature","id":457,"geometry":{"type":"Point","coordinates":[26.541901987896601,39.115723982851193]},"properties":{"FID":457,"fid_1":458,"ID":458,"Latitude":39.115724,"Longitude":26.541902,"Κόμβο":"Τμήμα οδού Βόρεια Παράκαμψη","Περιγ":" ","x_egsa87":719615.35531020002,"y_egsa87":4332407.9535269607}},{"type":"Feature","id":458,"geometry":{"type":"Point","coordinates":[26.542195987896374,39.115716982850998]},"properties":{"FID":458,"fid_1":459,"ID":459,"Latitude":39.115716999999997,"Longitude":26.542196000000001,"Κόμβο":"Τμήμα οδού Βόρεια Παράκαμψη","Περιγ":" ","x_egsa87":719640.7988309646,"y_egsa87":4332407.8885562643}},{"type":"Feature","id":459,"geometry":{"type":"Point","coordinates":[26.542486987896154,39.115707982850786]},"properties":{"FID":459,"fid_1":460,"ID":460,"Latitude":39.115707999999998,"Longitude":26.542487000000001,"Κόμβο":"Τμήμα οδού Βόρεια Παράκαμψη","Περιγ":" ","x_egsa87":719665.98917076958,"y_egsa87":4332407.5944084665}},{"type":"Feature","id":460,"geometry":{"type":"Point","coordinates":[26.542739987895942,39.115712982850582]},"properties":{"FID":460,"fid_1":461,"ID":461,"Latitude":39.115713,"Longitude":26.542739999999998,"Κόμβο":"Τμήμα οδού Βόρεια Παράκαμψη","Περιγ":" ","x_egsa87":719687.85017675441,"y_egsa87":4332408.7622382939}},{"type":"Feature","id":461,"geometry":{"type":"Point","coordinates":[26.542916987895762,39.115736982850407]},"properties":{"FID":461,"fid_1":462,"ID":462,"Latitude":39.115737000000003,"Longitude":26.542916999999999,"Κόμβο":"Τμήμα οδού Βόρεια Παράκαμψη","Περιγ":" ","x_egsa87":719703.08048152679,"y_egsa87":4332411.8549407516}},{"type":"Feature","id":462,"geometry":{"type":"Point","coordinates":[26.543182987895538,39.115744982850174]},"properties":{"FID":462,"fid_1":463,"ID":463,"Latitude":39.115744999999997,"Longitude":26.543182999999999,"Κόμβο":"Τμήμα οδού Βόρεια Παράκαμψη","Περιγ":" ","x_egsa87":719726.05623821402,"y_egsa87":4332413.3873611521}},{"type":"Feature","id":463,"geometry":{"type":"Point","coordinates":[26.54341198789535,39.115742982850001]},"properties":{"FID":463,"fid_1":464,"ID":464,"Latitude":39.115743000000002,"Longitude":26.543412,"Κόμβο":"Τμήμα οδού Βόρεια Παράκαμψη","Περιγ":" ","x_egsa87":719745.86375859054,"y_egsa87":4332413.7202296425}},{"type":"Feature","id":464,"geometry":{"type":"Point","coordinates":[26.543762987895075,39.115737982849772]},"properties":{"FID":464,"fid_1":465,"ID":465,"Latitude":39.115738,"Longitude":26.543762999999998,"Κόμβο":"Τμήμα οδού Βόρεια Παράκαμψη","Περιγ":" ","x_egsa87":719776.22977859166,"y_egsa87":4332414.015808857}},{"type":"Feature","id":465,"geometry":{"type":"Point","coordinates":[26.543933987894935,39.115745982849639]},"properties":{"FID":465,"fid_1":466,"ID":466,"Latitude":39.115746000000001,"Longitude":26.543934,"Κόμβο":"Τμήμα οδού Βόρεια Παράκαμψη","Περιγ":" ","x_egsa87":719790.99101607804,"y_egsa87":4332415.318199438}},{"type":"Feature","id":466,"geometry":{"type":"Point","coordinates":[26.544267987894656,39.115749982849366]},"properties":{"FID":466,"fid_1":467,"ID":467,"Latitude":39.115749999999998,"Longitude":26.544267999999999,"Κόμβο":"Τμήμα οδού Βόρεια Παράκαμψη","Περιγ":" ","x_egsa87":719819.85907147673,"y_egsa87":4332416.5717153819}},{"type":"Feature","id":467,"geometry":{"type":"Point","coordinates":[26.544524987894416,39.115771982849161]},"properties":{"FID":467,"fid_1":468,"ID":468,"Latitude":39.115772,"Longitude":26.544525,"Κόμβο":"Τμήμα οδού Βόρεια Παράκαμψη","Περιγ":" ","x_egsa87":719842.01303356548,"y_egsa87":4332419.6366125029}},{"type":"Feature","id":468,"geometry":{"type":"Point","coordinates":[26.544804987894114,39.11581498284886]},"properties":{"FID":468,"fid_1":469,"ID":469,"Latitude":39.115814999999998,"Longitude":26.544805,"Κόμβο":"Τμήμα οδού Βόρεια Παράκαμψη","Περιγ":" ","x_egsa87":719866.09040375368,"y_egsa87":4332425.0882605826}},{"type":"Feature","id":469,"geometry":{"type":"Point","coordinates":[26.544872987894244,39.115698982849025]},"properties":{"FID":469,"fid_1":470,"ID":470,"Latitude":39.115698999999999,"Longitude":26.544872999999999,"Κόμβο":"Τμήμα οδού Βόρεια Παράκαμψη","Περιγ":" ","x_egsa87":719872.33127814368,"y_egsa87":4332412.3775294144}},{"type":"Feature","id":470,"geometry":{"type":"Point","coordinates":[26.545047987893849,39.115859982848555]},"properties":{"FID":470,"fid_1":471,"ID":471,"Latitude":39.115859999999998,"Longitude":26.545048000000001,"Κόμβο":"Τμήμα οδού Βόρεια Παράκαμψη","Περιγ":" ","x_egsa87":719886.96218814212,"y_egsa87":4332430.6722643003}},{"type":"Feature","id":471,"geometry":{"type":"Point","coordinates":[26.54525898789354,39.115949982848257]},"properties":{"FID":471,"fid_1":472,"ID":472,"Latitude":39.115949999999998,"Longitude":26.545259000000001,"Κόμβο":"Τμήμα οδού Βόρεια Παράκαμψη","Περιγ":" ","x_egsa87":719904.92688653816,"y_egsa87":4332441.1735718744}},{"type":"Feature","id":472,"geometry":{"type":"Point","coordinates":[26.545517987893145,39.116069982847847]},"properties":{"FID":472,"fid_1":473,"ID":473,"Latitude":39.116070000000001,"Longitude":26.545518000000001,"Κόμβο":"Τμήμα οδού Βόρεια Παράκαμψη","Περιγ":" ","x_egsa87":719926.94862256479,"y_egsa87":4332455.1212218199}},{"type":"Feature","id":473,"geometry":{"type":"Point","coordinates":[26.545728987892915,39.116109982847576]},"properties":{"FID":473,"fid_1":474,"ID":474,"Latitude":39.116109999999999,"Longitude":26.545729000000001,"Κόμβο":"Τμήμα οδού Βόρεια Παράκαμψη","Περιγ":" ","x_egsa87":719945.06887939433,"y_egsa87":4332460.0727999648}},{"type":"Feature","id":474,"geometry":{"type":"Point","coordinates":[26.545942987892584,39.116206982847238]},"properties":{"FID":474,"fid_1":475,"ID":475,"Latitude":39.116207000000003,"Longitude":26.545943000000001,"Κόμβο":"Τμήμα οδού Βόρεια Παράκαμψη","Περιγ":" ","x_egsa87":719963.27104777074,"y_egsa87":4332471.3584992131}},{"type":"Feature","id":475,"geometry":{"type":"Point","coordinates":[26.546230987892173,39.11632498284682]},"properties":{"FID":475,"fid_1":476,"ID":476,"Latitude":39.116325000000003,"Longitude":26.546230999999999,"Κόμβο":"Τμήμα οδού Βόρεια Παράκαμψη","Περιγ":" ","x_egsa87":719987.80639854213,"y_egsa87":4332485.1546756541}},{"type":"Feature","id":476,"geometry":{"type":"Point","coordinates":[26.54648398789179,39.11643898284639]},"properties":{"FID":476,"fid_1":477,"ID":477,"Latitude":39.116439,"Longitude":26.546484,"Κόμβο":"Τμήμα οδού Βόρεια Παράκαμψη","Περιγ":" ","x_egsa87":720009.32775208261,"y_egsa87":4332498.4220349221}},{"type":"Feature","id":477,"geometry":{"type":"Point","coordinates":[26.546725987891413,39.116553982846]},"properties":{"FID":477,"fid_1":478,"ID":478,"Latitude":39.116554000000001,"Longitude":26.546726,"Κόμβο":"Τμήμα οδού Βόρεια Παράκαμψη","Περιγ":" ","x_egsa87":720029.89477666852,"y_egsa87":4332511.7737641027}},{"type":"Feature","id":478,"geometry":{"type":"Point","coordinates":[26.546975987891084,39.116633982845656]},"properties":{"FID":478,"fid_1":479,"ID":479,"Latitude":39.116633999999998,"Longitude":26.546976000000001,"Κόμβο":"Τμήμα οδού Βόρεια Παράκαμψη","Περιγ":" ","x_egsa87":720051.26249258115,"y_egsa87":4332521.2600831799}},{"type":"Feature","id":479,"geometry":{"type":"Point","coordinates":[26.547179987890782,39.116724982845341]},"properties":{"FID":479,"fid_1":480,"ID":480,"Latitude":39.116725000000002,"Longitude":26.547180000000001,"Κόμβο":"Τμήμα οδού Βόρεια Παράκαμψη","Περιγ":" ","x_egsa87":720068.61839227192,"y_egsa87":4332531.8557956666}},{"type":"Feature","id":480,"geometry":{"type":"Point","coordinates":[26.547431987890363,39.116860982844869]},"properties":{"FID":480,"fid_1":481,"ID":481,"Latitude":39.116861,"Longitude":26.547432000000001,"Κόμβο":"Τμήμα οδού Βόρεια Παράκαμψη","Περιγ":" ","x_egsa87":720089.98448295728,"y_egsa87":4332547.5628858404}},{"type":"Feature","id":481,"geometry":{"type":"Point","coordinates":[26.547655987890078,39.116927982844587]},"properties":{"FID":481,"fid_1":482,"ID":482,"Latitude":39.116928000000001,"Longitude":26.547656,"Κόμβο":"Τμήμα οδού Βόρεια Παράκαμψη","Περιγ":" ","x_egsa87":720109.14439462509,"y_egsa87":4332555.5433143731}},{"type":"Feature","id":482,"geometry":{"type":"Point","coordinates":[26.547902987889756,39.117006982844245]},"properties":{"FID":482,"fid_1":483,"ID":483,"Latitude":39.117007000000001,"Longitude":26.547903000000002,"Κόμβο":"Τμήμα οδού Βόρεια Παράκαμψη","Περιγ":" ","x_egsa87":720130.25562083116,"y_egsa87":4332564.9115800168}},{"type":"Feature","id":483,"geometry":{"type":"Point","coordinates":[26.548128987889466,39.11707098284397]},"properties":{"FID":483,"fid_1":484,"ID":484,"Latitude":39.117071000000003,"Longitude":26.548128999999999,"Κόμβο":"Τμήμα οδού Βόρεια Παράκαμψη","Περιγ":" ","x_egsa87":720149.59773743758,"y_egsa87":4332572.5639760224}},{"type":"Feature","id":484,"geometry":{"type":"Point","coordinates":[26.548365987889184,39.117133982843647]},"properties":{"FID":484,"fid_1":485,"ID":485,"Latitude":39.117134,"Longitude":26.548366000000001,"Κόμβο":"Τμήμα οδού Βόρεια Παράκαμψη","Περιγ":" ","x_egsa87":720169.89407178271,"y_egsa87":4332580.13213092}},{"type":"Feature","id":485,"geometry":{"type":"Point","coordinates":[26.54854498788896,39.117186982843414]},"properties":{"FID":485,"fid_1":486,"ID":486,"Latitude":39.117187000000001,"Longitude":26.548545000000001,"Κόμβο":"Τμήμα οδού Βόρεια Παράκαμψη","Περιγ":" ","x_egsa87":720185.20646080154,"y_egsa87":4332586.4495480284}},{"type":"Feature","id":486,"geometry":{"type":"Point","coordinates":[26.548826987888603,39.117267982843067]},"properties":{"FID":486,"fid_1":487,"ID":487,"Latitude":39.117268000000003,"Longitude":26.548826999999999,"Κόμβο":"Τμήμα οδού Βόρεια Παράκαμψη","Περιγ":" ","x_egsa87":720209.33762686071,"y_egsa87":4332596.1250083111}},{"type":"Feature","id":487,"geometry":{"type":"Point","coordinates":[26.549123987888269,39.117327982842717]},"properties":{"FID":487,"fid_1":488,"ID":488,"Latitude":39.117328000000001,"Longitude":26.549123999999999,"Κόμβο":"Τμήμα οδού Βόρεια Παράκαμψη","Περιγ":" ","x_egsa87":720234.83120579796,"y_egsa87":4332603.5060452316}},{"type":"Feature","id":488,"geometry":{"type":"Point","coordinates":[26.549504987887797,39.11744198284223]},"properties":{"FID":488,"fid_1":489,"ID":489,"Latitude":39.117441999999997,"Longitude":26.549505,"Κόμβο":"Τμήμα οδού Βόρεια Παράκαμψη","Περιγ":" ","x_egsa87":720267.41956684692,"y_egsa87":4332617.0850103255}},{"type":"Feature","id":489,"geometry":{"type":"Point","coordinates":[26.549805987887435,39.117512982841859]},"properties":{"FID":489,"fid_1":490,"ID":490,"Latitude":39.117513000000002,"Longitude":26.549806,"Κόμβο":"Τμήμα οδού Βόρεια Παράκαμψη","Περιγ":" ","x_egsa87":720293.22459855396,"y_egsa87":4332625.6969208093}},{"type":"Feature","id":490,"geometry":{"type":"Point","coordinates":[26.550135987887018,39.117602982841426]},"properties":{"FID":490,"fid_1":491,"ID":491,"Latitude":39.117603000000003,"Longitude":26.550135999999998,"Κόμβο":"Τμήμα οδού Βόρεια Παράκαμψη","Περιγ":" ","x_egsa87":720321.47784742049,"y_egsa87":4332636.4883104442}},{"type":"Feature","id":491,"geometry":{"type":"Point","coordinates":[26.565766987918543,39.089458982884089]},"properties":{"FID":491,"fid_1":492,"ID":492,"Latitude":39.089458999999998,"Longitude":26.565767000000001,"Κόμβο":"Τμήμα οδού Έξοδος Μυτιλήνης προς αεροδρόμιο","Περιγ":"πίλαρ","x_egsa87":721761.32268433296,"y_egsa87":4329550.6903915945}},{"type":"Feature","id":492,"geometry":{"type":"Point","coordinates":[26.565986987918631,39.089287982884258]},"properties":{"FID":492,"fid_1":493,"ID":493,"Latitude":39.089288000000003,"Longitude":26.565987,"Κόμβο":"Τμήμα οδού Έξοδος Μυτιλήνης προς αεροδρόμιο","Περιγ":" ","x_egsa87":721780.88922419946,"y_egsa87":4329532.2476878148}},{"type":"Feature","id":493,"geometry":{"type":"Point","coordinates":[26.566155987918791,39.089094982884525]},"properties":{"FID":493,"fid_1":494,"ID":494,"Latitude":39.089095,"Longitude":26.566155999999999,"Κόμβο":"Τμήμα οδού Έξοδος Μυτιλήνης προς αεροδρόμιο","Περιγ":" ","x_egsa87":721796.11328165792,"y_egsa87":4329511.2384457802}},{"type":"Feature","id":494,"geometry":{"type":"Point","coordinates":[26.566327987918992,39.088879982884812]},"properties":{"FID":494,"fid_1":495,"ID":495,"Latitude":39.088880000000003,"Longitude":26.566327999999999,"Κόμβο":"Τμήμα οδού Έξοδος Μυτιλήνης προς αεροδρόμιο","Περιγ":" ","x_egsa87":721811.66592900676,"y_egsa87":4329487.7946415804}},{"type":"Feature","id":495,"geometry":{"type":"Point","coordinates":[26.56650698791918,39.088671982885067]},"properties":{"FID":495,"fid_1":496,"ID":496,"Latitude":39.088672000000003,"Longitude":26.566507000000001,"Κόμβο":"Τμήμα οδού Έξοδος Μυτιλήνης προς αεροδρόμιο","Περιγ":" ","x_egsa87":721827.80222033348,"y_egsa87":4329465.1449527191}},{"type":"Feature","id":496,"geometry":{"type":"Point","coordinates":[26.566718987919273,39.088497982885229]},"properties":{"FID":496,"fid_1":497,"ID":497,"Latitude":39.088498000000001,"Longitude":26.566718999999999,"Κόμβο":"Τμήμα οδού Έξοδος Μυτιλήνης προς αεροδρόμιο","Περιγ":" ","x_egsa87":721846.68651367608,"y_egsa87":4329446.3498528199}},{"type":"Feature","id":497,"geometry":{"type":"Point","coordinates":[26.567198987919401,39.088171982885505]},"properties":{"FID":497,"fid_1":498,"ID":498,"Latitude":39.088172,"Longitude":26.567198999999999,"Κόμβο":"Τμήμα οδού Έξοδος Μυτιλήνης προς αεροδρόμιο","Περιγ":" ","x_egsa87":721889.23048812395,"y_egsa87":4329411.3386363387}},{"type":"Feature","id":498,"geometry":{"type":"Point","coordinates":[26.567199987919395,39.088173982885507]},"properties":{"FID":498,"fid_1":499,"ID":499,"Latitude":39.088174000000002,"Longitude":26.5672,"Κόμβο":"Τμήμα οδού Έξοδος Μυτιλήνης προς αεροδρόμιο","Περιγ":" ","x_egsa87":721889.31071538979,"y_egsa87":4329411.5630745729}},{"type":"Feature","id":499,"geometry":{"type":"Point","coordinates":[26.567466987919467,39.087994982885647]},"properties":{"FID":499,"fid_1":500,"ID":500,"Latitude":39.087994999999999,"Longitude":26.567467000000001,"Κόμβο":"Τμήμα οδού Έξοδος Μυτιλήνης προς αεροδρόμιο","Περιγ":" ","x_egsa87":721912.96862979943,"y_egsa87":4329392.3476333488}},{"type":"Feature","id":500,"geometry":{"type":"Point","coordinates":[26.567722987919506,39.087831982885788]},"properties":{"FID":500,"fid_1":501,"ID":501,"Latitude":39.087831999999999,"Longitude":26.567723000000001,"Κόμβο":"Τμήμα οδού Έξοδος Μυτιλήνης προς αεροδρόμιο","Περιγ":" ","x_egsa87":721935.62491295533,"y_egsa87":4329374.8812987991}},{"type":"Feature","id":501,"geometry":{"type":"Point","coordinates":[26.567973987919579,39.087657982885915]},"properties":{"FID":501,"fid_1":502,"ID":502,"Latitude":39.087657999999998,"Longitude":26.567974,"Κόμβο":"Τμήμα οδού Έξοδος Μυτιλήνης προς αεροδρόμιο","Περιγ":" ","x_egsa87":721957.88330568117,"y_egsa87":4329356.1818343271}},{"type":"Feature","id":502,"geometry":{"type":"Point","coordinates":[26.568200987919646,39.087498982886075]},"properties":{"FID":502,"fid_1":503,"ID":503,"Latitude":39.087499000000001,"Longitude":26.568200999999998,"Κόμβο":"Τμήμα οδού Έξοδος Μυτιλήνης προς αεροδρόμιο","Περιγ":" ","x_egsa87":721978.01863671339,"y_egsa87":4329339.088666073}},{"type":"Feature","id":503,"geometry":{"type":"Point","coordinates":[26.568437987919722,39.087331982886219]},"properties":{"FID":503,"fid_1":504,"ID":504,"Latitude":39.087332000000004,"Longitude":26.568438,"Κόμβο":"Τμήμα οδού Έξοδος Μυτιλήνης προς αεροδρόμιο","Περιγ":" ","x_egsa87":721999.04420530575,"y_egsa87":4329321.1320388019}},{"type":"Feature","id":504,"geometry":{"type":"Point","coordinates":[26.56867098791977,39.087178982886343]},"properties":{"FID":504,"fid_1":505,"ID":505,"Latitude":39.087178999999999,"Longitude":26.568670999999998,"Κόμβο":"Τμήμα οδού Έξοδος Μυτιλήνης προς αεροδρόμιο","Περιγ":" ","x_egsa87":722019.67990205821,"y_egsa87":4329304.7196281422}},{"type":"Feature","id":505,"geometry":{"type":"Point","coordinates":[26.568925987919837,39.087005982886495]},"properties":{"FID":505,"fid_1":506,"ID":506,"Latitude":39.087006000000002,"Longitude":26.568926000000001,"Κόμβο":"Τμήμα οδού Έξοδος Μυτιλήνης προς αεροδρόμιο","Περιγ":" ","x_egsa87":722042.28156974888,"y_egsa87":4329286.1411707196}},{"type":"Feature","id":506,"geometry":{"type":"Point","coordinates":[26.569199987919891,39.086829982886599]},"properties":{"FID":506,"fid_1":507,"ID":507,"Latitude":39.086829999999999,"Longitude":26.569199999999999,"Κόμβο":"Τμήμα οδού Έξοδος Μυτιλήνης προς αεροδρόμιο","Περιγ":" ","x_egsa87":722066.53634667443,"y_egsa87":4329267.2762809778}},{"type":"Feature","id":507,"geometry":{"type":"Point","coordinates":[26.569411987920002,39.086646982886791]},"properties":{"FID":507,"fid_1":508,"ID":508,"Latitude":39.086646999999999,"Longitude":26.569412,"Κόμβο":"Τμήμα οδού Έξοδος Μυτιλήνης προς αεροδρόμιο","Περιγ":" ","x_egsa87":722085.44994078949,"y_egsa87":4329247.4827469755}},{"type":"Feature","id":508,"geometry":{"type":"Point","coordinates":[26.569686987920033,39.086485982886906]},"properties":{"FID":508,"fid_1":509,"ID":509,"Latitude":39.086486000000001,"Longitude":26.569686999999998,"Κόμβο":"Τμήμα οδού Έξοδος Μυτιλήνης προς αεροδρόμιο","Περιγ":" ","x_egsa87":722109.74433583615,"y_egsa87":4329230.2853769343}},{"type":"Feature","id":509,"geometry":{"type":"Point","coordinates":[26.569974987920034,39.086341982886964]},"properties":{"FID":509,"fid_1":510,"ID":510,"Latitude":39.086342000000002,"Longitude":26.569974999999999,"Κόμβο":"Τμήμα οδού Έξοδος Μυτιλήνης προς αεροδρόμιο","Περιγ":" ","x_egsa87":722135.11000658234,"y_egsa87":4329215.0068409517}},{"type":"Feature","id":510,"geometry":{"type":"Point","coordinates":[26.570232987920061,39.086186982887085]},"properties":{"FID":510,"fid_1":511,"ID":511,"Latitude":39.086187000000002,"Longitude":26.570233000000002,"Κόμβο":"Τμήμα οδού Έξοδος Μυτιλήνης προς αεροδρόμιο","Περιγ":" ","x_egsa87":722157.9151791404,"y_egsa87":4329198.4339764984}},{"type":"Feature","id":511,"geometry":{"type":"Point","coordinates":[26.570415987920139,39.086044982887216]},"properties":{"FID":511,"fid_1":512,"ID":512,"Latitude":39.086044999999999,"Longitude":26.570416000000002,"Κόμβο":"Τμήμα οδού Έξοδος Μυτιλήνης προς αεροδρόμιο","Περιγ":" ","x_egsa87":722174.19171033031,"y_egsa87":4329183.1205019187}},{"type":"Feature","id":512,"geometry":{"type":"Point","coordinates":[26.570691987920206,39.085858982887366]},"properties":{"FID":512,"fid_1":513,"ID":513,"Latitude":39.085858999999999,"Longitude":26.570692000000001,"Κόμβο":"Τμήμα οδού Έξοδος Μυτιλήνης προς αεροδρόμιο","Περιγ":" ","x_egsa87":722198.65155413374,"y_egsa87":4329163.1509270892}},{"type":"Feature","id":513,"geometry":{"type":"Point","coordinates":[26.570987987920212,39.085702982887462]},"properties":{"FID":513,"fid_1":514,"ID":514,"Latitude":39.085703000000002,"Longitude":26.570988,"Κόμβο":"Τμήμα οδού Έξοδος Μυτιλήνης προς αεροδρόμιο","Περιγ":" ","x_egsa87":722224.74737281329,"y_egsa87":4329146.5602957122}},{"type":"Feature","id":514,"geometry":{"type":"Point","coordinates":[26.571197987920229,39.08558998288752]},"properties":{"FID":514,"fid_1":515,"ID":515,"Latitude":39.085590000000003,"Longitude":26.571197999999999,"Κόμβο":"Τμήμα οδού Έξοδος Μυτιλήνης προς αεροδρόμιο","Περιγ":" ","x_egsa87":722243.26867052633,"y_egsa87":4329134.5319733908}},{"type":"Feature","id":515,"geometry":{"type":"Point","coordinates":[26.571481987920329,39.08537398288771]},"properties":{"FID":515,"fid_1":516,"ID":516,"Latitude":39.085374000000002,"Longitude":26.571482,"Κόμβο":"Τμήμα οδού Έξοδος Μυτιλήνης προς αεροδρόμιο","Περιγ":" ","x_egsa87":722268.51517476444,"y_egsa87":4329111.252300418}},{"type":"Feature","id":516,"geometry":{"type":"Point","coordinates":[26.571731987920383,39.085205982887864]},"properties":{"FID":516,"fid_1":517,"ID":517,"Latitude":39.085205999999999,"Longitude":26.571732000000001,"Κόμβο":"Τμήμα οδού Έξοδος Μυτιλήνης προς αεροδρόμιο","Περιγ":" ","x_egsa87":722290.66974319611,"y_egsa87":4329093.2172494456}},{"type":"Feature","id":517,"geometry":{"type":"Point","coordinates":[26.571725987920381,39.085220982887833]},"properties":{"FID":517,"fid_1":518,"ID":518,"Latitude":39.085220999999997,"Longitude":26.571726000000002,"Κόμβο":"Τμήμα οδού Έξοδος Μυτιλήνης προς αεροδρόμιο","Περιγ":" ","x_egsa87":722290.10355953977,"y_egsa87":4329094.8674996598}},{"type":"Feature","id":518,"geometry":{"type":"Point","coordinates":[26.571969987920394,39.085082982887918]},"properties":{"FID":518,"fid_1":519,"ID":519,"Latitude":39.085082999999997,"Longitude":26.57197,"Κόμβο":"Τμήμα οδού Έξοδος Μυτιλήνης προς αεροδρόμιο","Περιγ":" ","x_egsa87":722311.64488508634,"y_egsa87":4329080.1477023493}},{"type":"Feature","id":519,"geometry":{"type":"Point","coordinates":[26.572234987920449,39.084912982888056]},"properties":{"FID":519,"fid_1":520,"ID":520,"Latitude":39.084913,"Longitude":26.572234999999999,"Κόμβο":"Τμήμα οδού Έξοδος Μυτιλήνης προς αεροδρόμιο","Περιγ":" ","x_egsa87":722335.10352935817,"y_egsa87":4329061.9275232265}},{"type":"Feature","id":520,"geometry":{"type":"Point","coordinates":[26.5719589879204,39.085078982887921]},"properties":{"FID":520,"fid_1":521,"ID":521,"Latitude":39.085079,"Longitude":26.571959,"Κόμβο":"Τμήμα οδού Έξοδος Μυτιλήνης προς αεροδρόμιο","Περιγ":" ","x_egsa87":722310.7058867662,"y_egsa87":4329079.6767686838}},{"type":"Feature","id":521,"geometry":{"type":"Point","coordinates":[26.571959987920408,39.085079982887926]},"properties":{"FID":521,"fid_1":522,"ID":522,"Latitude":39.085079999999998,"Longitude":26.571960000000001,"Κόμβο":"Τμήμα οδού Έξοδος Μυτιλήνης προς αεροδρόμιο","Περιγ":" ","x_egsa87":722310.78924996429,"y_egsa87":4329079.7902149716}},{"type":"Feature","id":522,"geometry":{"type":"Point","coordinates":[26.572208987920433,39.084939982888031]},"properties":{"FID":522,"fid_1":523,"ID":523,"Latitude":39.084940000000003,"Longitude":26.572209000000001,"Κόμβο":"Τμήμα οδού Έξοδος Μυτιλήνης προς αεροδρόμιο","Περιγ":" ","x_egsa87":722332.76947727404,"y_egsa87":4329064.8607282881}},{"type":"Feature","id":523,"geometry":{"type":"Point","coordinates":[26.57247598792047,39.084771982888121]},"properties":{"FID":523,"fid_1":524,"ID":524,"Latitude":39.084772000000001,"Longitude":26.572476000000002,"Κόμβο":"Τμήμα οδού Έξοδος Μυτιλήνης προς αεροδρόμιο","Περιγ":" ","x_egsa87":722356.39494286408,"y_egsa87":4329046.8675021147}},{"type":"Feature","id":524,"geometry":{"type":"Point","coordinates":[26.572749987920474,39.0846309828882]},"properties":{"FID":524,"fid_1":525,"ID":525,"Latitude":39.084631000000002,"Longitude":26.572749999999999,"Κόμβο":"Τμήμα οδού Έξοδος Μυτιλήνης προς αεροδρόμιο","Περιγ":" ","x_egsa87":722380.54117236205,"y_egsa87":4329031.8884023521}},{"type":"Feature","id":525,"geometry":{"type":"Point","coordinates":[26.573017987920501,39.084479982888304]},"properties":{"FID":525,"fid_1":526,"ID":526,"Latitude":39.084479999999999,"Longitude":26.573018000000001,"Κόμβο":"Τμήμα οδού Έξοδος Μυτιλήνης προς αεροδρόμιο","Περιγ":" ","x_egsa87":722404.19989836193,"y_egsa87":4329015.7847032677}},{"type":"Feature","id":526,"geometry":{"type":"Point","coordinates":[26.573264987920549,39.084317982888436]},"properties":{"FID":526,"fid_1":527,"ID":527,"Latitude":39.084318000000003,"Longitude":26.573264999999999,"Κόμβο":"Τμήμα οδού Έξοδος Μυτιλήνης προς αεροδρόμιο","Περιγ":" ","x_egsa87":722426.07665996207,"y_egsa87":4328998.408638427}},{"type":"Feature","id":527,"geometry":{"type":"Point","coordinates":[26.573511987920611,39.084154982888542]},"properties":{"FID":527,"fid_1":528,"ID":528,"Latitude":39.084155000000003,"Longitude":26.573512000000001,"Κόμβο":"Τμήμα οδού Έξοδος Μυτιλήνης προς αεροδρόμιο","Περιγ":" ","x_egsa87":722447.95666376175,"y_egsa87":4328980.9216342401}},{"type":"Feature","id":528,"geometry":{"type":"Point","coordinates":[26.574004987920702,39.083839982888804]},"properties":{"FID":528,"fid_1":529,"ID":529,"Latitude":39.083840000000002,"Longitude":26.574005,"Κόμβο":"Τμήμα οδού Έξοδος Μυτιλήνης προς αεροδρόμιο","Περιγ":" ","x_egsa87":722491.59585312195,"y_egsa87":4328947.1663074587}},{"type":"Feature","id":529,"geometry":{"type":"Point","coordinates":[26.574003987920705,39.083839982888819]},"properties":{"FID":529,"fid_1":530,"ID":530,"Latitude":39.083840000000002,"Longitude":26.574003999999999,"Κόμβο":"Τμήμα οδού Έξοδος Μυτιλήνης προς αεροδρόμιο","Περιγ":" ","x_egsa87":722491.50934506557,"y_egsa87":4328947.1638557501}},{"type":"Feature","id":530,"geometry":{"type":"Point","coordinates":[26.574242987920755,39.083682982888924]},"properties":{"FID":530,"fid_1":531,"ID":531,"Latitude":39.083683000000001,"Longitude":26.574242999999999,"Κόμβο":"Τμήμα οδού Έξοδος Μυτιλήνης προς αεροδρόμιο","Περιγ":" ","x_egsa87":722512.67869598616,"y_egsa87":4328930.3233863013}},{"type":"Feature","id":531,"geometry":{"type":"Point","coordinates":[26.574484987920808,39.083528982889028]},"properties":{"FID":531,"fid_1":532,"ID":532,"Latitude":39.083528999999999,"Longitude":26.574484999999999,"Κόμβο":"Τμήμα οδού Έξοδος Μυτιλήνης προς αεροδρόμιο","Περιγ":" ","x_egsa87":722534.09822435409,"y_egsa87":4328913.823316454}},{"type":"Feature","id":532,"geometry":{"type":"Point","coordinates":[26.574766987920825,39.083370982889143]},"properties":{"FID":532,"fid_1":533,"ID":533,"Latitude":39.083371,"Longitude":26.574767000000001,"Κόμβο":"Τμήμα οδού Έξοδος Μυτιλήνης προς αεροδρόμιο","Περιγ":" ","x_egsa87":722558.99077517237,"y_egsa87":4328896.977411747}},{"type":"Feature","id":533,"geometry":{"type":"Point","coordinates":[26.575006987920869,39.083213982889255]},"properties":{"FID":533,"fid_1":534,"ID":534,"Latitude":39.083213999999998,"Longitude":26.575006999999999,"Κόμβο":"Τμήμα οδού Έξοδος Μυτιλήνης προς αεροδρόμιο","Περιγ":" ","x_egsa87":722580.24691636465,"y_egsa87":4328880.1395659093}},{"type":"Feature","id":534,"geometry":{"type":"Point","coordinates":[26.575250987920978,39.083024982889441]},"properties":{"FID":534,"fid_1":535,"ID":535,"Latitude":39.083024999999999,"Longitude":26.575251000000002,"Κόμβο":"Τμήμα οδού Έξοδος Μυτιλήνης προς αεροδρόμιο","Περιγ":" ","x_egsa87":722601.94989560836,"y_egsa87":4328859.7596964333}},{"type":"Feature","id":535,"geometry":{"type":"Point","coordinates":[26.575503987920992,39.082880982889534]},"properties":{"FID":535,"fid_1":536,"ID":536,"Latitude":39.082881,"Longitude":26.575503999999999,"Κόμβο":"Τμήμα οδού Έξοδος Μυτιλήνης προς αεροδρόμιο","Περιγ":" ","x_egsa87":722624.28993237298,"y_egsa87":4328844.3968049074}},{"type":"Feature","id":536,"geometry":{"type":"Point","coordinates":[26.575737987921048,39.082728982889648]},"properties":{"FID":536,"fid_1":537,"ID":537,"Latitude":39.082729,"Longitude":26.575738000000001,"Κόμβο":"Τμήμα οδού Έξοδος Μυτιλήνης προς αεροδρόμιο","Περιγ":" ","x_egsa87":722645.01156086568,"y_egsa87":4328828.0993874483}},{"type":"Feature","id":537,"geometry":{"type":"Point","coordinates":[26.575960987921064,39.082604982889748]},"properties":{"FID":537,"fid_1":538,"ID":538,"Latitude":39.082605000000001,"Longitude":26.575961,"Κόμβο":"Τμήμα οδού Έξοδος Μυτιλήνης προς αεροδρόμιο","Περιγ":" ","x_egsa87":722664.69352451409,"y_egsa87":4328814.8829353424}},{"type":"Feature","id":538,"geometry":{"type":"Point","coordinates":[26.576234987921172,39.082392982889928]},"properties":{"FID":538,"fid_1":539,"ID":539,"Latitude":39.082393000000003,"Longitude":26.576235,"Κόμβο":"Τμήμα οδού Έξοδος Μυτιλήνης προς αεροδρόμιο","Περιγ":" ","x_egsa87":722689.06460918544,"y_egsa87":4328792.0239772238}},{"type":"Feature","id":539,"geometry":{"type":"Point","coordinates":[26.576533987921199,39.082219982890031]},"properties":{"FID":539,"fid_1":540,"ID":540,"Latitude":39.08222,"Longitude":26.576533999999999,"Κόμβο":"Τμήμα οδού Έξοδος Μυτιλήνης προς αεροδρόμιο","Περιγ":" ","x_egsa87":722715.47578717198,"y_egsa87":4328773.5553066609}},{"type":"Feature","id":540,"geometry":{"type":"Point","coordinates":[26.576808987921243,39.082056982890158]},"properties":{"FID":540,"fid_1":541,"ID":541,"Latitude":39.082056999999999,"Longitude":26.576809000000001,"Κόμβο":"Τμήμα οδού Έξοδος Μυτιλήνης προς αεροδρόμιο","Περιγ":" ","x_egsa87":722739.77935359743,"y_egsa87":4328756.1377807483}},{"type":"Feature","id":541,"geometry":{"type":"Point","coordinates":[26.577053987921307,39.081884982890308]},"properties":{"FID":541,"fid_1":542,"ID":542,"Latitude":39.081885,"Longitude":26.577054,"Κόμβο":"Τμήμα οδού Έξοδος Μυτιλήνης προς αεροδρόμιο","Περιγ":" ","x_egsa87":722761.51605856209,"y_egsa87":4328737.6477188859}},{"type":"Feature","id":542,"geometry":{"type":"Point","coordinates":[26.577256987921324,39.081768982890381]},"properties":{"FID":542,"fid_1":543,"ID":543,"Latitude":39.081769000000001,"Longitude":26.577256999999999,"Κόμβο":"Τμήμα οδού Έξοδος Μυτιλήνης προς αεροδρόμιο","Περιγ":" ","x_egsa87":722779.44303986162,"y_egsa87":4328725.2704188004}},{"type":"Feature","id":543,"geometry":{"type":"Point","coordinates":[26.577473987921334,39.081649982890433]},"properties":{"FID":543,"fid_1":544,"ID":544,"Latitude":39.081650000000003,"Longitude":26.577473999999999,"Κόμβο":"Τμήμα οδού Έξοδος Μυτιλήνης προς αεροδρόμιο","Περιγ":" ","x_egsa87":722798.59067893005,"y_egsa87":4328712.594537355}},{"type":"Feature","id":544,"geometry":{"type":"Point","coordinates":[26.577747987921413,39.081461982890602]},"properties":{"FID":544,"fid_1":545,"ID":545,"Latitude":39.081462000000002,"Longitude":26.577748,"Κόμβο":"Τμήμα οδού Έξοδος Μυτιλήνης προς αεροδρόμιο","Περιγ":" ","x_egsa87":722822.88686500164,"y_egsa87":4328692.3998847706}},{"type":"Feature","id":545,"geometry":{"type":"Point","coordinates":[26.577966987921492,39.081292982890766]},"properties":{"FID":545,"fid_1":546,"ID":546,"Latitude":39.081293000000002,"Longitude":26.577967000000001,"Κόμβο":"Τμήμα οδού Έξοδος Μυτιλήνης προς αεροδρόμιο","Περιγ":" ","x_egsa87":722842.36519908963,"y_egsa87":4328674.1791862603}},{"type":"Feature","id":546,"geometry":{"type":"Point","coordinates":[26.578227987921689,39.081036982891071]},"properties":{"FID":546,"fid_1":547,"ID":547,"Latitude":39.081037000000002,"Longitude":26.578227999999999,"Κόμβο":"Τμήμα οδού Έξοδος Μυτιλήνης προς αεροδρόμιο","Περιγ":" ","x_egsa87":722865.75121524604,"y_egsa87":4328646.4049700731}},{"type":"Feature","id":547,"geometry":{"type":"Point","coordinates":[26.578390987921829,39.080865982891275]},"properties":{"FID":547,"fid_1":548,"ID":548,"Latitude":39.080866,"Longitude":26.578391,"Κόμβο":"Τμήμα οδού Έξοδος Μυτιλήνης προς αεροδρόμιο","Περιγ":" ","x_egsa87":722880.39140257309,"y_egsa87":4328627.8248481173}},{"type":"Feature","id":548,"geometry":{"type":"Point","coordinates":[26.578587987921932,39.080693982891461]},"properties":{"FID":548,"fid_1":549,"ID":549,"Latitude":39.080694000000001,"Longitude":26.578588,"Κόμβο":"Τμήμα οδού Έξοδος Μυτιλήνης προς αεροδρόμιο","Περιγ":" ","x_egsa87":722897.97621466941,"y_egsa87":4328609.2172587197}},{"type":"Feature","id":549,"geometry":{"type":"Point","coordinates":[26.57876198792215,39.080471982891751]},"properties":{"FID":549,"fid_1":550,"ID":550,"Latitude":39.080472,"Longitude":26.578762000000001,"Κόμβο":"Τμήμα οδού Έξοδος Μυτιλήνης προς αεροδρόμιο","Περιγ":" ","x_egsa87":722913.72889443859,"y_egsa87":4328585.0033849794}},{"type":"Feature","id":550,"geometry":{"type":"Point","coordinates":[26.578913987922366,39.080252982892056]},"properties":{"FID":550,"fid_1":551,"ID":551,"Latitude":39.080252999999999,"Longitude":26.578914000000001,"Κόμβο":"Τμήμα οδού Έξοδος Μυτιλήνης προς αεροδρόμιο","Περιγ":" ","x_egsa87":722927.56893589848,"y_egsa87":4328561.0684897024}},{"type":"Feature","id":551,"geometry":{"type":"Point","coordinates":[26.579058987922515,39.080083982892269]},"properties":{"FID":551,"fid_1":552,"ID":552,"Latitude":39.080083999999999,"Longitude":26.579059000000001,"Κόμβο":"Τμήμα οδού Έξοδος Μυτιλήνης προς αεροδρόμιο","Περιγ":" ","x_egsa87":722940.64588326879,"y_egsa87":4328542.666248682}},{"type":"Feature","id":552,"geometry":{"type":"Point","coordinates":[26.579192987922678,39.079907982892543]},"properties":{"FID":552,"fid_1":553,"ID":553,"Latitude":39.079908000000003,"Longitude":26.579193,"Κόμβο":"Τμήμα οδού Έξοδος Μυτιλήνης προς αεροδρόμιο","Περιγ":" ","x_egsa87":722952.7933094207,"y_egsa87":4328523.46002883}},{"type":"Feature","id":553,"geometry":{"type":"Point","coordinates":[26.579327987922852,39.079725982892768]},"properties":{"FID":553,"fid_1":554,"ID":554,"Latitude":39.079726000000001,"Longitude":26.579328,"Κόμβο":"Τμήμα οδού Έξοδος Μυτιλήνης προς αεροδρόμιο","Περιγ":" ","x_egsa87":722965.0462164341,"y_egsa87":4328503.5903030913}},{"type":"Feature","id":554,"geometry":{"type":"Point","coordinates":[26.57947898792305,39.079522982893053]},"properties":{"FID":554,"fid_1":555,"ID":555,"Latitude":39.079523000000002,"Longitude":26.579478999999999,"Κόμβο":"Τμήμα οδού Έξοδος Μυτιλήνης προς αεροδρόμιο","Περιγ":" ","x_egsa87":722978.74959084787,"y_egsa87":4328481.4289761987}},{"type":"Feature","id":555,"geometry":{"type":"Point","coordinates":[26.579641987923218,39.079333982893296]},"properties":{"FID":555,"fid_1":556,"ID":556,"Latitude":39.079334000000003,"Longitude":26.579642,"Κόμβο":"Τμήμα οδού Έξοδος Μυτιλήνης προς αεροδρόμιο","Περιγ":" ","x_egsa87":722993.44706928264,"y_egsa87":4328460.8511064136}},{"type":"Feature","id":556,"geometry":{"type":"Point","coordinates":[26.579800987923456,39.079101982893619]},"properties":{"FID":556,"fid_1":557,"ID":557,"Latitude":39.079101999999999,"Longitude":26.579801,"Κόμβο":"Τμήμα οδού Έξοδος Μυτιλήνης προς αεροδρόμιο","Περιγ":" ","x_egsa87":723007.93412335205,"y_egsa87":4328435.4905807935}},{"type":"Feature","id":557,"geometry":{"type":"Point","coordinates":[26.579903987923718,39.078880982893963]},"properties":{"FID":557,"fid_1":558,"ID":558,"Latitude":39.078881000000003,"Longitude":26.579903999999999,"Κόμβο":"Τμήμα οδού Έξοδος Μυτιλήνης προς αεροδρόμιο","Περιγ":" ","x_egsa87":723017.54178907815,"y_egsa87":4328411.2134334901}},{"type":"Feature","id":558,"geometry":{"type":"Point","coordinates":[26.579998987924174,39.078541982894556]},"properties":{"FID":558,"fid_1":559,"ID":559,"Latitude":39.078541999999999,"Longitude":26.579999000000001,"Κόμβο":"Τμήμα οδού Έξοδος Μυτιλήνης προς αεροδρόμιο","Περιγ":" ","x_egsa87":723026.82941175369,"y_egsa87":4328373.8190442072}},{"type":"Feature","id":559,"geometry":{"type":"Point","coordinates":[26.580090987924578,39.078233982895078]},"properties":{"FID":559,"fid_1":560,"ID":560,"Latitude":39.078234000000002,"Longitude":26.580090999999999,"Κόμβο":"Τμήμα οδού Έξοδος Μυτιλήνης προς αεροδρόμιο","Περιγ":" ","x_egsa87":723035.75982361869,"y_egsa87":4328339.8581849122}},{"type":"Feature","id":560,"geometry":{"type":"Point","coordinates":[26.580161987924907,39.077993982895478]},"properties":{"FID":560,"fid_1":561,"ID":561,"Latitude":39.077993999999997,"Longitude":26.580162000000001,"Κόμβο":"Τμήμα οδού Έξοδος Μυτιλήνης προς αεροδρόμιο","Περιγ":" ","x_egsa87":723042.65908030805,"y_egsa87":4328313.3934920533}},{"type":"Feature","id":561,"geometry":{"type":"Point","coordinates":[26.580252987924982,39.077892982895619]},"properties":{"FID":561,"fid_1":562,"ID":562,"Latitude":39.077893000000003,"Longitude":26.580252999999999,"Κόμβο":"Τμήμα οδού Έξοδος Μυτιλήνης προς αεροδρόμιο","Περιγ":" ","x_egsa87":723050.85042365175,"y_egsa87":4328302.4064752329}},{"type":"Feature","id":562,"geometry":{"type":"Point","coordinates":[26.580263987924972,39.077896982895588]},"properties":{"FID":562,"fid_1":563,"ID":563,"Latitude":39.077897,"Longitude":26.580264,"Κόμβο":"Τμήμα οδού Έξοδος Μυτιλήνης προς αεροδρόμιο","Περιγ":" ","x_egsa87":723051.78948136512,"y_egsa87":4328302.8774946826}},{"type":"Feature","id":563,"geometry":{"type":"Point","coordinates":[26.58030898792509,39.077798982895743]},"properties":{"FID":563,"fid_1":564,"ID":564,"Latitude":39.077798999999999,"Longitude":26.580309,"Κόμβο":"Τμήμα οδού Έξοδος Μυτιλήνης προς αεροδρόμιο","Περιγ":" ","x_egsa87":723055.99167341681,"y_egsa87":4328292.1104248362}},{"type":"Feature","id":564,"geometry":{"type":"Point","coordinates":[26.580181987925247,39.077760982895917]},"properties":{"FID":564,"fid_1":565,"ID":565,"Latitude":39.077761000000002,"Longitude":26.580182000000001,"Κόμβο":"Τμήμα οδού Έξοδος Μυτιλήνης προς αεροδρόμιο","Περιγ":" ","x_egsa87":723045.12400938221,"y_egsa87":4328287.5804466633}},{"type":"Feature","id":565,"geometry":{"type":"Point","coordinates":[26.580182987925241,39.077763982895931]},"properties":{"FID":565,"fid_1":566,"ID":566,"Latitude":39.077764000000002,"Longitude":26.580183000000002,"Κόμβο":"Τμήμα οδού Έξοδος Μυτιλήνης προς αεροδρόμιο","Περιγ":" ","x_egsa87":723045.20106632169,"y_egsa87":4328287.9158937912}},{"type":"Feature","id":566,"geometry":{"type":"Point","coordinates":[26.580484987925345,39.077542982896119]},"properties":{"FID":566,"fid_1":567,"ID":567,"Latitude":39.077542999999999,"Longitude":26.580484999999999,"Κόμβο":"Τμήμα οδού Έξοδος Μυτιλήνης προς αεροδρόμιο","Περιγ":" ","x_egsa87":723072.02563965763,"y_egsa87":4328264.1278636642}},{"type":"Feature","id":567,"geometry":{"type":"Point","coordinates":[26.580658987925379,39.077430982896203]},"properties":{"FID":567,"fid_1":568,"ID":568,"Latitude":39.077430999999997,"Longitude":26.580659000000001,"Κόμβο":"Τμήμα οδού Έξοδος Μυτιλήνης προς αεροδρόμιο","Περιγ":" ","x_egsa87":723087.43258486071,"y_egsa87":4328252.1239182269}},{"type":"Feature","id":568,"geometry":{"type":"Point","coordinates":[26.580932987925493,39.077224982896411]},"properties":{"FID":568,"fid_1":569,"ID":569,"Latitude":39.077224999999999,"Longitude":26.580933000000002,"Κόμβο":"Τμήμα οδού Έξοδος Μυτιλήνης προς αεροδρόμιο","Περιγ":" ","x_egsa87":723111.78764505603,"y_egsa87":4328229.9321409268}},{"type":"Feature","id":569,"geometry":{"type":"Point","coordinates":[26.581208987925471,39.077084982896459]},"properties":{"FID":569,"fid_1":570,"ID":570,"Latitude":39.077084999999997,"Longitude":26.581209000000001,"Κόμβο":"Τμήμα οδού Έξοδος Μυτιλήνης προς αεροδρόμιο","Περιγ":" ","x_egsa87":723136.10770470335,"y_egsa87":4328215.0711231995}},{"type":"Feature","id":570,"geometry":{"type":"Point","coordinates":[26.581486987925548,39.076890982896636]},"properties":{"FID":570,"fid_1":571,"ID":571,"Latitude":39.076891000000003,"Longitude":26.581486999999999,"Κόμβο":"Τμήμα οδού Έξοδος Μυτιλήνης προς αεροδρόμιο","Περιγ":" ","x_egsa87":723160.77123061277,"y_egsa87":4328194.2212805562}},{"type":"Feature","id":571,"geometry":{"type":"Point","coordinates":[26.581678987925642,39.076739982896783]},"properties":{"FID":571,"fid_1":572,"ID":572,"Latitude":39.076740000000001,"Longitude":26.581679000000001,"Κόμβο":"Τμήμα οδού Έξοδος Μυτιλήνης προς αεροδρόμιο","Περιγ":" ","x_egsa87":723177.85878324509,"y_egsa87":4328177.9328929679}},{"type":"Feature","id":572,"geometry":{"type":"Point","coordinates":[26.581872987925724,39.076583982896935]},"properties":{"FID":572,"fid_1":573,"ID":573,"Latitude":39.076583999999997,"Longitude":26.581873000000002,"Κόμβο":"Τμήμα οδού Έξοδος Μυτιλήνης προς αεροδρόμιο","Περιγ":" ","x_egsa87":723195.13521426055,"y_egsa87":4328161.0944752414}},{"type":"Feature","id":573,"geometry":{"type":"Point","coordinates":[26.582163987925792,39.076389982897098]},"properties":{"FID":573,"fid_1":574,"ID":574,"Latitude":39.076390000000004,"Longitude":26.582163999999999,"Κόμβο":"Τμήμα οδού Έξοδος Μυτιλήνης προς αεροδρόμιο","Περιγ":" ","x_egsa87":723220.92378910328,"y_egsa87":4328140.2767769722}},{"type":"Feature","id":574,"geometry":{"type":"Point","coordinates":[26.582347987925957,39.076192982897339]},"properties":{"FID":574,"fid_1":575,"ID":575,"Latitude":39.076193000000004,"Longitude":26.582348,"Κόμβο":"Τμήμα οδού Έξοδος Μυτιλήνης προς αεροδρόμιο","Περιγ":" ","x_egsa87":723237.46459109057,"y_egsa87":4328118.8629929516}},{"type":"Feature","id":575,"geometry":{"type":"Point","coordinates":[26.582593987926092,39.07597798289757]},"properties":{"FID":575,"fid_1":576,"ID":576,"Latitude":39.075977999999999,"Longitude":26.582594,"Κόμβο":"Τμήμα οδού Έξοδος Μυτιλήνης προς αεροδρόμιο","Περιγ":" ","x_egsa87":723259.4263847979,"y_egsa87":4328095.603805922}},{"type":"Feature","id":576,"geometry":{"type":"Point","coordinates":[26.582796987926102,39.075868982897639]},"properties":{"FID":576,"fid_1":577,"ID":577,"Latitude":39.075868999999997,"Longitude":26.582796999999999,"Κόμβο":"Τμήμα οδού Έξοδος Μυτιλήνης προς αεροδρόμιο","Περιγ":" ","x_egsa87":723277.33349814336,"y_egsa87":4328084.0045320904}},{"type":"Feature","id":577,"geometry":{"type":"Point","coordinates":[26.583061987926072,39.075749982897662]},"properties":{"FID":577,"fid_1":578,"ID":578,"Latitude":39.075749999999999,"Longitude":26.583062000000002,"Κόμβο":"Τμήμα οδού Έξοδος Μυτιλήνης προς αεροδρόμιο","Περιγ":" ","x_egsa87":723300.63634877175,"y_egsa87":4328071.4478622153}},{"type":"Feature","id":578,"geometry":{"type":"Point","coordinates":[26.583347987926068,39.075607982897715]},"properties":{"FID":578,"fid_1":579,"ID":579,"Latitude":39.075608000000003,"Longitude":26.583348000000001,"Κόμβο":"Τμήμα οδού Έξοδος Μυτιλήνης προς αεροδρόμιο","Περιγ":" ","x_egsa87":723325.82876164175,"y_egsa87":4328056.3900071383}},{"type":"Feature","id":579,"geometry":{"type":"Point","coordinates":[26.583642987926048,39.075469982897779]},"properties":{"FID":579,"fid_1":580,"ID":580,"Latitude":39.075470000000003,"Longitude":26.583642999999999,"Κόμβο":"Τμήμα οδού Έξοδος Μυτιλήνης προς αεροδρόμιο","Περιγ":" ","x_egsa87":723351.78731186024,"y_egsa87":4328041.798361985}},{"type":"Feature","id":580,"geometry":{"type":"Point","coordinates":[26.583933987926027,39.075329982897827]},"properties":{"FID":580,"fid_1":581,"ID":581,"Latitude":39.075330000000001,"Longitude":26.583933999999999,"Κόμβο":"Τμήμα οδού Έξοδος Μυτιλήνης προς αεροδρόμιο","Περιγ":" ","x_egsa87":723377.40620183852,"y_egsa87":4328026.9749614066}},{"type":"Feature","id":581,"geometry":{"type":"Point","coordinates":[26.584157987926005,39.075229982897859]},"properties":{"FID":581,"fid_1":582,"ID":582,"Latitude":39.075229999999998,"Longitude":26.584157999999999,"Κόμβο":"Τμήμα οδού Έξοδος Μυτιλήνης προς αεροδρόμιο","Περιγ":" ","x_egsa87":723397.10212959338,"y_egsa87":4328016.426598236}},{"type":"Feature","id":582,"geometry":{"type":"Point","coordinates":[26.584539987925947,39.075072982897872]},"properties":{"FID":582,"fid_1":583,"ID":583,"Latitude":39.075073000000003,"Longitude":26.584540000000001,"Κόμβο":"Τμήμα οδού Έξοδος Μυτιλήνης προς αεροδρόμιο","Περιγ":" ","x_egsa87":723430.64810102293,"y_egsa87":4327999.9403986912}},{"type":"Feature","id":583,"geometry":{"type":"Point","coordinates":[26.584748987925913,39.074988982897857]},"properties":{"FID":583,"fid_1":584,"ID":584,"Latitude":39.074989000000002,"Longitude":26.584748999999999,"Κόμβο":"Τμήμα οδού Έξοδος Μυτιλήνης προς αεροδρόμιο","Περιγ":" ","x_egsa87":723448.99585513934,"y_egsa87":4327991.1311815148}},{"type":"Feature","id":584,"geometry":{"type":"Point","coordinates":[26.585071987925819,39.074879982897833]},"properties":{"FID":584,"fid_1":585,"ID":585,"Latitude":39.07488,"Longitude":26.585072,"Κόμβο":"Τμήμα οδού Έξοδος Μυτιλήνης προς αεροδρόμιο","Περιγ":" ","x_egsa87":723477.28580218903,"y_egsa87":4327979.8277648808}},{"type":"Feature","id":585,"geometry":{"type":"Point","coordinates":[26.585365987925801,39.074736982897917]},"properties":{"FID":585,"fid_1":586,"ID":586,"Latitude":39.074736999999999,"Longitude":26.585366,"Κόμβο":"Τμήμα οδού Έξοδος Μυτιλήνης προς αεροδρόμιο","Περιγ":" ","x_egsa87":723503.17418256891,"y_egsa87":4327964.6791529907}},{"type":"Feature","id":586,"geometry":{"type":"Point","coordinates":[26.585703987925811,39.074560982897985]},"properties":{"FID":586,"fid_1":587,"ID":587,"Latitude":39.074561000000003,"Longitude":26.585704,"Κόμβο":"Τμήμα οδού Έξοδος Μυτιλήνης προς αεροδρόμιο","Περιγ":" ","x_egsa87":723532.97378639644,"y_egsa87":4327945.9760928331}},{"type":"Feature","id":587,"geometry":{"type":"Point","coordinates":[26.585857987925845,39.074461982898043]},"properties":{"FID":587,"fid_1":588,"ID":588,"Latitude":39.074461999999997,"Longitude":26.585858000000002,"Κόμβο":"Τμήμα οδού Έξοδος Μυτιλήνης προς αεροδρόμιο","Περιγ":" ","x_egsa87":723546.61060302146,"y_egsa87":4327935.3666975843}},{"type":"Feature","id":588,"geometry":{"type":"Point","coordinates":[26.586166987925825,39.074313982898097]},"properties":{"FID":588,"fid_1":589,"ID":589,"Latitude":39.074314000000001,"Longitude":26.586167,"Κόμβο":"Τμήμα οδού Έξοδος Μυτιλήνης προς αεροδρόμιο","Περιγ":" ","x_egsa87":723573.81286869128,"y_egsa87":4327919.7002668595}},{"type":"Feature","id":589,"geometry":{"type":"Point","coordinates":[26.586374987925819,39.074210982898144]},"properties":{"FID":589,"fid_1":590,"ID":590,"Latitude":39.074210999999998,"Longitude":26.586375,"Κόμβο":"Τμήμα οδού Έξοδος Μυτιλήνης προς αεροδρόμιο","Περιγ":" ","x_egsa87":723592.13450889604,"y_egsa87":4327908.7799709896}},{"type":"Feature","id":590,"geometry":{"type":"Point","coordinates":[26.586743987925818,39.074018982898231]},"properties":{"FID":590,"fid_1":591,"ID":591,"Latitude":39.074019,"Longitude":26.586743999999999,"Κόμβο":"Τμήμα οδού Έξοδος Μυτιλήνης προς αεροδρόμιο","Περιγ":" ","x_egsa87":723624.66724413633,"y_egsa87":4327888.3776593814}},{"type":"Feature","id":591,"geometry":{"type":"Point","coordinates":[26.586952987925837,39.073904982898327]},"properties":{"FID":591,"fid_1":592,"ID":592,"Latitude":39.073905000000003,"Longitude":26.586953000000001,"Κόμβο":"Τμήμα οδού Έξοδος Μυτιλήνης προς αεροδρόμιο","Περιγ":" ","x_egsa87":723643.11032216856,"y_egsa87":4327876.2389775049}},{"type":"Feature","id":592,"geometry":{"type":"Point","coordinates":[26.58723298792582,39.073764982898389]},"properties":{"FID":592,"fid_1":593,"ID":593,"Latitude":39.073765000000002,"Longitude":26.587233000000001,"Κόμβο":"Τμήμα οδού Έξοδος Μυτιλήνης προς αεροδρόμιο","Περιγ":" ","x_egsa87":723667.77860911284,"y_egsa87":4327861.3893769849}},{"type":"Feature","id":593,"geometry":{"type":"Point","coordinates":[26.587524987925896,39.073570982898538]},"properties":{"FID":593,"fid_1":594,"ID":594,"Latitude":39.073571000000001,"Longitude":26.587524999999999,"Κόμβο":"Τμήμα οδού Έξοδος Μυτιλήνης προς αεροδρόμιο","Περιγ":" ","x_egsa87":723693.65596639703,"y_egsa87":4327840.5756060788}},{"type":"Feature","id":594,"geometry":{"type":"Point","coordinates":[26.587712987925894,39.073472982898593]},"properties":{"FID":594,"fid_1":595,"ID":595,"Latitude":39.073473,"Longitude":26.587713000000001,"Κόμβο":"Τμήμα οδού Έξοδος Μυτιλήνης προς αεροδρόμιο","Περιγ":" ","x_egsa87":723710.23173777317,"y_egsa87":4327830.1612664023}},{"type":"Feature","id":595,"geometry":{"type":"Point","coordinates":[26.587950987925989,39.073287982898769]},"properties":{"FID":595,"fid_1":596,"ID":596,"Latitude":39.073287999999998,"Longitude":26.587951,"Κόμβο":"Τμήμα οδού Έξοδος Μυτιλήνης προς αεροδρόμιο","Περιγ":" ","x_egsa87":723731.4087089363,"y_egsa87":4327810.2134944415}},{"type":"Feature","id":596,"geometry":{"type":"Point","coordinates":[26.588221987926151,39.073045982899032]},"properties":{"FID":596,"fid_1":597,"ID":597,"Latitude":39.073045999999998,"Longitude":26.588221999999998,"Κόμβο":"Τμήμα οδού Έξοδος Μυτιλήνης προς αεροδρόμιο","Περιγ":" ","x_egsa87":723755.62124948844,"y_egsa87":4327784.0203153938}},{"type":"Feature","id":597,"geometry":{"type":"Point","coordinates":[26.588412987926255,39.072879982899217]},"properties":{"FID":597,"fid_1":598,"ID":598,"Latitude":39.072879999999998,"Longitude":26.588412999999999,"Κόμβο":"Τμήμα οδού Έξοδος Μυτιλήνης προς αεροδρόμιο","Περιγ":" ","x_egsa87":723772.67184690246,"y_egsa87":4327766.0657242108}},{"type":"Feature","id":598,"geometry":{"type":"Point","coordinates":[26.588662987926377,39.072674982899407]},"properties":{"FID":598,"fid_1":599,"ID":599,"Latitude":39.072674999999997,"Longitude":26.588663,"Κόμβο":"Τμήμα οδού Έξοδος Μυτιλήνης προς αεροδρόμιο","Περιγ":" ","x_egsa87":723794.95066536102,"y_egsa87":4327743.9277614467}},{"type":"Feature","id":599,"geometry":{"type":"Point","coordinates":[26.588822987926441,39.07255198289954]},"properties":{"FID":599,"fid_1":600,"ID":600,"Latitude":39.072552000000002,"Longitude":26.588823000000001,"Κόμβο":"Τμήμα οδού Έξοδος Μυτιλήνης προς αεροδρόμιο","Περιγ":" ","x_egsa87":723809.18323653575,"y_egsa87":4327730.6696682256}},{"type":"Feature","id":600,"geometry":{"type":"Point","coordinates":[26.589051987926485,39.072406982899636]},"properties":{"FID":600,"fid_1":601,"ID":601,"Latitude":39.072406999999998,"Longitude":26.589051999999999,"Κόμβο":"Τμήμα οδού Έξοδος Μυτιλήνης προς αεροδρόμιο","Περιγ":" ","x_egsa87":723829.45548376592,"y_egsa87":4327715.1398153529}},{"type":"Feature","id":601,"geometry":{"type":"Point","coordinates":[26.589628987926503,39.07209898289981]},"properties":{"FID":601,"fid_1":602,"ID":602,"Latitude":39.072099000000001,"Longitude":26.589628999999999,"Κόμβο":"Τμήμα οδού Έξοδος Μυτιλήνης προς αεροδρόμιο","Περιγ":" ","x_egsa87":723880.35336559755,"y_egsa87":4327682.3758132402}},{"type":"Feature","id":602,"geometry":{"type":"Point","coordinates":[26.589899987926483,39.071975982899843]},"properties":{"FID":602,"fid_1":603,"ID":603,"Latitude":39.071975999999999,"Longitude":26.5899,"Κόμβο":"Τμήμα οδού Έξοδος Μυτιλήνης προς αεροδρόμιο","Περιγ":" ","x_egsa87":723904.19022347813,"y_egsa87":4327669.3916582847}},{"type":"Feature","id":603,"geometry":{"type":"Point","coordinates":[26.590149987926488,39.071838982899926]},"properties":{"FID":603,"fid_1":604,"ID":604,"Latitude":39.071838999999997,"Longitude":26.590150000000001,"Κόμβο":"Τμήμα οδού Έξοδος Μυτιλήνης προς αεροδρόμιο","Περιγ":" ","x_egsa87":723926.25448633556,"y_egsa87":4327654.8018144863}},{"type":"Feature","id":604,"geometry":{"type":"Point","coordinates":[26.590502987926577,39.071597982900123]},"properties":{"FID":604,"fid_1":605,"ID":605,"Latitude":39.071598000000002,"Longitude":26.590502999999998,"Κόμβο":"Τμήμα οδού Έξοδος Μυτιλήνης προς αεροδρόμιο","Περιγ":" ","x_egsa87":723957.55988683412,"y_egsa87":4327628.9224989023}},{"type":"Feature","id":605,"geometry":{"type":"Point","coordinates":[26.590730987926637,39.071447982900253]},"properties":{"FID":605,"fid_1":606,"ID":606,"Latitude":39.071447999999997,"Longitude":26.590731000000002,"Κόμβο":"Τμήμα οδού Έξοδος Μυτιλήνης προς αεροδρόμιο","Περιγ":" ","x_egsa87":723977.76199896261,"y_egsa87":4327612.8355561988}},{"type":"Feature","id":606,"geometry":{"type":"Point","coordinates":[26.590834987926886,39.071234982900577]},"properties":{"FID":606,"fid_1":607,"ID":607,"Latitude":39.071235000000001,"Longitude":26.590834999999998,"Κόμβο":"Τμήμα οδού Έξοδος Μυτιλήνης προς αεροδρόμιο","Περιγ":" ","x_egsa87":723987.43468673038,"y_egsa87":4327589.4498915924}},{"type":"Feature","id":607,"geometry":{"type":"Point","coordinates":[26.590838987926862,39.071242982900543]},"properties":{"FID":607,"fid_1":608,"ID":608,"Latitude":39.071243000000003,"Longitude":26.590838999999999,"Κόμβο":"Τμήμα οδού Έξοδος Μυτιλήνης προς αεροδρόμιο","Περιγ":" ","x_egsa87":723987.75545778719,"y_egsa87":4327590.3477348564}},{"type":"Feature","id":608,"geometry":{"type":"Point","coordinates":[26.591036987926696,39.07124398290042]},"properties":{"FID":608,"fid_1":609,"ID":609,"Latitude":39.071244,"Longitude":26.591037,"Κόμβο":"Τμήμα οδού Έξοδος Μυτιλήνης προς αεροδρόμιο","Περιγ":" ","x_egsa87":724004.88398775854,"y_egsa87":4327590.9473239193}},{"type":"Feature","id":609,"geometry":{"type":"Point","coordinates":[26.591224987926736,39.071119982900491]},"properties":{"FID":609,"fid_1":610,"ID":610,"Latitude":39.071120000000001,"Longitude":26.591225000000001,"Κόμβο":"Τμήμα οδού Έξοδος Μυτιλήνης προς αεροδρόμιο","Περιγ":" ","x_egsa87":724021.543024185,"y_egsa87":4327577.6476908186}},{"type":"Feature","id":610,"geometry":{"type":"Point","coordinates":[26.591497987926878,39.070894982900754]},"properties":{"FID":610,"fid_1":611,"ID":611,"Latitude":39.070895,"Longitude":26.591498000000001,"Κόμβο":"Τμήμα οδού Έξοδος Μυτιλήνης προς αεροδρόμιο","Περιγ":" ","x_egsa87":724045.87645217916,"y_egsa87":4327553.347220595}},{"type":"Feature","id":611,"geometry":{"type":"Point","coordinates":[26.591796987926994,39.070668982900941]},"properties":{"FID":611,"fid_1":612,"ID":612,"Latitude":39.070669000000002,"Longitude":26.591797,"Κόμβο":"Τμήμα οδού Έξοδος Μυτιλήνης προς αεροδρόμιο","Περιγ":" ","x_egsa87":724072.46282989113,"y_egsa87":4327529.0000026915}},{"type":"Feature","id":612,"geometry":{"type":"Point","coordinates":[26.592035987927009,39.07053498290103]},"properties":{"FID":612,"fid_1":613,"ID":613,"Latitude":39.070535,"Longitude":26.592036,"Κόμβο":"Τμήμα οδού Έξοδος Μυτιλήνης προς αεροδρόμιο","Περιγ":" ","x_egsa87":724093.56653393013,"y_egsa87":4327514.7164379591}},{"type":"Feature","id":613,"geometry":{"type":"Point","coordinates":[26.592268987927049,39.070390982901138]},"properties":{"FID":613,"fid_1":614,"ID":614,"Latitude":39.070391000000001,"Longitude":26.592269000000002,"Κόμβο":"Τμήμα οδού Έξοδος Μυτιλήνης προς αεροδρόμιο","Περιγ":" ","x_egsa87":724114.18283907825,"y_egsa87":4327499.308146961}},{"type":"Feature","id":614,"geometry":{"type":"Point","coordinates":[26.592541987927223,39.070135982901419]},"properties":{"FID":614,"fid_1":615,"ID":615,"Latitude":39.070135999999998,"Longitude":26.592542000000002,"Κόμβο":"Τμήμα οδού Έξοδος Μυτιλήνης προς αεροδρόμιο","Περιγ":" ","x_egsa87":724138.61181566515,"y_egsa87":4327471.6780437576}},{"type":"Feature","id":615,"geometry":{"type":"Point","coordinates":[26.592755987927276,39.069995982901524]},"properties":{"FID":615,"fid_1":616,"ID":616,"Latitude":39.069996000000003,"Longitude":26.592756000000001,"Κόμβο":"Τμήμα οδού Έξοδος Μυτιλήνης προς αεροδρόμιο","Περιγ":" ","x_egsa87":724157.57167037227,"y_egsa87":4327456.6669318955}},{"type":"Feature","id":616,"geometry":{"type":"Point","coordinates":[26.592979987927393,39.069802982901756]},"properties":{"FID":616,"fid_1":617,"ID":617,"Latitude":39.069803,"Longitude":26.592980000000001,"Κόμβο":"Τμήμα οδού Έξοδος Μυτιλήνης προς αεροδρόμιο","Περιγ":" ","x_egsa87":724177.56475634826,"y_egsa87":4327435.7977358261}},{"type":"Feature","id":617,"geometry":{"type":"Point","coordinates":[26.593274987927554,39.069545982902035]},"properties":{"FID":617,"fid_1":618,"ID":618,"Latitude":39.069546000000003,"Longitude":26.593274999999998,"Κόμβο":"Τμήμα οδού Έξοδος Μυτιλήνης προς αεροδρόμιο","Περιγ":" ","x_egsa87":724203.90404859348,"y_egsa87":4327408.0001567844}},{"type":"Feature","id":618,"geometry":{"type":"Point","coordinates":[26.593439987927617,39.069423982902109]},"properties":{"FID":618,"fid_1":619,"ID":619,"Latitude":39.069423999999998,"Longitude":26.593440000000001,"Κόμβο":"Τμήμα οδού Έξοδος Μυτιλήνης προς αεροδρόμιο","Περιγ":" ","x_egsa87":724218.56737231638,"y_egsa87":4327394.866100736}},{"type":"Feature","id":619,"geometry":{"type":"Point","coordinates":[26.59366098792772,39.069242982902317]},"properties":{"FID":619,"fid_1":620,"ID":620,"Latitude":39.069243,"Longitude":26.593661000000001,"Κόμβο":"Τμήμα οδού Έξοδος Μυτιλήνης προς αεροδρόμιο","Περιγ":" ","x_egsa87":724238.26316708268,"y_egsa87":4327375.3215971012}},{"type":"Feature","id":620,"geometry":{"type":"Point","coordinates":[26.593842987927822,39.069085982902479]},"properties":{"FID":620,"fid_1":621,"ID":621,"Latitude":39.069085999999999,"Longitude":26.593843,"Κόμβο":"Τμήμα οδού Έξοδος Μυτιλήνης προς αεροδρόμιο","Περιγ":" ","x_egsa87":724254.50847137999,"y_egsa87":4327358.3447137363}},{"type":"Feature","id":621,"geometry":{"type":"Point","coordinates":[26.593928987927843,39.069022982902553]},"properties":{"FID":621,"fid_1":622,"ID":622,"Latitude":39.069023000000001,"Longitude":26.593928999999999,"Κόμβο":"Τμήμα οδού Έξοδος Μυτιλήνης προς αεροδρόμιο","Περιγ":" ","x_egsa87":724262.14939563163,"y_egsa87":4327351.5643796073}},{"type":"Feature","id":622,"geometry":{"type":"Point","coordinates":[26.594186987927948,39.068826982902721]},"properties":{"FID":622,"fid_1":623,"ID":623,"Latitude":39.068826999999999,"Longitude":26.594187000000002,"Κόμβο":"Τμήμα οδού Έξοδος Μυτιλήνης προς αεροδρόμιο","Περιγ":" ","x_egsa87":724285.09443284723,"y_egsa87":4327330.4464421077}},{"type":"Feature","id":623,"geometry":{"type":"Point","coordinates":[26.594443987928088,39.068603982902957]},"properties":{"FID":623,"fid_1":624,"ID":624,"Latitude":39.068604000000001,"Longitude":26.594443999999999,"Κόμβο":"Τμήμα οδού Έξοδος Μυτιλήνης προς αεροδρόμιο","Περιγ":" ","x_egsa87":724308.03864743281,"y_egsa87":4327306.3291860437}},{"type":"Feature","id":624,"geometry":{"type":"Point","coordinates":[26.594680987928175,39.068428982903143]},"properties":{"FID":624,"fid_1":625,"ID":625,"Latitude":39.068429000000002,"Longitude":26.594681000000001,"Κόμβο":"Τμήμα οδού Έξοδος Μυτιλήνης προς αεροδρόμιο","Περιγ":" ","x_egsa87":724329.10029497067,"y_egsa87":4327287.4904081784}},{"type":"Feature","id":625,"geometry":{"type":"Point","coordinates":[26.594925987928306,39.068219982903351]},"properties":{"FID":625,"fid_1":626,"ID":626,"Latitude":39.068219999999997,"Longitude":26.594926000000001,"Κόμβο":"Τμήμα οδού Έξοδος Μυτιλήνης προς αεροδρόμιο","Περιγ":" ","x_egsa87":724350.9620515703,"y_egsa87":4327264.8975673206}},{"type":"Feature","id":626,"geometry":{"type":"Point","coordinates":[26.595160987928409,39.068031982903541]},"properties":{"FID":626,"fid_1":627,"ID":627,"Latitude":39.068032000000002,"Longitude":26.595161000000001,"Κόμβο":"Τμήμα οδού Έξοδος Μυτιλήνης προς αεροδρόμιο","Περιγ":" ","x_egsa87":724371.89207251836,"y_egsa87":4327244.6109963963}},{"type":"Feature","id":627,"geometry":{"type":"Point","coordinates":[26.595376987928503,39.067862982903719]},"properties":{"FID":627,"fid_1":628,"ID":628,"Latitude":39.067863000000003,"Longitude":26.595376999999999,"Κόμβο":"Τμήμα οδού Έξοδος Μυτιλήνης προς αεροδρόμιο","Περιγ":" ","x_egsa87":724391.11792389257,"y_egsa87":4327226.3864491824}},{"type":"Feature","id":628,"geometry":{"type":"Point","coordinates":[26.595614987928602,39.067666982903901]},"properties":{"FID":628,"fid_1":629,"ID":629,"Latitude":39.067667,"Longitude":26.595614999999999,"Κόμβο":"Τμήμα οδού Έξοδος Μυτιλήνης προς αεροδρόμιο","Περιγ":" ","x_egsa87":724412.33310128551,"y_egsa87":4327205.2194200857}},{"type":"Feature","id":629,"geometry":{"type":"Point","coordinates":[26.595829987928756,39.067460982904144]},"properties":{"FID":629,"fid_1":630,"ID":630,"Latitude":39.067461000000002,"Longitude":26.595829999999999,"Κόμβο":"Τμήμα οδού Έξοδος Μυτιλήνης προς αεροδρόμιο","Περιγ":" ","x_egsa87":724431.5899510897,"y_egsa87":4327182.8856155062}},{"type":"Feature","id":630,"geometry":{"type":"Point","coordinates":[26.596099987928941,39.067206982904423]},"properties":{"FID":630,"fid_1":631,"ID":631,"Latitude":39.067207000000003,"Longitude":26.5961,"Κόμβο":"Τμήμα οδού Έξοδος Μυτιλήνης προς αεροδρόμιο","Περιγ":" ","x_egsa87":724455.75822279556,"y_egsa87":4327155.3599994089}},{"type":"Feature","id":631,"geometry":{"type":"Point","coordinates":[26.59624998792907,39.067048982904616]},"properties":{"FID":631,"fid_1":632,"ID":632,"Latitude":39.067048999999997,"Longitude":26.596250000000001,"Κόμβο":"Τμήμα οδού Έξοδος Μυτιλήνης προς αεροδρόμιο","Περιγ":" ","x_egsa87":724469.23867992673,"y_egsa87":4327138.193409414}},{"type":"Feature","id":632,"geometry":{"type":"Point","coordinates":[26.59646298792925,39.066821982904905]},"properties":{"FID":632,"fid_1":633,"ID":633,"Latitude":39.066822000000002,"Longitude":26.596463,"Κόμβο":"Τμήμα οδού Έξοδος Μυτιλήνης προς αεροδρόμιο","Περιγ":" ","x_egsa87":724488.38940057368,"y_egsa87":4327113.5238564685}},{"type":"Feature","id":633,"geometry":{"type":"Point","coordinates":[26.596688987929429,39.066597982905158]},"properties":{"FID":633,"fid_1":634,"ID":634,"Latitude":39.066597999999999,"Longitude":26.596689000000001,"Κόμβο":"Τμήμα οδού Έξοδος Μυτιλήνης προς αεροδρόμιο","Περιγ":" ","x_egsa87":724508.65560303268,"y_egsa87":4327089.2194853071}},{"type":"Feature","id":634,"geometry":{"type":"Point","coordinates":[26.596918987929634,39.066344982905463]},"properties":{"FID":634,"fid_1":635,"ID":635,"Latitude":39.066344999999998,"Longitude":26.596919,"Κόμβο":"Τμήμα οδού Έξοδος Μυτιλήνης προς αεροδρόμιο","Περιγ":" ","x_egsa87":724529.36005074263,"y_egsa87":4327061.7061513001}},{"type":"Feature","id":635,"geometry":{"type":"Point","coordinates":[26.597116987929873,39.066093982905826]},"properties":{"FID":635,"fid_1":636,"ID":636,"Latitude":39.066094,"Longitude":26.597117000000001,"Κόμβο":"Τμήμα οδού Έξοδος Μυτιλήνης προς αεροδρόμιο","Περιγ":" ","x_egsa87":724547.28932816978,"y_egsa87":4327034.3357093902}},{"type":"Feature","id":636,"geometry":{"type":"Point","coordinates":[26.597268987930118,39.065856982906162]},"properties":{"FID":636,"fid_1":637,"ID":637,"Latitude":39.065857000000001,"Longitude":26.597269000000001,"Κόμβο":"Τμήμα οδού Έξοδος Μυτιλήνης προς αεροδρόμιο","Περιγ":" ","x_egsa87":724561.19390266808,"y_egsa87":4327008.4054717124}},{"type":"Feature","id":637,"geometry":{"type":"Point","coordinates":[26.597356987930446,39.065601982906578]},"properties":{"FID":637,"fid_1":638,"ID":638,"Latitude":39.065601999999998,"Longitude":26.597356999999999,"Κόμβο":"Τμήμα οδού Έξοδος Μυτιλήνης προς αεροδρόμιο","Περιγ":" ","x_egsa87":724569.61771299341,"y_egsa87":4326980.3189993296}},{"type":"Feature","id":638,"geometry":{"type":"Point","coordinates":[26.597470987930706,39.065371982906946]},"properties":{"FID":638,"fid_1":639,"ID":639,"Latitude":39.065372000000004,"Longitude":26.597470999999999,"Κόμβο":"Τμήμα οδού Έξοδος Μυτιλήνης προς αεροδρόμιο","Περιγ":" ","x_egsa87":724580.21205067809,"y_egsa87":4326955.0717687635}},{"type":"Feature","id":639,"geometry":{"type":"Point","coordinates":[26.597569987930989,39.065146982907301]},"properties":{"FID":639,"fid_1":640,"ID":640,"Latitude":39.065147000000003,"Longitude":26.597570000000001,"Κόμβο":"Τμήμα οδού Έξοδος Μυτιλήνης προς αεροδρόμιο","Περιγ":" ","x_egsa87":724589.49261344085,"y_egsa87":4326930.3424258446}},{"type":"Feature","id":640,"geometry":{"type":"Point","coordinates":[26.597690987931301,39.064882982907719]},"properties":{"FID":640,"fid_1":641,"ID":641,"Latitude":39.064883000000002,"Longitude":26.597691000000001,"Κόμβο":"Τμήμα οδού Έξοδος Μυτιλήνης προς αεροδρόμιο","Περιγ":" ","x_egsa87":724600.80068526533,"y_egsa87":4326901.3386493437}},{"type":"Feature","id":641,"geometry":{"type":"Point","coordinates":[26.597810987931567,39.064653982908055]},"properties":{"FID":641,"fid_1":642,"ID":642,"Latitude":39.064653999999997,"Longitude":26.597811,"Κόμβο":"Τμήμα οδού Έξοδος Μυτιλήνης προς αεροδρόμιο","Περιγ":" ","x_egsa87":724611.91122417455,"y_egsa87":4326876.2172958404}},{"type":"Feature","id":642,"geometry":{"type":"Point","coordinates":[26.597941987931879,39.06438898290849]},"properties":{"FID":642,"fid_1":643,"ID":643,"Latitude":39.064388999999998,"Longitude":26.597942,"Κόμβο":"Τμήμα οδού Έξοδος Μυτιλήνης προς αεροδρόμιο","Περιγ":" ","x_egsa87":724624.08793407213,"y_egsa87":4326847.127292159}},{"type":"Feature","id":643,"geometry":{"type":"Point","coordinates":[26.598070987932172,39.06412898290889]},"properties":{"FID":643,"fid_1":644,"ID":644,"Latitude":39.064129000000001,"Longitude":26.598071000000001,"Κόμβο":"Τμήμα οδού Έξοδος Μυτιλήνης προς αεροδρόμιο","Περιγ":" ","x_egsa87":724636.07579008408,"y_egsa87":4326818.5873393249}},{"type":"Feature","id":644,"geometry":{"type":"Point","coordinates":[26.598217987932454,39.063872982909288]},"properties":{"FID":644,"fid_1":645,"ID":645,"Latitude":39.063873000000001,"Longitude":26.598217999999999,"Κόμβο":"Τμήμα οδού Έξοδος Μυτιλήνης προς αεροδρόμιο","Περιγ":" ","x_egsa87":724649.60861894814,"y_egsa87":4326790.5359287644}},{"type":"Feature","id":645,"geometry":{"type":"Point","coordinates":[26.598371987932655,39.063665982909555]},"properties":{"FID":645,"fid_1":646,"ID":646,"Latitude":39.063665999999998,"Longitude":26.598372000000001,"Κόμβο":"Τμήμα οδού Έξοδος Μυτιλήνης προς αεροδρόμιο","Περιγ":" ","x_egsa87":724663.59173306753,"y_egsa87":4326767.940696816}},{"type":"Feature","id":646,"geometry":{"type":"Point","coordinates":[26.598560987932906,39.063408982909898]},"properties":{"FID":646,"fid_1":647,"ID":647,"Latitude":39.063409,"Longitude":26.598561,"Κόμβο":"Τμήμα οδού Έξοδος Μυτιλήνης προς αεροδρόμιο","Περιγ":" ","x_egsa87":724680.76230963622,"y_egsa87":4326739.8822704395}},{"type":"Feature","id":647,"geometry":{"type":"Point","coordinates":[26.598686987933156,39.063185982910255]},"properties":{"FID":647,"fid_1":648,"ID":648,"Latitude":39.063186000000002,"Longitude":26.598687000000002,"Κόμβο":"Τμήμα οδού Έξοδος Μυτιλήνης προς αεροδρόμιο","Περιγ":" ","x_egsa87":724692.37344210048,"y_egsa87":4326715.4418440778}},{"type":"Feature","id":648,"geometry":{"type":"Point","coordinates":[26.598849987933349,39.062978982910529]},"properties":{"FID":648,"fid_1":649,"ID":649,"Latitude":39.062978999999999,"Longitude":26.598849999999999,"Κόμβο":"Τμήμα οδού Έξοδος Μυτιλήνης προς αεροδρόμιο","Περιγ":" ","x_egsa87":724707.13560124044,"y_egsa87":4326692.8689548075}},{"type":"Feature","id":649,"geometry":{"type":"Point","coordinates":[26.599009987933663,39.062698982910952]},"properties":{"FID":649,"fid_1":650,"ID":650,"Latitude":39.062699000000002,"Longitude":26.59901,"Κόμβο":"Τμήμα οδού Έξοδος Μυτιλήνης προς αεροδρόμιο","Περιγ":" ","x_egsa87":724721.8700052799,"y_egsa87":4326662.1859088726}},{"type":"Feature","id":650,"geometry":{"type":"Point","coordinates":[26.599143987933914,39.062464982911287]},"properties":{"FID":650,"fid_1":651,"ID":651,"Latitude":39.062465000000003,"Longitude":26.599143999999999,"Κόμβο":"Τμήμα οδού Έξοδος Μυτιλήνης προς αεροδρόμιο","Περιγ":" ","x_egsa87":724734.20856164768,"y_egsa87":4326636.5443746848}},{"type":"Feature","id":651,"geometry":{"type":"Point","coordinates":[26.5993119879342,39.062197982911698]},"properties":{"FID":651,"fid_1":652,"ID":652,"Latitude":39.062198000000002,"Longitude":26.599312000000001,"Κόμβο":"Τμήμα οδού Έξοδος Μυτιλήνης προς αεροδρόμιο","Περιγ":" ","x_egsa87":724749.59415923501,"y_egsa87":4326607.324132992}},{"type":"Feature","id":652,"geometry":{"type":"Point","coordinates":[26.599405987934531,39.061935982912125]},"properties":{"FID":652,"fid_1":653,"ID":653,"Latitude":39.061936000000003,"Longitude":26.599405999999998,"Κόμβο":"Τμήμα οδού Έξοδος Μυτιλήνης προς αεροδρόμιο","Περιγ":" ","x_egsa87":724758.56037823588,"y_egsa87":4326578.4757077368}},{"type":"Feature","id":653,"geometry":{"type":"Point","coordinates":[26.599492987934834,39.06169698291253]},"properties":{"FID":653,"fid_1":654,"ID":654,"Latitude":39.061697000000002,"Longitude":26.599492999999999,"Κόμβο":"Τμήμα οδού Έξοδος Μυτιλήνης προς αεροδρόμιο","Περιγ":" ","x_egsa87":724766.84786952077,"y_egsa87":4326552.1628845688}},{"type":"Feature","id":654,"geometry":{"type":"Point","coordinates":[26.599561987935214,39.06142098291302]},"properties":{"FID":654,"fid_1":655,"ID":655,"Latitude":39.061421000000003,"Longitude":26.599561999999999,"Κόμβο":"Τμήμα οδού Έξοδος Μυτιλήνης προς αεροδρόμιο","Περιγ":" ","x_egsa87":724773.69525611657,"y_egsa87":4326521.698630278}},{"type":"Feature","id":655,"geometry":{"type":"Point","coordinates":[26.599647987935573,39.06114798291344]},"properties":{"FID":655,"fid_1":656,"ID":656,"Latitude":39.061148000000003,"Longitude":26.599647999999998,"Κόμβο":"Τμήμα οδού Έξοδος Μυτιλήνης προς αεροδρόμιο","Περιγ":" ","x_egsa87":724782.00427281018,"y_egsa87":4326491.609458792}},{"type":"Feature","id":656,"geometry":{"type":"Point","coordinates":[26.599753987935909,39.060874982913923]},"properties":{"FID":656,"fid_1":657,"ID":657,"Latitude":39.060875000000003,"Longitude":26.599754000000001,"Κόμβο":"Τμήμα οδού Έξοδος Μυτιλήνης προς αεροδρόμιο","Περιγ":" ","x_egsa87":724792.04407253989,"y_egsa87":4326461.5698116785}},{"type":"Feature","id":657,"geometry":{"type":"Point","coordinates":[26.599847987936172,39.060661982914247]},"properties":{"FID":657,"fid_1":658,"ID":658,"Latitude":39.060662000000001,"Longitude":26.599848000000001,"Κόμβο":"Τμήμα οδού Έξοδος Μυτιλήνης προς αεροδρόμιο","Περιγ":" ","x_egsa87":724800.85494907864,"y_egsa87":4326438.1602622867}},{"type":"Feature","id":658,"geometry":{"type":"Point","coordinates":[26.600012987936413,39.060421982914612]},"properties":{"FID":658,"fid_1":659,"ID":659,"Latitude":39.060422000000003,"Longitude":26.600013000000001,"Κόμβο":"Τμήμα οδού Έξοδος Μυτιλήνης προς αεροδρόμιο","Περιγ":" ","x_egsa87":724815.89575356536,"y_egsa87":4326411.929612766}},{"type":"Feature","id":659,"geometry":{"type":"Point","coordinates":[26.60017298793667,39.060174982914958]},"properties":{"FID":659,"fid_1":660,"ID":660,"Latitude":39.060175000000001,"Longitude":26.600173000000002,"Κόμβο":"Τμήμα οδού Έξοδος Μυτιλήνης προς αεροδρόμιο","Περιγ":" ","x_egsa87":724830.52619749168,"y_egsa87":4326384.9096309319}},{"type":"Feature","id":660,"geometry":{"type":"Point","coordinates":[26.600344987936914,39.059932982915299]},"properties":{"FID":660,"fid_1":661,"ID":661,"Latitude":39.059933000000001,"Longitude":26.600345000000001,"Κόμβο":"Τμήμα οδού Έξοδος Μυτιλήνης προς αεροδρόμιο","Περιγ":" ","x_egsa87":724846.1793049844,"y_egsa87":4326358.4743730249}},{"type":"Feature","id":661,"geometry":{"type":"Point","coordinates":[26.600480987937178,39.059696982915646]},"properties":{"FID":661,"fid_1":662,"ID":662,"Latitude":39.059697,"Longitude":26.600480999999998,"Κόμβο":"Τμήμα οδού Έξοδος Μυτιλήνης προς αεροδρόμιο","Περιγ":" ","x_egsa87":724858.69808420399,"y_egsa87":4326332.6159667177}},{"type":"Feature","id":662,"geometry":{"type":"Point","coordinates":[26.600627987937418,39.059462982915981]},"properties":{"FID":662,"fid_1":663,"ID":663,"Latitude":39.059463000000001,"Longitude":26.600628,"Κόμβο":"Τμήμα οδού Έξοδος Μυτιλήνης προς αεροδρόμιο","Περιγ":" ","x_egsa87":724872.16250610258,"y_egsa87":4326307.0068143131}},{"type":"Feature","id":663,"geometry":{"type":"Point","coordinates":[26.600711987937746,39.05921398291639]},"properties":{"FID":663,"fid_1":664,"ID":664,"Latitude":39.059213999999997,"Longitude":26.600712000000001,"Κόμβο":"Τμήμα οδού Έξοδος Μυτιλήνης προς αεροδρόμιο","Περιγ":" ","x_egsa87":724880.22273064521,"y_egsa87":4326279.5766957654}},{"type":"Feature","id":664,"geometry":{"type":"Point","coordinates":[26.541275987911135,39.106767982868924]},"properties":{"FID":664,"fid_1":665,"ID":665,"Latitude":39.106768000000002,"Longitude":26.541276,"Κόμβο":"Τμήμα οδού Κόμβος Βόρειας παράκαμψης προς Μυτιλήνη","Περιγ":" ","x_egsa87":719589.05680989986,"y_egsa87":4331412.3543325113}},{"type":"Feature","id":665,"geometry":{"type":"Point","coordinates":[26.540988987911145,39.106912982868863]},"properties":{"FID":665,"fid_1":666,"ID":666,"Latitude":39.106912999999999,"Longitude":26.540989,"Κόμβο":"Τμήμα οδού Κόμβος Βόρειας παράκαμψης προς Μυτιλήνη","Περιγ":" ","x_egsa87":719563.78669232596,"y_egsa87":4331427.7540391563}},{"type":"Feature","id":666,"geometry":{"type":"Point","coordinates":[26.540740987911168,39.107023982868853]},"properties":{"FID":666,"fid_1":667,"ID":667,"Latitude":39.107024000000003,"Longitude":26.540741000000001,"Κόμβο":"Τμήμα οδού Κόμβος Βόρειας παράκαμψης προς Μυτιλήνη","Περιγ":" ","x_egsa87":719541.99498705065,"y_egsa87":4331439.4743436072}},{"type":"Feature","id":667,"geometry":{"type":"Point","coordinates":[26.54046398791121,39.107136982868816]},"properties":{"FID":667,"fid_1":668,"ID":668,"Latitude":39.107137000000002,"Longitude":26.540464,"Κόμβο":"Τμήμα οδού Κόμβος Βόρειας παράκαμψης προς Μυτιλήνη","Περιγ":" ","x_egsa87":719517.68924388278,"y_egsa87":4331451.346514672}},{"type":"Feature","id":668,"geometry":{"type":"Point","coordinates":[26.540237987911148,39.107291982868681]},"properties":{"FID":668,"fid_1":669,"ID":669,"Latitude":39.107292000000001,"Longitude":26.540237999999999,"Κόμβο":"Τμήμα οδού Κόμβος Βόρειας παράκαμψης προς Μυτιλήνη","Περιγ":" ","x_egsa87":719497.66355190519,"y_egsa87":4331468.0040159244}},{"type":"Feature","id":669,"geometry":{"type":"Point","coordinates":[26.540047987910953,39.107518982868406]},"properties":{"FID":669,"fid_1":670,"ID":670,"Latitude":39.107519000000003,"Longitude":26.540047999999999,"Κόμβο":"Τμήμα οδού Κόμβος Βόρειας παράκαμψης προς Μυτιλήνη","Περιγ":" ","x_egsa87":719480.52756328322,"y_egsa87":4331492.7404070729}},{"type":"Feature","id":670,"geometry":{"type":"Point","coordinates":[26.539991987910554,39.107797982867901]},"properties":{"FID":670,"fid_1":671,"ID":671,"Latitude":39.107798000000003,"Longitude":26.539992000000002,"Κόμβο":"Τμήμα οδού Κόμβος Βόρειας παράκαμψης προς Μυτιλήνη","Περιγ":" ","x_egsa87":719474.81827435479,"y_egsa87":4331523.5728673982}},{"type":"Feature","id":671,"geometry":{"type":"Point","coordinates":[26.539846987910256,39.108068982867465]},"properties":{"FID":671,"fid_1":672,"ID":672,"Latitude":39.108069,"Longitude":26.539847000000002,"Κόμβο":"Τμήμα οδού Κόμβος Βόρειας παράκαμψης προς Μυτιλήνη","Περιγ":" ","x_egsa87":719461.43732950231,"y_egsa87":4331553.3020175649}},{"type":"Feature","id":672,"geometry":{"type":"Point","coordinates":[26.539644987910144,39.108242982867282]},"properties":{"FID":672,"fid_1":673,"ID":673,"Latitude":39.108243000000002,"Longitude":26.539645,"Κόμβο":"Τμήμα οδού Κόμβος Βόρειας παράκαμψης προς Μυτιλήνη","Περιγ":" ","x_egsa87":719443.42846933438,"y_egsa87":4331572.1266424712}},{"type":"Feature","id":673,"geometry":{"type":"Point","coordinates":[26.539450987910016,39.108424982867085]},"properties":{"FID":673,"fid_1":674,"ID":674,"Latitude":39.108424999999997,"Longitude":26.539451,"Κόμβο":"Τμήμα οδού Κόμβος Βόρειας παράκαμψης προς Μυτιλήνη","Περιγ":" ","x_egsa87":719426.08667299815,"y_egsa87":4331591.8586292136}},{"type":"Feature","id":674,"geometry":{"type":"Point","coordinates":[26.539290987909752,39.10867698286674]},"properties":{"FID":674,"fid_1":675,"ID":675,"Latitude":39.108677,"Longitude":26.539290999999999,"Κόμβο":"Τμήμα οδού Κόμβος Βόρειας παράκαμψης προς Μυτιλήνη","Περιγ":" ","x_egsa87":719411.46784484747,"y_egsa87":4331619.4426376522}},{"type":"Feature","id":675,"geometry":{"type":"Point","coordinates":[26.539133987909583,39.10886098286646]},"properties":{"FID":675,"fid_1":676,"ID":676,"Latitude":39.108860999999997,"Longitude":26.539134000000001,"Κόμβο":"Τμήμα οδού Κόμβος Βόρειας παράκαμψης προς Μυτιλήνη","Περιγ":" ","x_egsa87":719397.31966332556,"y_egsa87":4331639.4861790286}},{"type":"Feature","id":676,"geometry":{"type":"Point","coordinates":[26.53891098790951,39.109021982866345]},"properties":{"FID":676,"fid_1":677,"ID":677,"Latitude":39.109022000000003,"Longitude":26.538910999999999,"Κόμβο":"Τμήμα οδού Κόμβος Βόρειας παράκαμψης προς Μυτιλήνη","Περιγ":" ","x_egsa87":719377.53549074579,"y_egsa87":4331656.8171944432}},{"type":"Feature","id":677,"geometry":{"type":"Point","coordinates":[26.53867398790949,39.109156982866253]},"properties":{"FID":677,"fid_1":678,"ID":678,"Latitude":39.109157000000003,"Longitude":26.538674,"Κόμβο":"Τμήμα οδού Κόμβος Βόρειας παράκαμψης προς Μυτιλήνη","Περιγ":" ","x_egsa87":719356.62144227221,"y_egsa87":4331671.2284946619}},{"type":"Feature","id":678,"geometry":{"type":"Point","coordinates":[26.53841298790951,39.109275982866222]},"properties":{"FID":678,"fid_1":679,"ID":679,"Latitude":39.109276000000001,"Longitude":26.538412999999998,"Κόμβο":"Τμήμα οδού Κόμβος Βόρειας παράκαμψης προς Μυτιλήνη","Περιγ":" ","x_egsa87":719333.68170013023,"y_egsa87":4331683.8058700254}},{"type":"Feature","id":679,"geometry":{"type":"Point","coordinates":[26.549988987885126,39.118888982839067]},"properties":{"FID":679,"fid_1":680,"ID":680,"Latitude":39.118889000000003,"Longitude":26.549989,"Κόμβο":"Τμήμα οδού Κόμβος ΔΕΗ προς Παναγιούδα","Περιγ":" ","x_egsa87":720304.75670677307,"y_egsa87":4332778.8728399249}},{"type":"Feature","id":680,"geometry":{"type":"Point","coordinates":[26.549911987884869,39.119090982838721]},"properties":{"FID":680,"fid_1":681,"ID":681,"Latitude":39.119090999999997,"Longitude":26.549911999999999,"Κόμβο":"Τμήμα οδού Κόμβος ΔΕΗ προς Παναγιούδα","Περιγ":" ","x_egsa87":720297.46895907633,"y_egsa87":4332801.1070980662}},{"type":"Feature","id":681,"geometry":{"type":"Point","coordinates":[26.549810987884726,39.119234982838528]},"properties":{"FID":681,"fid_1":682,"ID":682,"Latitude":39.119235000000003,"Longitude":26.549810999999998,"Κόμβο":"Τμήμα οδού Κόμβος ΔΕΗ προς Παναγιούδα","Περιγ":" ","x_egsa87":720288.28697663918,"y_egsa87":4332816.8452545349}},{"type":"Feature","id":682,"geometry":{"type":"Point","coordinates":[26.549684987884479,39.119458982838189]},"properties":{"FID":682,"fid_1":683,"ID":683,"Latitude":39.119458999999999,"Longitude":26.549685,"Κόμβο":"Τμήμα οδού Κόμβος ΔΕΗ προς Παναγιούδα","Περιγ":" ","x_egsa87":720276.69395524333,"y_egsa87":4332841.4024229245}},{"type":"Feature","id":683,"geometry":{"type":"Point","coordinates":[26.549573987884198,39.119688982837822]},"properties":{"FID":683,"fid_1":684,"ID":684,"Latitude":39.119689000000001,"Longitude":26.549574,"Κόμβο":"Τμήμα οδού Κόμβος ΔΕΗ προς Παναγιούδα","Περιγ":" ","x_egsa87":720266.37924769614,"y_egsa87":4332866.6620215075}},{"type":"Feature","id":684,"geometry":{"type":"Point","coordinates":[26.549492987883916,39.11990698283747]},"properties":{"FID":684,"fid_1":685,"ID":685,"Latitude":39.119906999999998,"Longitude":26.549492999999998,"Κόμβο":"Τμήμα οδού Κόμβος ΔΕΗ προς Παναγιούδα","Περιγ":" ","x_egsa87":720258.69592302095,"y_egsa87":4332890.6625404861}},{"type":"Feature","id":685,"geometry":{"type":"Point","coordinates":[26.549376987883694,39.120118982837134]},"properties":{"FID":685,"fid_1":686,"ID":686,"Latitude":39.120119000000003,"Longitude":26.549377,"Κόμβο":"Τμήμα οδού Κόμβος ΔΕΗ προς Παναγιούδα","Περιγ":" ","x_egsa87":720248.00513203966,"y_egsa87":4332913.9120754525}},{"type":"Feature","id":686,"geometry":{"type":"Point","coordinates":[26.549220987883391,39.120389982836741]},"properties":{"FID":686,"fid_1":687,"ID":687,"Latitude":39.12039,"Longitude":26.549220999999999,"Κόμβο":"Τμήμα οδού Κόμβος ΔΕΗ προς Παναγιούδα","Περιγ":" ","x_egsa87":720233.67192442867,"y_egsa87":4332943.613275962}},{"type":"Feature","id":687,"geometry":{"type":"Point","coordinates":[26.549103987883047,39.120669982836283]},"properties":{"FID":687,"fid_1":688,"ID":688,"Latitude":39.120669999999997,"Longitude":26.549104,"Κόμβο":"Τμήμα οδού Κόμβος ΔΕΗ προς Παναγιούδα","Περιγ":" ","x_egsa87":720222.68279818748,"y_egsa87":4332974.4081839947}},{"type":"Feature","id":688,"geometry":{"type":"Point","coordinates":[26.549007987882735,39.120919982835879]},"properties":{"FID":688,"fid_1":689,"ID":689,"Latitude":39.120919999999998,"Longitude":26.549008000000001,"Κόμβο":"Τμήμα οδού Κόμβος ΔΕΗ προς Παναγιούδα","Περιγ":" ","x_egsa87":720213.60298343457,"y_egsa87":4333001.9242043057}},{"type":"Feature","id":689,"geometry":{"type":"Point","coordinates":[26.548909987882467,39.121133982835524]},"properties":{"FID":689,"fid_1":690,"ID":690,"Latitude":39.121133999999998,"Longitude":26.548909999999999,"Κόμβο":"Τμήμα οδού Κόμβος ΔΕΗ προς Παναγιούδα","Περιγ":" ","x_egsa87":720204.46253028221,"y_egsa87":4333025.4394972129}},{"type":"Feature","id":690,"geometry":{"type":"Point","coordinates":[26.54885998788221,39.121328982835195]},"properties":{"FID":690,"fid_1":691,"ID":691,"Latitude":39.121329000000003,"Longitude":26.548860000000001,"Κόμβο":"Τμήμα οδού Κόμβος ΔΕΗ προς Παναγιούδα","Περιγ":" ","x_egsa87":720199.5315224966,"y_egsa87":4333046.9624241423}},{"type":"Feature","id":691,"geometry":{"type":"Point","coordinates":[26.548774987881746,39.1216659828346]},"properties":{"FID":691,"fid_1":692,"ID":692,"Latitude":39.121665999999998,"Longitude":26.548774999999999,"Κόμβο":"Τμήμα οδού Κόμβος ΔΕΗ προς Παναγιούδα","Περιγ":" ","x_egsa87":720191.13171263481,"y_egsa87":4333084.1618875619}},{"type":"Feature","id":692,"geometry":{"type":"Point","coordinates":[26.548720987881321,39.12196598283407]},"properties":{"FID":692,"fid_1":693,"ID":693,"Latitude":39.121966,"Longitude":26.548721,"Κόμβο":"Τμήμα οδού Κόμβος ΔΕΗ προς Παναγιούδα","Περιγ":" ","x_egsa87":720185.52759719768,"y_egsa87":4333117.3297578348}},{"type":"Feature","id":693,"geometry":{"type":"Point","coordinates":[26.548660987880915,39.122256982833562]},"properties":{"FID":693,"fid_1":694,"ID":694,"Latitude":39.122256999999998,"Longitude":26.548660999999999,"Κόμβο":"Τμήμα οδού Κόμβος ΔΕΗ προς Παναγιούδα","Περιγ":" ","x_egsa87":720179.43280722678,"y_egsa87":4333149.4840924507}},{"type":"Feature","id":694,"geometry":{"type":"Point","coordinates":[26.548535987880509,39.122579982833017]},"properties":{"FID":694,"fid_1":695,"ID":695,"Latitude":39.122579999999999,"Longitude":26.548535999999999,"Κόμβο":"Τμήμα οδού Κόμβος ΔΕΗ προς Παναγιούδα","Περιγ":" ","x_egsa87":720167.61838608759,"y_egsa87":4333185.0324962968}},{"type":"Feature","id":695,"geometry":{"type":"Point","coordinates":[26.548406987880238,39.122822982832645]},"properties":{"FID":695,"fid_1":696,"ID":696,"Latitude":39.122822999999997,"Longitude":26.548407000000001,"Κόμβο":"Τμήμα οδού Κόμβος ΔΕΗ προς Παναγιούδα","Περιγ":"πίλαρ","x_egsa87":720155.7075794487,"y_egsa87":4333211.691469796}},{"type":"Feature","id":696,"geometry":{"type":"Point","coordinates":[26.54794998788007,39.123160982832339]},"properties":{"FID":696,"fid_1":697,"ID":697,"Latitude":39.123161000000003,"Longitude":26.54795,"Κόμβο":"Τμήμα οδού Κόμβος ΔΕΗ προς Παναγιούδα","Περιγ":" ","x_egsa87":720115.14201384189,"y_egsa87":4333248.0988559006}},{"type":"Feature","id":697,"geometry":{"type":"Point","coordinates":[26.547714987880045,39.123300982832248]},"properties":{"FID":697,"fid_1":698,"ID":698,"Latitude":39.123300999999998,"Longitude":26.547715,"Κόμβο":"Τμήμα οδού Κόμβος ΔΕΗ προς Παναγιούδα","Περιγ":" ","x_egsa87":720094.38775551505,"y_egsa87":4333263.0679414244}},{"type":"Feature","id":698,"geometry":{"type":"Point","coordinates":[26.547659987880017,39.123344982832187]},"properties":{"FID":698,"fid_1":699,"ID":699,"Latitude":39.123345,"Longitude":26.54766,"Κόμβο":"Τμήμα οδού Κόμβος ΔΕΗ προς Παναγιούδα","Περιγ":"πίλαρ","x_egsa87":720089.49538062699,"y_egsa87":4333267.8182931412}},{"type":"Feature","id":699,"geometry":{"type":"Point","coordinates":[26.547457987879927,39.12350198283206]},"properties":{"FID":699,"fid_1":700,"ID":700,"Latitude":39.123502000000002,"Longitude":26.547457999999999,"Κόμβο":"Τμήμα οδού Κόμβος ΔΕΗ προς Παναγιούδα","Περιγ":" ","x_egsa87":720071.54140522587,"y_egsa87":4333284.7544791037}},{"type":"Feature","id":700,"geometry":{"type":"Point","coordinates":[26.547204987879887,39.123663982831921]},"properties":{"FID":700,"fid_1":701,"ID":701,"Latitude":39.123663999999998,"Longitude":26.547205000000002,"Κόμβο":"Τμήμα οδού Κόμβος ΔΕΗ προς Παναγιούδα","Περιγ":" ","x_egsa87":720049.16252375313,"y_egsa87":4333302.1219162345}},{"type":"Feature","id":701,"geometry":{"type":"Point","coordinates":[26.54699598787985,39.123792982831816]},"properties":{"FID":701,"fid_1":702,"ID":702,"Latitude":39.123792999999999,"Longitude":26.546996,"Κόμβο":"Τμήμα οδού Κόμβος ΔΕΗ προς Παναγιούδα","Περιγ":" ","x_egsa87":720030.69073173602,"y_egsa87":4333315.9332952825}},{"type":"Feature","id":702,"geometry":{"type":"Point","coordinates":[26.546635987879817,39.123998982831701]},"properties":{"FID":702,"fid_1":703,"ID":703,"Latitude":39.123998999999998,"Longitude":26.546635999999999,"Κόμβο":"Τμήμα οδού Κόμβος ΔΕΗ προς Παναγιούδα","Περιγ":" ","x_egsa87":719998.9239094808,"y_egsa87":4333337.9250745671}},{"type":"Feature","id":703,"geometry":{"type":"Point","coordinates":[26.546317987879792,39.124176982831578]},"properties":{"FID":703,"fid_1":704,"ID":704,"Latitude":39.124177000000003,"Longitude":26.546317999999999,"Κόμβο":"Τμήμα οδού Κόμβος ΔΕΗ προς Παναγιούδα","Περιγ":" ","x_egsa87":719970.87572115229,"y_egsa87":4333356.9109607954}},{"type":"Feature","id":704,"geometry":{"type":"Point","coordinates":[26.546093987879694,39.124351982831428]},"properties":{"FID":704,"fid_1":705,"ID":705,"Latitude":39.124352000000002,"Longitude":26.546094,"Κόμβο":"Τμήμα οδού Κόμβος ΔΕΗ προς Παναγιούδα","Περιγ":" ","x_egsa87":719950.96406999463,"y_egsa87":4333375.7919727573}},{"type":"Feature","id":705,"geometry":{"type":"Point","coordinates":[26.545881987879635,39.124498982831298]},"properties":{"FID":705,"fid_1":706,"ID":706,"Latitude":39.124499,"Longitude":26.545881999999999,"Κόμβο":"Τμήμα οδού Κόμβος ΔΕΗ προς Παναγιούδα","Περιγ":" ","x_egsa87":719932.17720063915,"y_egsa87":4333391.5942326011}},{"type":"Feature","id":706,"geometry":{"type":"Point","coordinates":[26.545684987879557,39.124650982831149]},"properties":{"FID":706,"fid_1":707,"ID":707,"Latitude":39.124651,"Longitude":26.545684999999999,"Κόμβο":"Τμήμα οδού Κόμβος ΔΕΗ προς Παναγιούδα","Περιγ":" ","x_egsa87":719914.67170304817,"y_egsa87":4333407.9878988825}},{"type":"Feature","id":707,"geometry":{"type":"Point","coordinates":[26.54545798787942,39.124855982830923]},"properties":{"FID":707,"fid_1":708,"ID":708,"Latitude":39.124856000000001,"Longitude":26.545458,"Κόμβο":"Τμήμα οδού Κόμβος ΔΕΗ προς Παναγιούδα","Περιγ":" ","x_egsa87":719894.40753543982,"y_egsa87":4333430.1916674338}},{"type":"Feature","id":708,"geometry":{"type":"Point","coordinates":[26.545280987879288,39.125028982830706]},"properties":{"FID":708,"fid_1":709,"ID":709,"Latitude":39.125028999999998,"Longitude":26.545280999999999,"Κόμβο":"Τμήμα οδού Κόμβος ΔΕΗ προς Παναγιούδα","Περιγ":" ","x_egsa87":719878.56596511218,"y_egsa87":4333448.9648419302}},{"type":"Feature","id":709,"geometry":{"type":"Point","coordinates":[26.545172987878878,39.125347982830192]},"properties":{"FID":709,"fid_1":710,"ID":710,"Latitude":39.125348000000002,"Longitude":26.545172999999998,"Κόμβο":"Τμήμα οδού Κόμβος ΔΕΗ προς Παναγιούδα","Περιγ":" ","x_egsa87":719868.23547049949,"y_egsa87":4333484.1108745467}},{"type":"Feature","id":710,"geometry":{"type":"Point","coordinates":[26.544972987878747,39.125532982829959]},"properties":{"FID":710,"fid_1":711,"ID":711,"Latitude":39.125532999999997,"Longitude":26.544972999999999,"Κόμβο":"Τμήμα οδού Κόμβος ΔΕΗ προς Παναγιούδα","Περιγ":" ","x_egsa87":719850.36820446723,"y_egsa87":4333504.1602864349}},{"type":"Feature","id":711,"geometry":{"type":"Point","coordinates":[26.544810987878524,39.125760982829654]},"properties":{"FID":711,"fid_1":712,"ID":712,"Latitude":39.125760999999997,"Longitude":26.544810999999999,"Κόμβο":"Τμήμα οδού Κόμβος ΔΕΗ προς Παναγιούδα","Περιγ":" ","x_egsa87":719835.6525181625,"y_egsa87":4333529.0747256363}},{"type":"Feature","id":712,"geometry":{"type":"Point","coordinates":[26.544687987878248,39.12599798282929]},"properties":{"FID":712,"fid_1":713,"ID":713,"Latitude":39.125998000000003,"Longitude":26.544688000000001,"Κόμβο":"Τμήμα οδού Κόμβος ΔΕΗ προς Παναγιούδα","Περιγ":" ","x_egsa87":719824.28069012729,"y_egsa87":4333555.082713387}},{"type":"Feature","id":713,"geometry":{"type":"Point","coordinates":[26.544519987877926,39.126287982828849]},"properties":{"FID":713,"fid_1":714,"ID":714,"Latitude":39.126288000000002,"Longitude":26.544519999999999,"Κόμβο":"Τμήμα οδού Κόμβος ΔΕΗ προς Παναγιούδα","Περιγ":" ","x_egsa87":719808.85346059408,"y_egsa87":4333586.8644422852}},{"type":"Feature","id":714,"geometry":{"type":"Point","coordinates":[26.544405987877717,39.12648398282856]},"properties":{"FID":714,"fid_1":715,"ID":715,"Latitude":39.126483999999998,"Longitude":26.544405999999999,"Κόμβο":"Τμήμα οδού Κόμβος ΔΕΗ προς Παναγιούδα","Περιγ":" ","x_egsa87":719798.38749383902,"y_egsa87":4333608.3434189102}},{"type":"Feature","id":715,"geometry":{"type":"Point","coordinates":[26.544255987877452,39.1267279828282]},"properties":{"FID":715,"fid_1":716,"ID":716,"Latitude":39.126728,"Longitude":26.544256000000001,"Κόμβο":"Τμήμα οδού Κόμβος ΔΕΗ προς Παναγιούδα","Περιγ":" ","x_egsa87":719784.6598078704,"y_egsa87":4333635.0629795408}},{"type":"Feature","id":716,"geometry":{"type":"Point","coordinates":[26.544156987877145,39.126973982827799]},"properties":{"FID":716,"fid_1":717,"ID":717,"Latitude":39.126973999999997,"Longitude":26.544156999999998,"Κόμβο":"Τμήμα οδού Κόμβος ΔΕΗ προς Παναγιούδα","Περιγ":" ","x_egsa87":719775.33517918817,"y_egsa87":4333662.128177057}},{"type":"Feature","id":717,"geometry":{"type":"Point","coordinates":[26.543918987876872,39.127270982827412]},"properties":{"FID":717,"fid_1":718,"ID":718,"Latitude":39.127271,"Longitude":26.543918999999999,"Κόμβο":"Τμήμα οδού Κόμβος ΔΕΗ προς Παναγιούδα","Περιγ":" ","x_egsa87":719753.83472702815,"y_egsa87":4333694.5173000479}},{"type":"Feature","id":718,"geometry":{"type":"Point","coordinates":[26.543683987876864,39.12740198282733]},"properties":{"FID":718,"fid_1":719,"ID":719,"Latitude":39.127401999999996,"Longitude":26.543683999999999,"Κόμβο":"Τμήμα οδού Κόμβος ΔΕΗ προς Παναγιούδα","Περιγ":" ","x_egsa87":719733.11032186332,"y_egsa87":4333708.4883015994}},{"type":"Feature","id":719,"geometry":{"type":"Point","coordinates":[26.543602987876632,39.127585982827036]},"properties":{"FID":719,"fid_1":720,"ID":720,"Latitude":39.127586000000001,"Longitude":26.543603000000001,"Κόμβο":"Τμήμα οδού Κόμβος ΔΕΗ προς Παναγιούδα","Περιγ":" ","x_egsa87":719725.53501886048,"y_egsa87":4333728.7153817434}},{"type":"Feature","id":720,"geometry":{"type":"Point","coordinates":[26.543492987876355,39.12781798282667]},"properties":{"FID":720,"fid_1":721,"ID":721,"Latitude":39.127817999999998,"Longitude":26.543493000000002,"Κόμβο":"Τμήμα οδού Κόμβος ΔΕΗ προς Παναγιούδα","Περιγ":" ","x_egsa87":719715.30324524082,"y_egsa87":4333754.2000294691}},{"type":"Feature","id":721,"geometry":{"type":"Point","coordinates":[26.543406987876061,39.128051982826278]},"properties":{"FID":721,"fid_1":722,"ID":722,"Latitude":39.128051999999997,"Longitude":26.543406999999998,"Κόμβο":"Τμήμα οδού Κόμβος ΔΕΗ προς Παναγιούδα","Περιγ":" ","x_egsa87":719707.14019179193,"y_egsa87":4333779.9648408601}},{"type":"Feature","id":722,"geometry":{"type":"Point","coordinates":[26.543280987875434,39.128513982825488]},"properties":{"FID":722,"fid_1":723,"ID":723,"Latitude":39.128514000000003,"Longitude":26.543281,"Κόμβο":"Τμήμα οδού Κόμβος ΔΕΗ προς Παναγιούδα","Περιγ":" ","x_egsa87":719694.80972244334,"y_egsa87":4333830.9399707597}},{"type":"Feature","id":723,"geometry":{"type":"Point","coordinates":[26.543206987874992,39.128835982824917]},"properties":{"FID":723,"fid_1":724,"ID":724,"Latitude":39.128836,"Longitude":26.543206999999999,"Κόμβο":"Τμήμα οδού Κόμβος ΔΕΗ προς Παναγιούδα","Περιγ":" ","x_egsa87":719687.41045156098,"y_egsa87":4333866.5015843213}},{"type":"Feature","id":724,"geometry":{"type":"Point","coordinates":[26.543140987874612,39.129112982824438]},"properties":{"FID":724,"fid_1":725,"ID":725,"Latitude":39.129112999999997,"Longitude":26.543140999999999,"Κόμβο":"Τμήμα οδού Κόμβος ΔΕΗ προς Παναγιούδα","Περιγ":" ","x_egsa87":719680.84284378251,"y_egsa87":4333897.0877380753}},{"type":"Feature","id":725,"geometry":{"type":"Point","coordinates":[26.543058987874293,39.129354982824012]},"properties":{"FID":725,"fid_1":726,"ID":726,"Latitude":39.129354999999997,"Longitude":26.543059,"Κόμβο":"Τμήμα οδού Κόμβος ΔΕΗ προς Παναγιούδα","Περιγ":" ","x_egsa87":719673.00092810043,"y_egsa87":4333923.7502449565}},{"type":"Feature","id":726,"geometry":{"type":"Point","coordinates":[26.543009987873976,39.129590982823615]},"properties":{"FID":726,"fid_1":727,"ID":727,"Latitude":39.129590999999998,"Longitude":26.543009999999999,"Κόμβο":"Τμήμα οδού Κόμβος ΔΕΗ προς Παναγιούδα","Περιγ":" ","x_egsa87":719668.03062454995,"y_egsa87":4333949.8267350942}},{"type":"Feature","id":727,"geometry":{"type":"Point","coordinates":[26.542944987873646,39.129832982823174]},"properties":{"FID":727,"fid_1":728,"ID":728,"Latitude":39.129832999999998,"Longitude":26.542945,"Κόμβο":"Τμήμα οδού Κόμβος ΔΕΗ προς Παναγιούδα","Περιγ":" ","x_egsa87":719661.65846006828,"y_egsa87":4333976.5304417219}},{"type":"Feature","id":728,"geometry":{"type":"Point","coordinates":[26.542842987873424,39.130027982822902]},"properties":{"FID":728,"fid_1":729,"ID":729,"Latitude":39.130028000000003,"Longitude":26.542843000000001,"Κόμβο":"Τμήμα οδού Κόμβος ΔΕΗ προς Παναγιούδα","Περιγ":" ","x_egsa87":719652.23384585534,"y_egsa87":4333997.9276646348}},{"type":"Feature","id":729,"geometry":{"type":"Point","coordinates":[26.542794987872995,39.130323982822347]},"properties":{"FID":729,"fid_1":730,"ID":730,"Latitude":39.130324000000002,"Longitude":26.542795000000002,"Κόμβο":"Τμήμα οδού Κόμβος ΔΕΗ προς Παναγιούδα","Περιγ":" ","x_egsa87":719647.16344668076,"y_egsa87":4334030.666389659}},{"type":"Feature","id":730,"geometry":{"type":"Point","coordinates":[26.542650987872637,39.130621982821886]},"properties":{"FID":730,"fid_1":731,"ID":731,"Latitude":39.130622000000002,"Longitude":26.542650999999999,"Κόμβο":"Τμήμα οδού Κόμβος ΔΕΗ προς Παναγιούδα","Περιγ":" ","x_egsa87":719633.78762446926,"y_egsa87":4334063.3945350582}},{"type":"Feature","id":731,"geometry":{"type":"Point","coordinates":[26.542491987872367,39.130881982821492]},"properties":{"FID":731,"fid_1":732,"ID":732,"Latitude":39.130882,"Longitude":26.542491999999999,"Κόμβο":"Τμήμα οδού Κόμβος ΔΕΗ προς Παναγιούδα","Περιγ":" ","x_egsa87":719619.2333444329,"y_egsa87":4334091.868488715}},{"type":"Feature","id":732,"geometry":{"type":"Point","coordinates":[26.542383987872135,39.131076982821206]},"properties":{"FID":732,"fid_1":733,"ID":733,"Latitude":39.131076999999998,"Longitude":26.542383999999998,"Κόμβο":"Τμήμα οδού Κόμβος ΔΕΗ προς Παναγιούδα","Περιγ":" ","x_egsa87":719609.29025792971,"y_egsa87":4334113.2512211734}},{"type":"Feature","id":733,"geometry":{"type":"Point","coordinates":[26.542187987872005,39.131265982820985]},"properties":{"FID":733,"fid_1":734,"ID":734,"Latitude":39.131265999999997,"Longitude":26.542187999999999,"Κόμβο":"Τμήμα οδού Κόμβος ΔΕΗ προς Παναγιούδα","Περιγ":" ","x_egsa87":719591.75832289178,"y_egsa87":4334133.7548279753}},{"type":"Feature","id":734,"geometry":{"type":"Point","coordinates":[26.542028987871895,39.131414982820836]},"properties":{"FID":734,"fid_1":735,"ID":735,"Latitude":39.131414999999997,"Longitude":26.542028999999999,"Κόμβο":"Τμήμα οδού Κόμβος ΔΕΗ προς Παναγιούδα","Περιγ":" ","x_egsa87":719577.54949186312,"y_egsa87":4334149.9082180662}},{"type":"Feature","id":735,"geometry":{"type":"Point","coordinates":[26.541704987871718,39.13169898282051]},"properties":{"FID":735,"fid_1":736,"ID":736,"Latitude":39.131698999999998,"Longitude":26.541705,"Κόμβο":"Τμήμα οδού Κόμβος ΔΕΗ προς Παναγιούδα","Περιγ":" ","x_egsa87":719548.65683841542,"y_egsa87":4334180.6465850919}},{"type":"Feature","id":736,"geometry":{"type":"Point","coordinates":[26.541550987871585,39.131861982820311]},"properties":{"FID":736,"fid_1":737,"ID":737,"Latitude":39.131861999999998,"Longitude":26.541550999999998,"Κόμβο":"Τμήμα οδού Κόμβος ΔΕΗ προς Παναγιούδα","Περιγ":" ","x_egsa87":719534.83689151926,"y_egsa87":4334198.36610856}},{"type":"Feature","id":737,"geometry":{"type":"Point","coordinates":[26.540920987871257,39.132392982819731]},"properties":{"FID":737,"fid_1":738,"ID":738,"Latitude":39.132393,"Longitude":26.540921000000001,"Κόμβο":"Τμήμα οδού Κόμβος ΔΕΗ προς Παναγιούδα","Περιγ":" ","x_egsa87":719478.72356069321,"y_egsa87":4334255.779931047}},{"type":"Feature","id":738,"geometry":{"type":"Point","coordinates":[26.54084598787119,39.132472982819635]},"properties":{"FID":738,"fid_1":739,"ID":739,"Latitude":39.132472999999997,"Longitude":26.540845999999998,"Κόμβο":"Τμήμα οδού Κόμβος ΔΕΗ προς Παναγιούδα","Περιγ":" ","x_egsa87":719471.99127921404,"y_egsa87":4334264.4780932693}},{"type":"Feature","id":739,"geometry":{"type":"Point","coordinates":[26.54069098787112,39.132599982819528]},"properties":{"FID":739,"fid_1":740,"ID":740,"Latitude":39.132599999999996,"Longitude":26.540690999999999,"Κόμβο":"Τμήμα οδού Κόμβος ΔΕΗ προς Παναγιούδα","Περιγ":" ","x_egsa87":719458.19709153881,"y_egsa87":4334278.1994389948}},{"type":"Feature","id":740,"geometry":{"type":"Point","coordinates":[26.540590987870864,39.132810982819194]},"properties":{"FID":740,"fid_1":741,"ID":741,"Latitude":39.132810999999997,"Longitude":26.540590999999999,"Κόμβο":"Τμήμα οδού Κόμβος ΔΕΗ προς Παναγιούδα","Περιγ":" ","x_egsa87":719448.89649419102,"y_egsa87":4334301.3776652785}},{"type":"Feature","id":741,"geometry":{"type":"Point","coordinates":[26.540429987870741,39.132970982819003]},"properties":{"FID":741,"fid_1":742,"ID":742,"Latitude":39.132970999999998,"Longitude":26.540430000000001,"Κόμβο":"Τμήμα οδού Κόμβος ΔΕΗ προς Παναγιούδα","Περιγ":" ","x_egsa87":719434.48116180021,"y_egsa87":4334318.7474151924}},{"type":"Feature","id":742,"geometry":{"type":"Point","coordinates":[26.540270987870567,39.133165982818745]},"properties":{"FID":742,"fid_1":743,"ID":743,"Latitude":39.133166000000003,"Longitude":26.540271000000001,"Κόμβο":"Τμήμα οδού Κόμβος ΔΕΗ προς Παναγιούδα","Περιγ":" ","x_egsa87":719420.13001456275,"y_egsa87":4334340.0069140596}},{"type":"Feature","id":743,"geometry":{"type":"Point","coordinates":[26.540089987870342,39.133402982818438]},"properties":{"FID":743,"fid_1":744,"ID":744,"Latitude":39.133403000000001,"Longitude":26.540089999999999,"Κόμβο":"Τμήμα οδού Κόμβος ΔΕΗ προς Παναγιούδα","Περιγ":" ","x_egsa87":719403.74659208953,"y_egsa87":4334365.8750521094}},{"type":"Feature","id":744,"geometry":{"type":"Point","coordinates":[26.539962987870222,39.133549982818245]},"properties":{"FID":744,"fid_1":745,"ID":745,"Latitude":39.13355,"Longitude":26.539963,"Κόμβο":"Τμήμα οδού Κόμβος ΔΕΗ προς Παναγιούδα","Περιγ":" ","x_egsa87":719392.31105269352,"y_egsa87":4334381.8842035858}},{"type":"Feature","id":745,"geometry":{"type":"Point","coordinates":[26.539793987870027,39.133753982817986]},"properties":{"FID":745,"fid_1":746,"ID":746,"Latitude":39.133754000000003,"Longitude":26.539794000000001,"Κόμβο":"Τμήμα οδού Κόμβος ΔΕΗ προς Παναγιούδα","Περιγ":" ","x_egsa87":719377.06769398332,"y_egsa87":4334404.1185424645}},{"type":"Feature","id":746,"geometry":{"type":"Point","coordinates":[26.539615987869883,39.133935982817754]},"properties":{"FID":746,"fid_1":747,"ID":747,"Latitude":39.133935999999999,"Longitude":26.539615999999999,"Κόμβο":"Τμήμα οδού Κόμβος ΔΕΗ προς Παναγιούδα","Περιγ":" ","x_egsa87":719361.11475555401,"y_egsa87":4334423.8892028742}},{"type":"Feature","id":747,"geometry":{"type":"Point","coordinates":[26.539331987869662,39.134226982817403]},"properties":{"FID":747,"fid_1":748,"ID":748,"Latitude":39.134227000000003,"Longitude":26.539332000000002,"Κόμβο":"Τμήμα οδού Κόμβος ΔΕΗ προς Παναγιούδα","Περιγ":" ","x_egsa87":719335.65999352792,"y_egsa87":4334455.5020574005}},{"type":"Feature","id":748,"geometry":{"type":"Point","coordinates":[26.53921098786952,39.134378982817189]},"properties":{"FID":748,"fid_1":749,"ID":749,"Latitude":39.134379000000003,"Longitude":26.539211000000002,"Κόμβο":"Τμήμα οδού Κόμβος ΔΕΗ προς Παναγιούδα","Περιγ":" ","x_egsa87":719324.72785353905,"y_egsa87":4334472.0807986557}},{"type":"Feature","id":749,"geometry":{"type":"Point","coordinates":[26.539054987869122,39.134710982816685]},"properties":{"FID":749,"fid_1":750,"ID":750,"Latitude":39.134711000000003,"Longitude":26.539055000000001,"Κόμβο":"Τμήμα οδού Κόμβος ΔΕΗ προς Παναγιούδα","Περιγ":" ","x_egsa87":719310.21102196723,"y_egsa87":4334508.5542823356}},{"type":"Feature","id":750,"geometry":{"type":"Point","coordinates":[26.538976987868892,39.134900982816355]},"properties":{"FID":750,"fid_1":751,"ID":751,"Latitude":39.134900999999999,"Longitude":26.538976999999999,"Κόμβο":"Τμήμα οδού Κόμβος ΔΕΗ προς Παναγιούδα","Περιγ":" ","x_egsa87":719302.87810053572,"y_egsa87":4334529.4549533539}},{"type":"Feature","id":751,"geometry":{"type":"Point","coordinates":[26.538912987868642,39.135094982816021]},"properties":{"FID":751,"fid_1":752,"ID":752,"Latitude":39.135095,"Longitude":26.538913000000001,"Κόμβο":"Τμήμα οδού Κόμβος ΔΕΗ προς Παναγιούδα","Περιγ":" ","x_egsa87":719296.74301533704,"y_egsa87":4334550.8334847344}},{"type":"Feature","id":752,"geometry":{"type":"Point","coordinates":[26.538782987868238,39.135419982815506]},"properties":{"FID":752,"fid_1":753,"ID":753,"Latitude":39.135420000000003,"Longitude":26.538782999999999,"Κόμβο":"Τμήμα οδού Κόμβος ΔΕΗ προς Παναγιούδα","Περιγ":" ","x_egsa87":719284.49572294671,"y_egsa87":4334586.5929299472}},{"type":"Feature","id":753,"geometry":{"type":"Point","coordinates":[26.538678987868025,39.13560398281524]},"properties":{"FID":753,"fid_1":754,"ID":754,"Latitude":39.135604000000001,"Longitude":26.538678999999998,"Κόμβο":"Τμήμα οδού Κόμβος ΔΕΗ προς Παναγιούδα","Περιγ":" ","x_egsa87":719274.93401165528,"y_egsa87":4334606.7647490548}},{"type":"Feature","id":754,"geometry":{"type":"Point","coordinates":[26.538503987867728,39.135887982814793]},"properties":{"FID":754,"fid_1":755,"ID":755,"Latitude":39.135888000000001,"Longitude":26.538504,"Κόμβο":"Τμήμα οδού Κόμβος ΔΕΗ προς Παναγιούδα","Περιγ":" ","x_egsa87":719258.9242500175,"y_egsa87":4334637.8645138163}},{"type":"Feature","id":755,"geometry":{"type":"Point","coordinates":[26.538215987867833,39.135973982814875]},"properties":{"FID":755,"fid_1":756,"ID":756,"Latitude":39.135973999999997,"Longitude":26.538215999999998,"Κόμβο":"Τμήμα οδού Κόμβος ΔΕΗ προς Παναγιούδα","Περιγ":" ","x_egsa87":719233.76136794314,"y_egsa87":4334646.7136670705}},{"type":"Feature","id":756,"geometry":{"type":"Point","coordinates":[26.537902987867955,39.136049982814946]},"properties":{"FID":756,"fid_1":757,"ID":757,"Latitude":39.136049999999997,"Longitude":26.537903,"Κόμβο":"Τμήμα οδού Κόμβος ΔΕΗ προς Παναγιούδα","Περιγ":" ","x_egsa87":719206.46850781923,"y_egsa87":4334654.3924769256}},{"type":"Feature","id":757,"geometry":{"type":"Point","coordinates":[26.537900987867953,39.13605098281495]},"properties":{"FID":757,"fid_1":758,"ID":758,"Latitude":39.136051000000002,"Longitude":26.537901000000002,"Κόμβο":"Τμήμα οδού Κόμβος ΔΕΗ προς Παναγιούδα","Περιγ":" ","x_egsa87":719206.29251557891,"y_egsa87":4334654.4986372441}},{"type":"Feature","id":758,"geometry":{"type":"Point","coordinates":[26.537602987868109,39.136106982815065]},"properties":{"FID":758,"fid_1":759,"ID":759,"Latitude":39.136107000000003,"Longitude":26.537603000000001,"Κόμβο":"Τμήμα οδού Κόμβος ΔΕΗ προς Παναγιούδα","Περιγ":" ","x_egsa87":719180.35846132715,"y_egsa87":4334659.9938751906}},{"type":"Feature","id":759,"geometry":{"type":"Point","coordinates":[26.53730398786826,39.136160982815163]},"properties":{"FID":759,"fid_1":760,"ID":760,"Latitude":39.136161000000001,"Longitude":26.537303999999999,"Κόμβο":"Τμήμα οδού Κόμβος ΔΕΗ προς Παναγιούδα","Περιγ":" ","x_egsa87":719154.3442141494,"y_egsa87":4334665.2647863869}},{"type":"Feature","id":760,"geometry":{"type":"Point","coordinates":[26.537107987868353,39.136197982815247]},"properties":{"FID":760,"fid_1":761,"ID":761,"Latitude":39.136198,"Longitude":26.537108,"Κόμβο":"Τμήμα οδού Κόμβος ΔΕΗ προς Παναγιούδα","Περιγ":" ","x_egsa87":719137.28644588939,"y_egsa87":4334668.8978290651}},{"type":"Feature","id":761,"geometry":{"type":"Point","coordinates":[26.536659987868493,39.136341982815281]},"properties":{"FID":761,"fid_1":762,"ID":762,"Latitude":39.136341999999999,"Longitude":26.536660000000001,"Κόμβο":"Τμήμα οδού Κόμβος ΔΕΗ προς Παναγιούδα","Περιγ":" ","x_egsa87":719098.11289126717,"y_egsa87":4334683.7984369183}},{"type":"Feature","id":762,"geometry":{"type":"Point","coordinates":[26.536443987868402,39.13651398281511]},"properties":{"FID":762,"fid_1":763,"ID":763,"Latitude":39.136513999999998,"Longitude":26.536443999999999,"Κόμβο":"Τμήμα οδού Κόμβος ΔΕΗ προς Παναγιούδα","Περιγ":" ","x_egsa87":719078.90739122068,"y_egsa87":4334702.3678131001}},{"type":"Feature","id":763,"geometry":{"type":"Point","coordinates":[26.536248987868209,39.13674198281484]},"properties":{"FID":763,"fid_1":764,"ID":764,"Latitude":39.136741999999998,"Longitude":26.536249000000002,"Κόμβο":"Τμήμα οδού Κόμβος ΔΕΗ προς Παναγιούδα","Περιγ":" ","x_egsa87":719061.34350867826,"y_egsa87":4334727.2037951536}},{"type":"Feature","id":764,"geometry":{"type":"Point","coordinates":[26.536041987867968,39.136990982814496]},"properties":{"FID":764,"fid_1":765,"ID":765,"Latitude":39.136991000000002,"Longitude":26.536041999999998,"Κόμβο":"Τμήμα οδού Κόμβος ΔΕΗ προς Παναγιούδα","Περιγ":" ","x_egsa87":719042.67726356827,"y_egsa87":4334754.3417456131}},{"type":"Feature","id":765,"geometry":{"type":"Point","coordinates":[26.535915987867806,39.137165982814274]},"properties":{"FID":765,"fid_1":766,"ID":766,"Latitude":39.137166000000001,"Longitude":26.535916,"Κόμβο":"Τμήμα οδού Κόμβος ΔΕΗ προς Παναγιούδα","Περιγ":" ","x_egsa87":719031.24255091324,"y_egsa87":4334773.461700486}},{"type":"Feature","id":766,"geometry":{"type":"Point","coordinates":[26.535657987867665,39.137390982814019]},"properties":{"FID":766,"fid_1":767,"ID":767,"Latitude":39.137391000000001,"Longitude":26.535658000000002,"Κόμβο":"Τμήμα οδού Κόμβος ΔΕΗ προς Παναγιούδα","Περιγ":" ","x_egsa87":719008.24242901104,"y_egsa87":4334797.8125746958}},{"type":"Feature","id":767,"geometry":{"type":"Point","coordinates":[26.535429987867577,39.137562982813861]},"properties":{"FID":767,"fid_1":768,"ID":768,"Latitude":39.137563,"Longitude":26.535430000000002,"Κόμβο":"Τμήμα οδού Κόμβος ΔΕΗ προς Παναγιούδα","Περιγ":" ","x_egsa87":718988.00010818441,"y_egsa87":4334816.353162948}},{"type":"Feature","id":768,"geometry":{"type":"Point","coordinates":[26.535231987867466,39.137729982813674]},"properties":{"FID":768,"fid_1":769,"ID":769,"Latitude":39.137729999999998,"Longitude":26.535232000000001,"Κόμβο":"Τμήμα οδού Κόμβος ΔΕΗ προς Παναγιούδα","Περιγ":" ","x_egsa87":718970.36663662374,"y_egsa87":4334834.4112860998}},{"type":"Feature","id":769,"geometry":{"type":"Point","coordinates":[26.535027987867384,39.137888982813521]},"properties":{"FID":769,"fid_1":770,"ID":770,"Latitude":39.137889000000001,"Longitude":26.535028000000001,"Κόμβο":"Τμήμα οδού Κόμβος ΔΕΗ προς Παναγιούδα","Περιγ":" ","x_egsa87":718952.23941007745,"y_egsa87":4334851.5669797612}},{"type":"Feature","id":770,"geometry":{"type":"Point","coordinates":[26.534772987867306,39.13806998281337]},"properties":{"FID":770,"fid_1":771,"ID":771,"Latitude":39.138069999999999,"Longitude":26.534773000000001,"Κόμβο":"Τμήμα οδού Κόμβος ΔΕΗ προς Παναγιούδα","Περιγ":" ","x_egsa87":718929.63553584658,"y_egsa87":4334871.0414608689}},{"type":"Feature","id":771,"geometry":{"type":"Point","coordinates":[26.534560987867149,39.138280982813129]},"properties":{"FID":771,"fid_1":772,"ID":772,"Latitude":39.138280999999999,"Longitude":26.534561,"Κόμβο":"Τμήμα οδού Κόμβος ΔΕΗ προς Παναγιούδα","Περιγ":" ","x_egsa87":718910.65569772036,"y_egsa87":4334893.9497483885}},{"type":"Feature","id":772,"geometry":{"type":"Point","coordinates":[26.534323987867062,39.138456982812954]},"properties":{"FID":772,"fid_1":773,"ID":773,"Latitude":39.138457000000002,"Longitude":26.534324000000002,"Κόμβο":"Τμήμα οδού Κόμβος ΔΕΗ προς Παναγιούδα","Περιγ":" ","x_egsa87":718889.62348129426,"y_egsa87":4334912.9128241614}},{"type":"Feature","id":773,"geometry":{"type":"Point","coordinates":[26.534032987867135,39.138560982812976]},"properties":{"FID":773,"fid_1":774,"ID":774,"Latitude":39.138561000000003,"Longitude":26.534033000000001,"Κόμβο":"Τμήμα οδού Κόμβος ΔΕΗ προς Παναγιούδα","Περιγ":" ","x_egsa87":718864.14681847021,"y_egsa87":4334923.7538067726}},{"type":"Feature","id":774,"geometry":{"type":"Point","coordinates":[26.533709987867255,39.138644982813062]},"properties":{"FID":774,"fid_1":775,"ID":775,"Latitude":39.138644999999997,"Longitude":26.533709999999999,"Κόμβο":"Τμήμα οδού Κόμβος ΔΕΗ προς Παναγιούδα","Περιγ":" ","x_egsa87":718835.96614080481,"y_egsa87":4334932.2976804199}},{"type":"Feature","id":775,"geometry":{"type":"Point","coordinates":[26.533481987867361,39.138695982813125]},"properties":{"FID":775,"fid_1":776,"ID":776,"Latitude":39.138696000000003,"Longitude":26.533481999999999,"Κόμβο":"Τμήμα οδού Κόμβος ΔΕΗ προς Παναγιούδα","Περιγ":" ","x_egsa87":718816.09964843513,"y_egsa87":4334937.4080902236}},{"type":"Feature","id":776,"geometry":{"type":"Point","coordinates":[26.533147987867544,39.138752982813244]},"properties":{"FID":776,"fid_1":777,"ID":777,"Latitude":39.138753000000001,"Longitude":26.533148000000001,"Κόμβο":"Τμήμα οδού Κόμβος ΔΕΗ προς Παναγιούδα","Περιγ":" ","x_egsa87":718787.05192405719,"y_egsa87":4334942.9286722075}},{"type":"Feature","id":777,"geometry":{"type":"Point","coordinates":[26.5328229878677,39.138819982813381]},"properties":{"FID":777,"fid_1":778,"ID":778,"Latitude":39.138820000000003,"Longitude":26.532823,"Κόμβο":"Τμήμα οδού Κόμβος ΔΕΗ προς Παναγιούδα","Περιγ":" ","x_egsa87":718758.75121905073,"y_egsa87":4334949.5810468886}},{"type":"Feature","id":778,"geometry":{"type":"Point","coordinates":[26.532486987867848,39.13889898281348]},"properties":{"FID":778,"fid_1":779,"ID":779,"Latitude":39.138899000000002,"Longitude":26.532487,"Κόμβο":"Τμήμα οδού Κόμβος ΔΕΗ προς Παναγιούδα","Περιγ":" ","x_egsa87":718729.46254492225,"y_egsa87":4334957.5389375398}},{"type":"Feature","id":779,"geometry":{"type":"Point","coordinates":[26.532211987867917,39.138993982813481]},"properties":{"FID":779,"fid_1":780,"ID":780,"Latitude":39.138993999999997,"Longitude":26.532212000000001,"Κόμβο":"Τμήμα οδού Κόμβος ΔΕΗ προς Παναγιούδα","Περιγ":" ","x_egsa87":718705.39720094891,"y_egsa87":4334967.420060548}},{"type":"Feature","id":780,"geometry":{"type":"Point","coordinates":[26.531932987867961,39.139110982813449]},"properties":{"FID":780,"fid_1":781,"ID":781,"Latitude":39.139111,"Longitude":26.531932999999999,"Κόμβο":"Τμήμα οδού Κόμβος ΔΕΗ προς Παναγιούδα","Περιγ":" ","x_egsa87":718680.91800792795,"y_egsa87":4334979.7335306406}},{"type":"Feature","id":781,"geometry":{"type":"Point","coordinates":[26.531644987867899,39.139298982813322]},"properties":{"FID":781,"fid_1":782,"ID":782,"Latitude":39.139299000000001,"Longitude":26.531645000000001,"Κόμβο":"Τμήμα οδού Κόμβος ΔΕΗ προς Παναγιούδα","Περιγ":" ","x_egsa87":718655.44101014477,"y_egsa87":4334999.9061241588}},{"type":"Feature","id":782,"geometry":{"type":"Point","coordinates":[26.531431987867812,39.139462982813178]},"properties":{"FID":782,"fid_1":783,"ID":783,"Latitude":39.139462999999999,"Longitude":26.531431999999999,"Κόμβο":"Τμήμα οδού Κόμβος ΔΕΗ προς Παναγιούδα","Περιγ":" ","x_egsa87":718636.5214275053,"y_egsa87":4335017.5957789635}},{"type":"Feature","id":783,"geometry":{"type":"Point","coordinates":[26.531213987867762,39.13960898281308]},"properties":{"FID":783,"fid_1":784,"ID":784,"Latitude":39.139609,"Longitude":26.531213999999999,"Κόμβο":"Τμήμα οδού Κόμβος ΔΕΗ προς Παναγιούδα","Περιγ":" ","x_egsa87":718617.22548107291,"y_egsa87":4335033.2754776878}},{"type":"Feature","id":784,"geometry":{"type":"Point","coordinates":[26.530968987867642,39.139804982812848]},"properties":{"FID":784,"fid_1":785,"ID":785,"Latitude":39.139805000000003,"Longitude":26.530968999999999,"Κόμβο":"Τμήμα οδού Κόμβος ΔΕΗ προς Παναγιούδα","Περιγ":" ","x_egsa87":718595.44092036341,"y_egsa87":4335054.4399377229}},{"type":"Feature","id":785,"geometry":{"type":"Point","coordinates":[26.530735987867537,39.139994982812659]},"properties":{"FID":785,"fid_1":786,"ID":786,"Latitude":39.139994999999999,"Longitude":26.530736000000001,"Κόμβο":"Τμήμα οδού Κόμβος ΔΕΗ προς Παναγιούδα","Περιγ":" ","x_egsa87":718574.71231866779,"y_egsa87":4335074.9674111269}},{"type":"Feature","id":786,"geometry":{"type":"Point","coordinates":[26.530501987867371,39.140215982812414]},"properties":{"FID":786,"fid_1":787,"ID":787,"Latitude":39.140216000000002,"Longitude":26.530501999999998,"Κόμβο":"Τμήμα οδού Κόμβος ΔΕΗ προς Παναγιούδα","Περιγ":" ","x_egsa87":718553.80140182876,"y_egsa87":4335098.933419425}},{"type":"Feature","id":787,"geometry":{"type":"Point","coordinates":[26.53034898786726,39.140366982812232]},"properties":{"FID":787,"fid_1":788,"ID":788,"Latitude":39.140366999999998,"Longitude":26.530349000000001,"Κόμβο":"Τμήμα οδού Κόμβος ΔΕΗ προς Παναγιούδα","Περιγ":" ","x_egsa87":718540.10882202408,"y_egsa87":4335115.3250074964}},{"type":"Feature","id":788,"geometry":{"type":"Point","coordinates":[26.53016698786708,39.14057598281196]},"properties":{"FID":788,"fid_1":789,"ID":789,"Latitude":39.140576000000003,"Longitude":26.530166999999999,"Κόμβο":"Τμήμα οδού Κόμβος ΔΕΗ προς Παναγιούδα","Περιγ":" ","x_egsa87":718523.73003536393,"y_egsa87":4335138.0845055468}},{"type":"Feature","id":789,"geometry":{"type":"Point","coordinates":[26.529992987866876,39.140801982811638]},"properties":{"FID":789,"fid_1":790,"ID":790,"Latitude":39.140802000000001,"Longitude":26.529993000000001,"Κόμβο":"Τμήμα οδού Κόμβος ΔΕΗ προς Παναγιούδα","Περιγ":" ","x_egsa87":718507.99021480058,"y_egsa87":4335162.7502628379}},{"type":"Feature","id":790,"geometry":{"type":"Point","coordinates":[26.529852987866622,39.141036982811322]},"properties":{"FID":790,"fid_1":791,"ID":791,"Latitude":39.141036999999997,"Longitude":26.529852999999999,"Κόμβο":"Τμήμα οδού Κόμβος ΔΕΗ προς Παναγιούδα","Περιγ":" ","x_egsa87":718495.16149940738,"y_egsa87":4335188.4969775267}},{"type":"Feature","id":791,"geometry":{"type":"Point","coordinates":[26.529725987866378,39.141255982810982]},"properties":{"FID":791,"fid_1":792,"ID":792,"Latitude":39.141255999999998,"Longitude":26.529726,"Κόμβο":"Τμήμα οδού Κόμβος ΔΕΗ προς Παναγιούδα","Περιγ":" ","x_egsa87":718483.50606924132,"y_egsa87":4335212.4991006926}},{"type":"Feature","id":792,"geometry":{"type":"Point","coordinates":[26.529607987866097,39.141490982810602]},"properties":{"FID":792,"fid_1":793,"ID":793,"Latitude":39.141491000000002,"Longitude":26.529608,"Κόμβο":"Τμήμα οδού Κόμβος ΔΕΗ προς Παναγιούδα","Περιγ":" ","x_egsa87":718472.5791120939,"y_egsa87":4335238.2988782581}},{"type":"Feature","id":793,"geometry":{"type":"Point","coordinates":[26.529482987865837,39.141722982810258]},"properties":{"FID":793,"fid_1":794,"ID":794,"Latitude":39.141722999999999,"Longitude":26.529482999999999,"Κόμβο":"Τμήμα οδού Κόμβος ΔΕΗ προς Παναγιούδα","Περιγ":" ","x_egsa87":718461.05644899642,"y_egsa87":4335263.7488073567}},{"type":"Feature","id":794,"geometry":{"type":"Point","coordinates":[26.529349987865523,39.141989982809832]},"properties":{"FID":794,"fid_1":795,"ID":795,"Latitude":39.14199,"Longitude":26.529350000000001,"Κόμβο":"Τμήμα οδού Κόμβος ΔΕΗ προς Παναγιούδα","Περιγ":" ","x_egsa87":718448.73404036032,"y_egsa87":4335293.0643521529}},{"type":"Feature","id":795,"geometry":{"type":"Point","coordinates":[26.528249987865355,39.142667982809343]},"properties":{"FID":795,"fid_1":796,"ID":796,"Latitude":39.142668,"Longitude":26.52825,"Κόμβο":"Τμήμα οδού Κόμβος Παναγιούδα προς Κόμβο Μόριας","Περιγ":" ","x_egsa87":718351.55674410495,"y_egsa87":4335365.6694960725}},{"type":"Feature","id":796,"geometry":{"type":"Point","coordinates":[26.527499987866008,39.142629982809972]},"properties":{"FID":796,"fid_1":797,"ID":797,"Latitude":39.142629999999997,"Longitude":26.5275,"Κόμβο":"Τμήμα οδού Κόμβος Παναγιούδα προς Κόμβο Μόριας","Περιγ":" ","x_egsa87":718286.84775184421,"y_egsa87":4335359.645077656}},{"type":"Feature","id":797,"geometry":{"type":"Point","coordinates":[26.527096987866244,39.142690982810173]},"properties":{"FID":797,"fid_1":798,"ID":798,"Latitude":39.142690999999999,"Longitude":26.527097000000001,"Κόμβο":"Τμήμα οδού Κόμβος Παναγιούδα προς Κόμβο Μόριας","Περιγ":" ","x_egsa87":718251.82566204213,"y_egsa87":4335365.4453741508}},{"type":"Feature","id":798,"geometry":{"type":"Point","coordinates":[26.526944987866298,39.142735982810173]},"properties":{"FID":798,"fid_1":799,"ID":799,"Latitude":39.142735999999999,"Longitude":26.526945000000001,"Κόμβο":"Τμήμα οδού Κόμβος Παναγιούδα προς Κόμβο Μόριας","Περιγ":" ","x_egsa87":718238.54835187108,"y_egsa87":4335370.0742179668}},{"type":"Feature","id":799,"geometry":{"type":"Point","coordinates":[26.526707987866345,39.142822982810173]},"properties":{"FID":799,"fid_1":800,"ID":800,"Latitude":39.142823,"Longitude":26.526707999999999,"Κόμβο":"Τμήμα οδού Κόμβος Παναγιούδα προς Κόμβο Μόριας","Περιγ":" ","x_egsa87":718217.79421236087,"y_egsa87":4335379.1602896536}},{"type":"Feature","id":800,"geometry":{"type":"Point","coordinates":[26.526415987866365,39.14296298281014]},"properties":{"FID":800,"fid_1":801,"ID":801,"Latitude":39.142963000000002,"Longitude":26.526416000000001,"Κόμβο":"Τμήμα οδού Κόμβος Παναγιούδα προς Κόμβο Μόριας","Περιγ":" ","x_egsa87":718192.1223513732,"y_egsa87":4335393.9968285142}},{"type":"Feature","id":801,"geometry":{"type":"Point","coordinates":[26.526157987866384,39.143079982810114]},"properties":{"FID":801,"fid_1":802,"ID":802,"Latitude":39.143079999999998,"Longitude":26.526157999999999,"Κόμβο":"Τμήμα οδού Κόμβος Παναγιούδα προς Κόμβο Μόριας","Περιγ":" ","x_egsa87":718169.46046916279,"y_egsa87":4335406.3623668579}},{"type":"Feature","id":802,"geometry":{"type":"Point","coordinates":[26.525931987866329,39.143232982809984]},"properties":{"FID":802,"fid_1":803,"ID":803,"Latitude":39.143233000000002,"Longitude":26.525932000000001,"Κόμβο":"Τμήμα οδού Κόμβος Παναγιούδα προς Κόμβο Μόριας","Περιγ":" ","x_egsa87":718149.45330031682,"y_egsa87":4335422.8008648762}},{"type":"Feature","id":803,"geometry":{"type":"Point","coordinates":[26.525721987866245,39.143395982809835]},"properties":{"FID":803,"fid_1":804,"ID":804,"Latitude":39.143396000000003,"Longitude":26.525721999999998,"Κόμβο":"Τμήμα οδού Κόμβος Παναγιούδα προς Κόμβο Μόριας","Περιγ":" ","x_egsa87":718130.7982605123,"y_egsa87":4335440.3878835458}},{"type":"Feature","id":804,"geometry":{"type":"Point","coordinates":[26.337110987754077,39.311323982625368]},"properties":{"FID":804,"fid_1":805,"ID":805,"Latitude":39.311323999999999,"Longitude":26.337111,"Κόμβο":"Τμήμα οδού Μανταμάδο προς Κάπη, και κόμβος Μανταμάδου","Περιγ":" ","x_egsa87":701347.49738648464,"y_egsa87":4353642.5633012783}},{"type":"Feature","id":805,"geometry":{"type":"Point","coordinates":[26.337285987753756,39.311436982625004]},"properties":{"FID":805,"fid_1":806,"ID":806,"Latitude":39.311436999999998,"Longitude":26.337285999999999,"Κόμβο":"Τμήμα οδού Μανταμάδο προς Κάπη, και κόμβος Μανταμάδου","Περιγ":" ","x_egsa87":701362.26259365072,"y_egsa87":4353655.4960161671}},{"type":"Feature","id":806,"geometry":{"type":"Point","coordinates":[26.337490987753462,39.31152598262468]},"properties":{"FID":806,"fid_1":807,"ID":807,"Latitude":39.311526000000001,"Longitude":26.337491,"Κόμβο":"Τμήμα οδού Μανταμάδο προς Κάπη, και κόμβος Μανταμάδου","Περιγ":" ","x_egsa87":701379.6834053921,"y_egsa87":4353665.8317461777}},{"type":"Feature","id":807,"geometry":{"type":"Point","coordinates":[26.337688987753168,39.311610982624387]},"properties":{"FID":807,"fid_1":808,"ID":808,"Latitude":39.311610999999999,"Longitude":26.337689000000001,"Κόμβο":"Τμήμα οδού Μανταμάδο προς Κάπη, και κόμβος Μανταμάδου","Περιγ":" ","x_egsa87":701396.51207608753,"y_egsa87":4353675.7079230389}},{"type":"Feature","id":808,"geometry":{"type":"Point","coordinates":[26.337988987752762,39.311713982623964]},"properties":{"FID":808,"fid_1":809,"ID":809,"Latitude":39.311714000000002,"Longitude":26.337989,"Κόμβο":"Τμήμα οδού Μανταμάδο προς Κάπη, και κόμβος Μανταμάδου","Περιγ":" ","x_egsa87":701422.08401795535,"y_egsa87":4353687.8095453829}},{"type":"Feature","id":809,"geometry":{"type":"Point","coordinates":[26.338104987752665,39.311707982623872]},"properties":{"FID":809,"fid_1":810,"ID":810,"Latitude":39.311708000000003,"Longitude":26.338104999999999,"Κόμβο":"Τμήμα οδού Μανταμάδο προς Κάπη, και κόμβος Μανταμάδου","Περιγ":" ","x_egsa87":701432.10338617058,"y_egsa87":4353687.4022802692}},{"type":"Feature","id":810,"geometry":{"type":"Point","coordinates":[26.338397987752277,39.311814982623481]},"properties":{"FID":810,"fid_1":811,"ID":811,"Latitude":39.311815000000003,"Longitude":26.338398000000002,"Κόμβο":"Τμήμα οδού Μανταμάδο προς Κάπη, και κόμβος Μανταμάδου","Περιγ":" ","x_egsa87":701457.06017806276,"y_egsa87":4353699.9323933627}},{"type":"Feature","id":811,"geometry":{"type":"Point","coordinates":[26.338522987752103,39.311858982623299]},"properties":{"FID":811,"fid_1":812,"ID":812,"Latitude":39.311858999999998,"Longitude":26.338522999999999,"Κόμβο":"Τμήμα οδού Μανταμάδο προς Κάπη, και κόμβος Μανταμάδου","Περιγ":" ","x_egsa87":701467.71198391402,"y_egsa87":4353705.0950569138}},{"type":"Feature","id":812,"geometry":{"type":"Point","coordinates":[26.338689987751671,39.312050982622793]},"properties":{"FID":812,"fid_1":813,"ID":813,"Latitude":39.312050999999997,"Longitude":26.33869,"Κόμβο":"Τμήμα οδού Μανταμάδο προς Κάπη, και κόμβος Μανταμάδου","Περιγ":" ","x_egsa87":701481.56020696252,"y_egsa87":4353726.7788606416}},{"type":"Feature","id":813,"geometry":{"type":"Point","coordinates":[26.338705987751489,39.312156982622582]},"properties":{"FID":813,"fid_1":814,"ID":814,"Latitude":39.312156999999999,"Longitude":26.338705999999998,"Κόμβο":"Τμήμα οδού Μανταμάδο προς Κάπη, και κόμβος Μανταμάδου","Περιγ":" ","x_egsa87":701482.63539347262,"y_egsa87":4353738.5801459746}},{"type":"Feature","id":814,"geometry":{"type":"Point","coordinates":[26.338721987750901,39.312518982621846]},"properties":{"FID":814,"fid_1":815,"ID":815,"Latitude":39.312519000000002,"Longitude":26.338722000000001,"Κόμβο":"Τμήμα οδού Μανταμάδο προς Κάπη, και κόμβος Μανταμάδου","Περιγ":" ","x_egsa87":701482.97538001684,"y_egsa87":4353778.7964450894}},{"type":"Feature","id":815,"geometry":{"type":"Point","coordinates":[26.338764987750565,39.312719982621452]},"properties":{"FID":815,"fid_1":816,"ID":816,"Latitude":39.312719999999999,"Longitude":26.338764999999999,"Κόμβο":"Τμήμα οδού Μανταμάδο προς Κάπη, και κόμβος Μανταμάδου","Περιγ":" ","x_egsa87":701486.10577185021,"y_egsa87":4353801.2026021378}},{"type":"Feature","id":816,"geometry":{"type":"Point","coordinates":[26.338744987750299,39.312893982621134]},"properties":{"FID":816,"fid_1":817,"ID":817,"Latitude":39.312894,"Longitude":26.338744999999999,"Κόμβο":"Τμήμα οδού Μανταμάδο προς Κάπη, και κόμβος Μανταμάδου","Περιγ":" ","x_egsa87":701483.88157689164,"y_egsa87":4353820.4713134198}},{"type":"Feature","id":817,"geometry":{"type":"Point","coordinates":[26.338731987749902,39.313150982620655]},"properties":{"FID":817,"fid_1":818,"ID":818,"Latitude":39.313150999999998,"Longitude":26.338732,"Κόμβο":"Τμήμα οδού Μανταμάδο προς Κάπη, και κόμβος Μανταμάδου","Περιγ":" ","x_egsa87":701482.02258582716,"y_egsa87":4353848.9683231413}},{"type":"Feature","id":818,"geometry":{"type":"Point","coordinates":[26.338774987749535,39.313365982620198]},"properties":{"FID":818,"fid_1":819,"ID":819,"Latitude":39.313366000000002,"Longitude":26.338774999999998,"Κόμβο":"Τμήμα οδού Μανταμάδο προς Κάπη, και κόμβος Μανταμάδου","Περιγ":" ","x_egsa87":701485.11272621423,"y_egsa87":4353872.9284293642}},{"type":"Feature","id":819,"geometry":{"type":"Point","coordinates":[26.338860987749275,39.313487982619904]},"properties":{"FID":819,"fid_1":820,"ID":820,"Latitude":39.313488,"Longitude":26.338861000000001,"Κόμβο":"Τμήμα οδού Μανταμάδο προς Κάπη, και κόμβος Μανταμάδου","Περιγ":" ","x_egsa87":701492.17753830284,"y_egsa87":4353886.6618304681}},{"type":"Feature","id":820,"geometry":{"type":"Point","coordinates":[26.338940987748781,39.313759982619331]},"properties":{"FID":820,"fid_1":821,"ID":821,"Latitude":39.313760000000002,"Longitude":26.338940999999998,"Κόμβο":"Τμήμα οδού Μανταμάδο προς Κάπη, και κόμβος Μανταμάδου","Περιγ":" ","x_egsa87":701498.29415477219,"y_egsa87":4353917.0312777394}},{"type":"Feature","id":821,"geometry":{"type":"Point","coordinates":[26.339063987748499,39.313877982618983]},"properties":{"FID":821,"fid_1":822,"ID":822,"Latitude":39.313878000000003,"Longitude":26.339064,"Κόμβο":"Τμήμα οδού Μανταμάδο προς Κάπη, και κόμβος Μανταμάδου","Περιγ":" ","x_egsa87":701508.56062713626,"y_egsa87":4353930.4032660499}},{"type":"Feature","id":822,"geometry":{"type":"Point","coordinates":[26.339236987748105,39.314042982618538]},"properties":{"FID":822,"fid_1":823,"ID":823,"Latitude":39.314042999999998,"Longitude":26.339237000000001,"Κόμβο":"Τμήμα οδού Μανταμάδο προς Κάπη, και κόμβος Μανταμάδου","Περιγ":" ","x_egsa87":701523.00317986845,"y_egsa87":4353949.1036610296}},{"type":"Feature","id":823,"geometry":{"type":"Point","coordinates":[26.339455987747662,39.314213982618057]},"properties":{"FID":823,"fid_1":824,"ID":824,"Latitude":39.314214,"Longitude":26.339455999999998,"Κόμβο":"Τμήμα οδού Μανταμάδο προς Κάπη, και κόμβος Μανταμάδου","Περιγ":" ","x_egsa87":701541.3946501608,"y_egsa87":4353968.572718312}},{"type":"Feature","id":824,"geometry":{"type":"Point","coordinates":[26.339598987747415,39.314295982617786]},"properties":{"FID":824,"fid_1":825,"ID":825,"Latitude":39.314295999999999,"Longitude":26.339599,"Κόμβο":"Τμήμα οδού Μανταμάδο προς Κάπη, και κόμβος Μανταμάδου","Περιγ":" ","x_egsa87":701553.48884970183,"y_egsa87":4353977.9935427168}},{"type":"Feature","id":825,"geometry":{"type":"Point","coordinates":[26.339807987746997,39.314450982617345]},"properties":{"FID":825,"fid_1":826,"ID":826,"Latitude":39.314450999999998,"Longitude":26.339808000000001,"Κόμβο":"Τμήμα οδού Μανταμάδο προς Κάπη, και κόμβος Μανταμάδου","Περιγ":" ","x_egsa87":701571.06392716174,"y_egsa87":4353995.664419109}},{"type":"Feature","id":826,"geometry":{"type":"Point","coordinates":[26.339945987746638,39.314613982616912]},"properties":{"FID":826,"fid_1":827,"ID":827,"Latitude":39.314613999999999,"Longitude":26.339946000000001,"Κόμβο":"Τμήμα οδού Μανταμάδο προς Κάπη, και κόμβος Μανταμάδου","Περιγ":" ","x_egsa87":701582.49418620719,"y_egsa87":4354014.0648244293}},{"type":"Feature","id":827,"geometry":{"type":"Point","coordinates":[26.340032987746227,39.314834982616432]},"properties":{"FID":827,"fid_1":828,"ID":828,"Latitude":39.314835000000002,"Longitude":26.340032999999998,"Κόμβο":"Τμήμα οδού Μανταμάδο προς Κάπη, και κόμβος Μανταμάδου","Περιγ":" ","x_egsa87":701589.36041617114,"y_egsa87":4354038.7891846057}},{"type":"Feature","id":828,"geometry":{"type":"Point","coordinates":[26.340047987745933,39.315010982616073]},"properties":{"FID":828,"fid_1":829,"ID":829,"Latitude":39.315010999999998,"Longitude":26.340047999999999,"Κόμβο":"Τμήμα οδού Μανταμάδο προς Κάπη, και κόμβος Μανταμάδου","Περιγ":" ","x_egsa87":701590.14797827287,"y_egsa87":4354058.3580004619}},{"type":"Feature","id":829,"geometry":{"type":"Point","coordinates":[26.339929987745652,39.315248982615699]},"properties":{"FID":829,"fid_1":830,"ID":830,"Latitude":39.315249000000001,"Longitude":26.339929999999999,"Κόμβο":"Τμήμα οδού Μανταμάδο προς Κάπη, και κόμβος Μανταμάδου","Περιγ":" ","x_egsa87":701579.28996584867,"y_egsa87":4354084.511700904}},{"type":"Feature","id":830,"geometry":{"type":"Point","coordinates":[26.339727987745729,39.315306982615745]},"properties":{"FID":830,"fid_1":831,"ID":831,"Latitude":39.315306999999997,"Longitude":26.339728000000001,"Κόμβο":"Τμήμα οδού Μανταμάδο προς Κάπη, και κόμβος Μανταμάδου","Περιγ":" ","x_egsa87":701561.70666693698,"y_egsa87":4354090.4986107545}},{"type":"Feature","id":831,"geometry":{"type":"Point","coordinates":[26.339550987745699,39.315415982615676]},"properties":{"FID":831,"fid_1":832,"ID":832,"Latitude":39.315415999999999,"Longitude":26.339551,"Κόμβο":"Τμήμα οδού Μανταμάδο προς Κάπη, και κόμβος Μανταμάδου","Περιγ":" ","x_egsa87":701546.13239329448,"y_egsa87":4354102.2021596981}},{"type":"Feature","id":832,"geometry":{"type":"Point","coordinates":[26.339344987745665,39.315538982615571]},"properties":{"FID":832,"fid_1":833,"ID":833,"Latitude":39.315539000000001,"Longitude":26.339345000000002,"Κόμβο":"Τμήμα οδού Μανταμάδο προς Κάπη, και κόμβος Μανταμάδου","Περιγ":" ","x_egsa87":701528.01754731382,"y_egsa87":4354115.3949690247}},{"type":"Feature","id":833,"geometry":{"type":"Point","coordinates":[26.339080987745678,39.315664982615523]},"properties":{"FID":833,"fid_1":834,"ID":834,"Latitude":39.315665000000003,"Longitude":26.339081,"Κόμβο":"Τμήμα οδού Μανταμάδο προς Κάπη, και κόμβος Μανταμάδου","Περιγ":" ","x_egsa87":701504.89335564908,"y_egsa87":4354128.7913886318}},{"type":"Feature","id":834,"geometry":{"type":"Point","coordinates":[26.338824987745763,39.315737982615587]},"properties":{"FID":834,"fid_1":835,"ID":835,"Latitude":39.315738000000003,"Longitude":26.338825,"Κόμβο":"Τμήμα οδού Μανταμάδο προς Κάπη, και κόμβος Μανταμάδου","Περιγ":" ","x_egsa87":701482.61123462324,"y_egsa87":4354136.3229239602}},{"type":"Feature","id":835,"geometry":{"type":"Point","coordinates":[26.338609987745876,39.315782982615644]},"properties":{"FID":835,"fid_1":836,"ID":836,"Latitude":39.315783000000003,"Longitude":26.338609999999999,"Κόμβο":"Τμήμα οδού Μανταμάδο προς Κάπη, και κόμβος Μανταμάδου","Περιγ":" ","x_egsa87":701463.9446075235,"y_egsa87":4354140.8380929045}},{"type":"Feature","id":836,"geometry":{"type":"Point","coordinates":[26.338367987745947,39.315860982615654]},"properties":{"FID":836,"fid_1":837,"ID":837,"Latitude":39.315860999999998,"Longitude":26.338367999999999,"Κόμβο":"Τμήμα οδού Μανταμάδο προς Κάπη, και κόμβος Μανταμάδου","Περιγ":" ","x_egsa87":701442.85529250151,"y_egsa87":4354148.9559524525}},{"type":"Feature","id":837,"geometry":{"type":"Point","coordinates":[26.338115987746061,39.31591598261577]},"properties":{"FID":837,"fid_1":838,"ID":838,"Latitude":39.315916000000001,"Longitude":26.338115999999999,"Κόμβο":"Τμήμα οδού Μανταμάδο προς Κάπη, και κόμβος Μανταμάδου","Περιγ":" ","x_egsa87":701420.96986314352,"y_egsa87":4354154.4986509178}},{"type":"Feature","id":838,"geometry":{"type":"Point","coordinates":[26.337879987746327,39.315860982616023]},"properties":{"FID":838,"fid_1":839,"ID":839,"Latitude":39.315860999999998,"Longitude":26.337879999999998,"Κόμβο":"Τμήμα οδού Μανταμάδο προς Κάπη, και κόμβος Μανταμάδου","Περιγ":" ","x_egsa87":701400.77980458317,"y_egsa87":4354147.8675116291}},{"type":"Feature","id":839,"geometry":{"type":"Point","coordinates":[26.337598987746677,39.31578298261639]},"properties":{"FID":839,"fid_1":840,"ID":840,"Latitude":39.315783000000003,"Longitude":26.337599000000001,"Κόμβο":"Τμήμα οδού Μανταμάδο προς Κάπη, και κόμβος Μανταμάδου","Περιγ":" ","x_egsa87":701376.77582577197,"y_egsa87":4354138.583166928}},{"type":"Feature","id":840,"geometry":{"type":"Point","coordinates":[26.337389987746942,39.315721982616665]},"properties":{"FID":840,"fid_1":841,"ID":841,"Latitude":39.315722000000001,"Longitude":26.337389999999999,"Κόμβο":"Τμήμα οδού Μανταμάδο προς Κάπη, και κόμβος Μανταμάδου","Περιγ":" ","x_egsa87":701358.93086846592,"y_egsa87":4354131.3463699631}},{"type":"Feature","id":841,"geometry":{"type":"Point","coordinates":[26.337160987747268,39.315631982617013]},"properties":{"FID":841,"fid_1":842,"ID":842,"Latitude":39.315632000000001,"Longitude":26.337160999999998,"Κόμβο":"Τμήμα οδού Μανταμάδο προς Κάπη, και κόμβος Μανταμάδου","Περιγ":" ","x_egsa87":701339.44470414286,"y_egsa87":4354120.8461362002}},{"type":"Feature","id":842,"geometry":{"type":"Point","coordinates":[26.336984987747588,39.31551598261737]},"properties":{"FID":842,"fid_1":843,"ID":843,"Latitude":39.315516000000002,"Longitude":26.336984999999999,"Κόμβο":"Τμήμα οδού Μανταμάδο προς Κάπη, και κόμβος Μανταμάδου","Περιγ":" ","x_egsa87":701324.602800939,"y_egsa87":4354107.5782054598}},{"type":"Feature","id":843,"geometry":{"type":"Point","coordinates":[26.336827987748013,39.31532598261785]},"properties":{"FID":843,"fid_1":844,"ID":844,"Latitude":39.315325999999999,"Longitude":26.336828000000001,"Κόμβο":"Τμήμα οδού Μανταμάδο προς Κάπη, και κόμβος Μανταμάδου","Περιγ":" ","x_egsa87":701311.61140104174,"y_egsa87":4354086.1389430473}},{"type":"Feature","id":844,"geometry":{"type":"Point","coordinates":[26.336647987748378,39.315191982618238]},"properties":{"FID":844,"fid_1":845,"ID":845,"Latitude":39.315192000000003,"Longitude":26.336648,"Κόμβο":"Τμήμα οδού Μανταμάδο προς Κάπη, και κόμβος Μανταμάδου","Περιγ":" ","x_egsa87":701296.47614906216,"y_egsa87":4354070.8642234989}},{"type":"Feature","id":845,"geometry":{"type":"Point","coordinates":[26.33648398774865,39.31509698261852]},"properties":{"FID":845,"fid_1":846,"ID":846,"Latitude":39.315097000000002,"Longitude":26.336483999999999,"Κόμβο":"Τμήμα οδού Μανταμάδο προς Κάπη, και κόμβος Μανταμάδου","Περιγ":" ","x_egsa87":701282.60847522249,"y_egsa87":4354059.9540471304}},{"type":"Feature","id":846,"geometry":{"type":"Point","coordinates":[26.336252987749067,39.314949982619012]},"properties":{"FID":846,"fid_1":847,"ID":847,"Latitude":39.314950000000003,"Longitude":26.336252999999999,"Κόμβο":"Τμήμα οδού Μανταμάδο προς Κάπη, και κόμβος Μανταμάδου","Περιγ":" ","x_egsa87":701263.1131228935,"y_egsa87":4354043.1227783225}},{"type":"Feature","id":847,"geometry":{"type":"Point","coordinates":[26.336045987749454,39.314809982619408]},"properties":{"FID":847,"fid_1":848,"ID":848,"Latitude":39.314810000000001,"Longitude":26.336046,"Κόμβο":"Τμήμα οδού Μανταμάδο προς Κάπη, και κόμβος Μανταμάδου","Περιγ":" ","x_egsa87":701245.66692227428,"y_egsa87":4354027.1220164569}},{"type":"Feature","id":848,"geometry":{"type":"Point","coordinates":[26.335777987749914,39.314655982619911]},"properties":{"FID":848,"fid_1":849,"ID":849,"Latitude":39.314655999999999,"Longitude":26.335778000000001,"Κόμβο":"Τμήμα οδού Μανταμάδο προς Κάπη, και κόμβος Μανταμάδου","Περιγ":" ","x_egsa87":701223.00128333538,"y_egsa87":4354009.4314318215}},{"type":"Feature","id":849,"geometry":{"type":"Point","coordinates":[26.335558987750254,39.314545982620302]},"properties":{"FID":849,"fid_1":850,"ID":850,"Latitude":39.314546,"Longitude":26.335559,"Κόμβο":"Τμήμα οδού Μανταμάδο προς Κάπη, και κόμβος Μανταμάδου","Περιγ":" ","x_egsa87":701204.43421919993,"y_egsa87":4353996.733915112}},{"type":"Feature","id":850,"geometry":{"type":"Point","coordinates":[26.33532498775061,39.31443798262066]},"properties":{"FID":850,"fid_1":851,"ID":851,"Latitude":39.314438000000003,"Longitude":26.335325000000001,"Κόμβο":"Τμήμα οδού Μανταμάδο προς Κάπη, και κόμβος Μανταμάδου","Περιγ":" ","x_egsa87":701184.56803033734,"y_egsa87":4353984.2250215802}},{"type":"Feature","id":851,"geometry":{"type":"Point","coordinates":[26.33513198775087,39.314374982620926]},"properties":{"FID":851,"fid_1":852,"ID":852,"Latitude":39.314374999999998,"Longitude":26.335132000000002,"Κόμβο":"Τμήμα οδού Μανταμάδο προς Κάπη, και κόμβος Μανταμάδου","Περιγ":" ","x_egsa87":701168.10784542037,"y_egsa87":4353976.8023346681}},{"type":"Feature","id":852,"geometry":{"type":"Point","coordinates":[26.334955987751066,39.314341982621123]},"properties":{"FID":852,"fid_1":853,"ID":853,"Latitude":39.314342000000003,"Longitude":26.334955999999998,"Κόμβο":"Τμήμα οδού Μανταμάδο προς Κάπη, και κόμβος Μανταμάδου","Περιγ":" ","x_egsa87":701153.02738667431,"y_egsa87":4353972.7474323064}},{"type":"Feature","id":853,"geometry":{"type":"Point","coordinates":[26.334678987751399,39.314268982621485]},"properties":{"FID":853,"fid_1":854,"ID":854,"Latitude":39.314269000000003,"Longitude":26.334679000000001,"Κόμβο":"Τμήμα οδού Μανταμάδο προς Κάπη, και κόμβος Μανταμάδου","Περιγ":" ","x_egsa87":701129.35315892322,"y_egsa87":4353964.027773655}},{"type":"Feature","id":854,"geometry":{"type":"Point","coordinates":[26.334418987751693,39.314215982621775]},"properties":{"FID":854,"fid_1":855,"ID":855,"Latitude":39.314216000000002,"Longitude":26.334419,"Κόμβο":"Τμήμα οδού Μανταμάδο προς Κάπη, και κόμβος Μανταμάδου","Περιγ":" ","x_egsa87":701107.08732702106,"y_egsa87":4353957.5659674089}},{"type":"Feature","id":855,"geometry":{"type":"Point","coordinates":[26.334144987752001,39.31415698262208]},"properties":{"FID":855,"fid_1":856,"ID":856,"Latitude":39.314157000000002,"Longitude":26.334144999999999,"Κόμβο":"Τμήμα οδού Μανταμάδο προς Κάπη, και κόμβος Μανταμάδου","Περιγ":" ","x_egsa87":701083.63154766848,"y_egsa87":4353950.4070773376}},{"type":"Feature","id":856,"geometry":{"type":"Point","coordinates":[26.333894987752345,39.314065982622445]},"properties":{"FID":856,"fid_1":857,"ID":857,"Latitude":39.314065999999997,"Longitude":26.333894999999998,"Κόμβο":"Τμήμα οδού Μανταμάδο προς Κάπη, και κόμβος Μανταμάδου","Περιγ":" ","x_egsa87":701062.33677910711,"y_egsa87":4353939.7498164289}},{"type":"Feature","id":857,"geometry":{"type":"Point","coordinates":[26.333625987752658,39.313996982622776]},"properties":{"FID":857,"fid_1":858,"ID":858,"Latitude":39.313997000000001,"Longitude":26.333625999999999,"Κόμβο":"Τμήμα οδού Μανταμάδο προς Κάπη, και κόμβος Μανταμάδου","Περιγ":" ","x_egsa87":701039.34068171657,"y_egsa87":4353931.4922342906}},{"type":"Feature","id":858,"geometry":{"type":"Point","coordinates":[26.333396987752927,39.313943982623044]},"properties":{"FID":858,"fid_1":859,"ID":859,"Latitude":39.313943999999999,"Longitude":26.333397000000001,"Κόμβο":"Τμήμα οδού Μανταμάδο προς Κάπη, και κόμβος Μανταμάδου","Περιγ":" ","x_egsa87":701019.74759607937,"y_egsa87":4353925.099693181}},{"type":"Feature","id":859,"geometry":{"type":"Point","coordinates":[26.333322987753238,39.313784982623403]},"properties":{"FID":859,"fid_1":860,"ID":860,"Latitude":39.313785000000003,"Longitude":26.333323,"Κόμβο":"Τμήμα οδού Μανταμάδο προς Κάπη, και κόμβος Μανταμάδου","Περιγ":" ","x_egsa87":701013.82271036378,"y_egsa87":4353907.2866042992}},{"type":"Feature","id":860,"geometry":{"type":"Point","coordinates":[26.333550987753402,39.313567982623638]},"properties":{"FID":860,"fid_1":861,"ID":861,"Latitude":39.313567999999997,"Longitude":26.333551,"Κόμβο":"Τμήμα οδού Μανταμάδο προς Κάπη, και κόμβος Μανταμάδου","Περιγ":" ","x_egsa87":701034.10332917143,"y_egsa87":4353883.7079593567}},{"type":"Feature","id":861,"geometry":{"type":"Point","coordinates":[26.333334987753521,39.313601982623766]},"properties":{"FID":861,"fid_1":862,"ID":862,"Latitude":39.313602000000003,"Longitude":26.333335000000002,"Κόμβο":"Τμήμα οδού Μανταμάδο προς Κάπη, και κόμβος Μανταμάδου","Περιγ":" ","x_egsa87":701015.381735428,"y_egsa87":4353887.001030881}},{"type":"Feature","id":862,"geometry":{"type":"Point","coordinates":[26.333082987753329,39.31385098262345]},"properties":{"FID":862,"fid_1":863,"ID":863,"Latitude":39.313851,"Longitude":26.333082999999998,"Κόμβο":"Τμήμα οδού Μανταμάδο προς Κάπη, και κόμβος Μανταμάδου","Περιγ":" ","x_egsa87":700992.94015852804,"y_egsa87":4353914.0781828919}},{"type":"Feature","id":863,"geometry":{"type":"Point","coordinates":[26.332996987753152,39.31400498262321]},"properties":{"FID":863,"fid_1":864,"ID":864,"Latitude":39.314005000000002,"Longitude":26.332996999999999,"Κόμβο":"Τμήμα οδού Μανταμάδο προς Κάπη, και κόμβος Μανταμάδου","Περιγ":" ","x_egsa87":700985.08381257486,"y_egsa87":4353930.9801842812}},{"type":"Feature","id":864,"geometry":{"type":"Point","coordinates":[26.332913987752992,39.314150982622998]},"properties":{"FID":864,"fid_1":865,"ID":865,"Latitude":39.314151000000003,"Longitude":26.332913999999999,"Κόμβο":"Τμήμα οδού Μανταμάδο προς Κάπη, και κόμβος Μανταμάδου","Περιγ":" ","x_egsa87":700977.50908327952,"y_egsa87":4353947.0009002592}},{"type":"Feature","id":865,"geometry":{"type":"Point","coordinates":[26.332749987752834,39.314334982622768]},"properties":{"FID":865,"fid_1":866,"ID":866,"Latitude":39.314335,"Longitude":26.332750000000001,"Κόμβο":"Τμήμα οδού Μανταμάδο προς Κάπη, και κόμβος Μανταμάδου","Περιγ":" ","x_egsa87":700962.84153485601,"y_egsa87":4353967.0592252836}},{"type":"Feature","id":866,"geometry":{"type":"Point","coordinates":[26.33262798775268,39.314500982622526]},"properties":{"FID":866,"fid_1":867,"ID":867,"Latitude":39.314501,"Longitude":26.332628,"Κόμβο":"Τμήμα οδού Μανταμάδο προς Κάπη, και κόμβος Μανταμάδου","Περιγ":" ","x_egsa87":700951.84693725582,"y_egsa87":4353985.2131011281}},{"type":"Feature","id":867,"geometry":{"type":"Point","coordinates":[26.336182987748831,39.315139982618689]},"properties":{"FID":867,"fid_1":868,"ID":868,"Latitude":39.31514,"Longitude":26.336182999999998,"Κόμβο":"Τμήμα οδού Μανταμάδο προς Κάπη, και κόμβος Μανταμάδου","Περιγ":"τετράφωτο","x_egsa87":701256.53253732435,"y_egsa87":4354064.0560461646}},{"type":"Feature","id":868,"geometry":{"type":"Point","coordinates":[26.336695987747756,39.315561982617481]},"properties":{"FID":868,"fid_1":869,"ID":869,"Latitude":39.315562,"Longitude":26.336696,"Κόμβο":"Τμήμα οδού Μανταμάδο προς Κάπη, και κόμβος Μανταμάδου","Περιγ":" ","x_egsa87":701299.55302741379,"y_egsa87":4354112.0397960125}},{"type":"Feature","id":869,"geometry":{"type":"Point","coordinates":[26.337129987747009,39.315815982616691]},"properties":{"FID":869,"fid_1":870,"ID":870,"Latitude":39.315815999999998,"Longitude":26.337129999999998,"Κόμβο":"Τμήμα οδού Μανταμάδο προς Κάπη, και κόμβος Μανταμάδου","Περιγ":" ","x_egsa87":701336.24376862869,"y_egsa87":4354141.200318574}},{"type":"Feature","id":870,"geometry":{"type":"Point","coordinates":[26.337528987746353,39.316025982615962]},"properties":{"FID":870,"fid_1":871,"ID":871,"Latitude":39.316026000000001,"Longitude":26.337529,"Κόμβο":"Τμήμα οδού Μανταμάδο προς Κάπη, και κόμβος Μανταμάδου","Περιγ":" ","x_egsa87":701370.04284411587,"y_egsa87":4354165.3991481969}},{"type":"Feature","id":871,"geometry":{"type":"Point","coordinates":[26.338751987750197,39.312957982621]},"properties":{"FID":871,"fid_1":872,"ID":872,"Latitude":39.312958000000002,"Longitude":26.338751999999999,"Κόμβο":"Τμήμα οδού Μανταμάδο προς Κάπη, και κόμβος Μανταμάδου","Περιγ":"Πίλαρ","x_egsa87":701484.30134107382,"y_egsa87":4353827.5906840563}},{"type":"Feature","id":872,"geometry":{"type":"Point","coordinates":[26.3387479877502,39.312956982621003]},"properties":{"FID":872,"fid_1":873,"ID":873,"Latitude":39.312956999999997,"Longitude":26.338747999999999,"Κόμβο":"Τμήμα οδού Μανταμάδο προς Κάπη, και κόμβος Μανταμάδου","Περιγ":" ","x_egsa87":701483.95931763679,"y_egsa87":4353827.4707640447}},{"type":"Feature","id":873,"geometry":{"type":"Point","coordinates":[26.338944987746046,39.315500982615937]},"properties":{"FID":873,"fid_1":874,"ID":874,"Latitude":39.315500999999998,"Longitude":26.338944999999999,"Κόμβο":"Τμήμα οδού Μανταμάδο προς Κάπη, και κόμβος Μανταμάδου","Περιγ":" ","x_egsa87":701493.63842734531,"y_egsa87":4354110.284560713}},{"type":"Feature","id":874,"geometry":{"type":"Point","coordinates":[26.339007987746388,39.315243982616387]},"properties":{"FID":874,"fid_1":875,"ID":875,"Latitude":39.315244,"Longitude":26.339008,"Κόμβο":"Τμήμα οδού Μανταμάδο προς Κάπη, και κόμβος Μανταμάδου","Περιγ":" ","x_egsa87":701499.80853698775,"y_egsa87":4354081.8991046958}},{"type":"Feature","id":875,"geometry":{"type":"Point","coordinates":[26.335945987749788,39.314646982619813]},"properties":{"FID":875,"fid_1":876,"ID":876,"Latitude":39.314647000000001,"Longitude":26.335946,"Κόμβο":"Τμήμα οδού Μανταμάδο προς Κάπη, και κόμβος Μανταμάδου","Περιγ":"πίλαρ","x_egsa87":701237.51234892744,"y_egsa87":4354008.8068094999}},{"type":"Feature","id":876,"geometry":{"type":"Point","coordinates":[26.528028987860129,39.146113982802859]},"properties":{"FID":876,"fid_1":877,"ID":877,"Latitude":39.146113999999997,"Longitude":26.528029,"Κόμβο":"Τμήμα οδού Πάρκο Παναγιούδας προς Πάμφιλα","Περιγ":"Πίλαρ","x_egsa87":718321.79435473471,"y_egsa87":4335747.6315423762}},{"type":"Feature","id":877,"geometry":{"type":"Point","coordinates":[26.528051987860188,39.146053982802968]},"properties":{"FID":877,"fid_1":878,"ID":878,"Latitude":39.146053999999999,"Longitude":26.528051999999999,"Κόμβο":"Τμήμα οδού Πάρκο Παναγιούδας προς Πάμφιλα","Περιγ":" ","x_egsa87":718323.96788881405,"y_egsa87":4335741.0271480121}},{"type":"Feature","id":878,"geometry":{"type":"Point","coordinates":[26.527963987860041,39.146198982802765]},"properties":{"FID":878,"fid_1":879,"ID":879,"Latitude":39.146199000000003,"Longitude":26.527964000000001,"Κόμβο":"Τμήμα οδού Πάρκο Παναγιούδας προς Πάμφιλα","Περιγ":" ","x_egsa87":718315.91338102904,"y_egsa87":4335756.9096803535}},{"type":"Feature","id":879,"geometry":{"type":"Point","coordinates":[26.527862987859816,39.146391982802442]},"properties":{"FID":879,"fid_1":880,"ID":880,"Latitude":39.146391999999999,"Longitude":26.527863,"Κόμβο":"Τμήμα οδού Πάρκο Παναγιούδας προς Πάμφιλα","Περιγ":" ","x_egsa87":718306.5868179875,"y_egsa87":4335778.0887458958}},{"type":"Feature","id":880,"geometry":{"type":"Point","coordinates":[26.527729987859598,39.146600982802155]},"properties":{"FID":880,"fid_1":881,"ID":881,"Latitude":39.146600999999997,"Longitude":26.527729999999998,"Κόμβο":"Τμήμα οδού Πάρκο Παναγιούδας προς Πάμφιλα","Περιγ":" ","x_egsa87":718294.44503037306,"y_egsa87":4335800.9666902134}},{"type":"Feature","id":881,"geometry":{"type":"Point","coordinates":[26.527645987859433,39.146753982801911]},"properties":{"FID":881,"fid_1":882,"ID":882,"Latitude":39.146754000000001,"Longitude":26.527646000000001,"Κόμβο":"Τμήμα οδού Πάρκο Παναγιούδας προς Πάμφιλα","Περιγ":"δίφωτο","x_egsa87":718286.71160988463,"y_egsa87":4335817.7468568729}},{"type":"Feature","id":882,"geometry":{"type":"Point","coordinates":[26.52750098785917,39.146989982801578]},"properties":{"FID":882,"fid_1":883,"ID":883,"Latitude":39.146990000000002,"Longitude":26.527501000000001,"Κόμβο":"Τμήμα οδού Πάρκο Παναγιούδας προς Πάμφιλα","Περιγ":" ","x_egsa87":718273.44925972389,"y_egsa87":4335843.5928370198}},{"type":"Feature","id":883,"geometry":{"type":"Point","coordinates":[26.527376987858904,39.147223982801215]},"properties":{"FID":883,"fid_1":884,"ID":884,"Latitude":39.147224000000001,"Longitude":26.527377000000001,"Κόμβο":"Τμήμα οδού Πάρκο Παναγιούδας προς Πάμφιλα","Περιγ":" ","x_egsa87":718262.00820076442,"y_egsa87":4335869.2674183575}},{"type":"Feature","id":884,"geometry":{"type":"Point","coordinates":[26.52735998785856,39.147451982800789]},"properties":{"FID":884,"fid_1":885,"ID":885,"Latitude":39.147452000000001,"Longitude":26.527360000000002,"Κόμβο":"Τμήμα οδού Πάρκο Παναγιούδας προς Πάμφιλα","Περιγ":" ","x_egsa87":718259.83372061758,"y_egsa87":4335894.5337191261}},{"type":"Feature","id":885,"geometry":{"type":"Point","coordinates":[26.527329987858298,39.147638982800444]},"properties":{"FID":885,"fid_1":886,"ID":886,"Latitude":39.147638999999998,"Longitude":26.527329999999999,"Κόμβο":"Τμήμα οδού Πάρκο Παναγιούδας προς Πάμφιλα","Περιγ":" ","x_egsa87":718256.66247386974,"y_egsa87":4335915.2178489603}},{"type":"Feature","id":886,"geometry":{"type":"Point","coordinates":[26.527308987857975,39.147852982800046]},"properties":{"FID":886,"fid_1":887,"ID":887,"Latitude":39.147852999999998,"Longitude":26.527308999999999,"Κόμβο":"Τμήμα οδού Πάρκο Παναγιούδας προς Πάμφιλα","Περιγ":" ","x_egsa87":718254.18559308781,"y_egsa87":4335938.9205649393}},{"type":"Feature","id":887,"geometry":{"type":"Point","coordinates":[26.52725898785766,39.148077982799641]},"properties":{"FID":887,"fid_1":888,"ID":888,"Latitude":39.148077999999998,"Longitude":26.527259000000001,"Κόμβο":"Τμήμα οδού Πάρκο Παναγιούδας προς Πάμφιλα","Περιγ":" ","x_egsa87":718249.1682664135,"y_egsa87":4335963.7744061882}},{"type":"Feature","id":888,"geometry":{"type":"Point","coordinates":[26.527186987857355,39.148310982799273]},"properties":{"FID":888,"fid_1":889,"ID":889,"Latitude":39.148311,"Longitude":26.527187000000001,"Κόμβο":"Τμήμα οδού Πάρκο Παναγιούδας προς Πάμφιλα","Περιγ":" ","x_egsa87":718242.22479656606,"y_egsa87":4335989.4632437201}},{"type":"Feature","id":889,"geometry":{"type":"Point","coordinates":[26.527137987857095,39.148502982798917]},"properties":{"FID":889,"fid_1":890,"ID":890,"Latitude":39.148502999999998,"Longitude":26.527138000000001,"Κόμβο":"Τμήμα οδού Πάρκο Παναγιούδας προς Πάμφιλα","Περιγ":" ","x_egsa87":718237.3960112757,"y_egsa87":4336010.6566088237}},{"type":"Feature","id":890,"geometry":{"type":"Point","coordinates":[26.527047987856733,39.148780982798456]},"properties":{"FID":890,"fid_1":891,"ID":891,"Latitude":39.148781,"Longitude":26.527048000000001,"Κόμβο":"Τμήμα οδού Πάρκο Παναγιούδας προς Πάμφιλα","Περιγ":" ","x_egsa87":718228.75773854624,"y_egsa87":4336041.2969613811}},{"type":"Feature","id":891,"geometry":{"type":"Point","coordinates":[26.526989987856364,39.149045982797979]},"properties":{"FID":891,"fid_1":892,"ID":892,"Latitude":39.149045999999998,"Longitude":26.526990000000001,"Κόμβο":"Τμήμα οδού Πάρκο Παναγιούδας προς Πάμφιλα","Περιγ":" ","x_egsa87":718222.92540526425,"y_egsa87":4336070.5714203427}},{"type":"Feature","id":892,"geometry":{"type":"Point","coordinates":[26.526714987855609,39.149664982796978]},"properties":{"FID":892,"fid_1":893,"ID":893,"Latitude":39.149664999999999,"Longitude":26.526714999999999,"Κόμβο":"Τμήμα οδού Πάρκο Παναγιούδας προς Πάμφιλα","Περιγ":" ","x_egsa87":718197.24375664606,"y_egsa87":4336138.6162126642}},{"type":"Feature","id":893,"geometry":{"type":"Point","coordinates":[26.526686987855999,39.149429982797479]},"properties":{"FID":893,"fid_1":894,"ID":894,"Latitude":39.149430000000002,"Longitude":26.526686999999999,"Κόμβο":"Τμήμα οδού Πάρκο Παναγιούδας προς Πάμφιλα","Περιγ":" ","x_egsa87":718195.55047235743,"y_egsa87":4336112.4645718597}},{"type":"Feature","id":894,"geometry":{"type":"Point","coordinates":[26.526748987856202,39.149266982797741]},"properties":{"FID":894,"fid_1":895,"ID":895,"Latitude":39.149267000000002,"Longitude":26.526748999999999,"Κόμβο":"Τμήμα οδού Πάρκο Παναγιούδας προς Πάμφιλα","Περιγ":" ","x_egsa87":718201.41298691218,"y_egsa87":4336094.5213903161}},{"type":"Feature","id":895,"geometry":{"type":"Point","coordinates":[26.465285987950562,39.120567982898812]},"properties":{"FID":895,"fid_1":896,"ID":896,"Latitude":39.120567999999999,"Longitude":26.465285999999999,"Κόμβο":"Τμήμα οδού, από Κόμβο Μόριας (Jumbo) μέχρι κόμβο Βορειας Παράκαμψης","Περιγ":" ","x_egsa87":712975.91578683851,"y_egsa87":4332762.8782170527}},{"type":"Feature","id":896,"geometry":{"type":"Point","coordinates":[26.465431987950307,39.120654982898522]},"properties":{"FID":896,"fid_1":897,"ID":897,"Latitude":39.120654999999999,"Longitude":26.465432,"Κόμβο":"Τμήμα οδού, από Κόμβο Μόριας (Jumbo) μέχρι κόμβο Βορειας Παράκαμψης","Περιγ":" ","x_egsa87":712988.27685515163,"y_egsa87":4332772.8777064253}},{"type":"Feature","id":897,"geometry":{"type":"Point","coordinates":[26.465748987950064,39.120647982898305]},"properties":{"FID":897,"fid_1":898,"ID":898,"Latitude":39.120648000000003,"Longitude":26.465748999999999,"Κόμβο":"Τμήμα οδού, από Κόμβο Μόριας (Jumbo) μέχρι κόμβο Βορειας Παράκαμψης","Περιγ":" ","x_egsa87":713015.70625619963,"y_egsa87":4332772.8453435441}},{"type":"Feature","id":898,"geometry":{"type":"Point","coordinates":[26.466087987949827,39.120630982898099]},"properties":{"FID":898,"fid_1":899,"ID":899,"Latitude":39.120631000000003,"Longitude":26.466087999999999,"Κόμβο":"Τμήμα οδού, από Κόμβο Μόριας (Jumbo) μέχρι κόμβο Βορειας Παράκαμψης","Περιγ":" ","x_egsa87":713045.06797753007,"y_egsa87":4332771.7548106313}},{"type":"Feature","id":899,"geometry":{"type":"Point","coordinates":[26.466405987949546,39.12064298289782]},"properties":{"FID":899,"fid_1":900,"ID":900,"Latitude":39.120643000000001,"Longitude":26.466405999999999,"Κόμβο":"Τμήμα οδού, από Κόμβο Μόριας (Jumbo) μέχρι κόμβο Βορειας Παράκαμψης","Περιγ":" ","x_egsa87":713072.52654596092,"y_egsa87":4332773.8339045728}},{"type":"Feature","id":900,"geometry":{"type":"Point","coordinates":[26.466732987949268,39.120651982897542]},"properties":{"FID":900,"fid_1":901,"ID":901,"Latitude":39.120652,"Longitude":26.466733000000001,"Κόμβο":"Τμήμα οδού, από Κόμβο Μόριας (Jumbo) μέχρι κόμβο Βορειας Παράκαμψης","Περιγ":" ","x_egsa87":713100.77231036173,"y_egsa87":4332775.601259442}},{"type":"Feature","id":901,"geometry":{"type":"Point","coordinates":[26.467055987949042,39.12062998289737]},"properties":{"FID":901,"fid_1":902,"ID":902,"Latitude":39.120629999999998,"Longitude":26.467055999999999,"Κόμβο":"Τμήμα οδού, από Κόμβο Μόριας (Jumbo) μέχρι κόμβο Βορειας Παράκαμψης","Περιγ":" ","x_egsa87":713128.76575651101,"y_egsa87":4332773.9184634844}},{"type":"Feature","id":902,"geometry":{"type":"Point","coordinates":[26.467375987948792,39.120626982897129]},"properties":{"FID":902,"fid_1":903,"ID":903,"Latitude":39.120626999999999,"Longitude":26.467376000000002,"Κόμβο":"Τμήμα οδού, από Κόμβο Μόριας (Jumbo) μέχρι κόμβο Βορειας Παράκαμψης","Περιγ":" ","x_egsa87":713156.44250230235,"y_egsa87":4332774.3376242323}},{"type":"Feature","id":903,"geometry":{"type":"Point","coordinates":[26.467690987948536,39.120629982896894]},"properties":{"FID":903,"fid_1":904,"ID":904,"Latitude":39.120629999999998,"Longitude":26.467690999999999,"Κόμβο":"Τμήμα οδού, από Κόμβο Μόριας (Jumbo) μέχρι κόμβο Βορειας Παράκαμψης","Περιγ":" ","x_egsa87":713183.66883611563,"y_egsa87":4332775.4110994646}},{"type":"Feature","id":904,"geometry":{"type":"Point","coordinates":[26.468020987948272,39.120630982896657]},"properties":{"FID":904,"fid_1":905,"ID":905,"Latitude":39.120631000000003,"Longitude":26.468021,"Κόμβο":"Τμήμα οδού, από Κόμβο Μόριας (Jumbo) μέχρι κόμβο Βορειας Παράκαμψης","Περιγ":" ","x_egsa87":713212.19812893576,"y_egsa87":4332776.2979472233}},{"type":"Feature","id":905,"geometry":{"type":"Point","coordinates":[26.468336987948089,39.120589982896483]},"properties":{"FID":905,"fid_1":906,"ID":906,"Latitude":39.12059,"Longitude":26.468336999999998,"Κόμβο":"Τμήμα οδού, από Κόμβο Μόριας (Jumbo) μέχρι κόμβο Βορειας Παράκαμψης","Περιγ":" ","x_egsa87":713239.64374932915,"y_egsa87":4332772.4901774079}},{"type":"Feature","id":906,"geometry":{"type":"Point","coordinates":[26.468683987947802,39.12058798289624]},"properties":{"FID":906,"fid_1":907,"ID":907,"Latitude":39.120587999999998,"Longitude":26.468684,"Κόμβο":"Τμήμα οδού, από Κόμβο Μόριας (Jumbo) μέχρι κόμβο Βορειας Παράκαμψης","Περιγ":" ","x_egsa87":713269.65196531673,"y_egsa87":4332773.0842240825}},{"type":"Feature","id":907,"geometry":{"type":"Point","coordinates":[26.468995987947579,39.120568982896039]},"properties":{"FID":907,"fid_1":908,"ID":908,"Latitude":39.120569000000003,"Longitude":26.468996000000001,"Κόμβο":"Τμήμα οδού, από Κόμβο Μόριας (Jumbo) μέχρι κόμβο Βορειας Παράκαμψης","Περιγ":" ","x_egsa87":713296.68536087684,"y_egsa87":4332771.7091403687}},{"type":"Feature","id":908,"geometry":{"type":"Point","coordinates":[26.469325987947368,39.120538982895837]},"properties":{"FID":908,"fid_1":909,"ID":909,"Latitude":39.120539000000001,"Longitude":26.469325999999999,"Κόμβο":"Τμήμα οδού, από Κόμβο Μόριας (Jumbo) μέχρι κόμβο Βορειας Παράκαμψης","Περιγ":" ","x_egsa87":713325.30830207362,"y_egsa87":4332769.1555458428}},{"type":"Feature","id":909,"geometry":{"type":"Point","coordinates":[26.469645987947136,39.120519982895644]},"properties":{"FID":909,"fid_1":910,"ID":910,"Latitude":39.120519999999999,"Longitude":26.469646000000001,"Κόμβο":"Τμήμα οδού, από Κόμβο Μόριας (Jumbo) μέχρι κόμβο Βορειας Παράκαμψης","Περιγ":" ","x_egsa87":713353.03342758201,"y_egsa87":4332767.7994749732}},{"type":"Feature","id":910,"geometry":{"type":"Point","coordinates":[26.469959987946954,39.120477982895501]},"properties":{"FID":910,"fid_1":911,"ID":911,"Latitude":39.120477999999999,"Longitude":26.46996,"Κόμβο":"Τμήμα οδού, από Κόμβο Μόριας (Jumbo) μέχρι κόμβο Βορειας Παράκαμψης","Περιγ":" ","x_egsa87":713380.30927635729,"y_egsa87":4332763.8764920682}},{"type":"Feature","id":911,"geometry":{"type":"Point","coordinates":[26.470270987946758,39.120448982895326]},"properties":{"FID":911,"fid_1":912,"ID":912,"Latitude":39.120449000000001,"Longitude":26.470271,"Κόμβο":"Τμήμα οδού, από Κόμβο Μόριας (Jumbo) μέχρι κόμβο Βορειας Παράκαμψης","Περιγ":" ","x_egsa87":713407.28649842041,"y_egsa87":4332761.3894812074}},{"type":"Feature","id":912,"geometry":{"type":"Point","coordinates":[26.470590987946565,39.120403982895176]},"properties":{"FID":912,"fid_1":913,"ID":913,"Latitude":39.120404000000001,"Longitude":26.470590999999999,"Κόμβο":"Τμήμα οδού, από Κόμβο Μόριας (Jumbo) μέχρι κόμβο Βορειας Παράκαμψης","Περιγ":" ","x_egsa87":713435.09024481999,"y_egsa87":4332757.1478209896}},{"type":"Feature","id":913,"geometry":{"type":"Point","coordinates":[26.470914987946379,39.12035998289501]},"properties":{"FID":913,"fid_1":914,"ID":914,"Latitude":39.120359999999998,"Longitude":26.470915000000002,"Κόμβο":"Τμήμα οδού, από Κόμβο Μόριας (Jumbo) μέχρι κόμβο Βορειας Παράκαμψης","Περιγ":" ","x_egsa87":713463.2368535063,"y_egsa87":4332753.0266692219}},{"type":"Feature","id":914,"geometry":{"type":"Point","coordinates":[26.471164987946167,39.120360982894844]},"properties":{"FID":914,"fid_1":915,"ID":915,"Latitude":39.120361000000003,"Longitude":26.471164999999999,"Κόμβο":"Τμήμα οδού, από Κόμβο Μόριας (Jumbo) μέχρι κόμβο Βορειας Παράκαμψης","Περιγ":" ","x_egsa87":713484.84931188973,"y_egsa87":4332753.7261899794}},{"type":"Feature","id":915,"geometry":{"type":"Point","coordinates":[26.471502987945886,39.120366982894559]},"properties":{"FID":915,"fid_1":916,"ID":916,"Latitude":39.120367000000002,"Longitude":26.471502999999998,"Κόμβο":"Τμήμα οδού, από Κόμβο Μόριας (Jumbo) μέχρι κόμβο Βορειας Παράκαμψης","Περιγ":" ","x_egsa87":713514.05530674849,"y_egsa87":4332755.1879429836}},{"type":"Feature","id":916,"geometry":{"type":"Point","coordinates":[26.471533987945879,39.120357982894589]},"properties":{"FID":916,"fid_1":917,"ID":917,"Latitude":39.120358000000003,"Longitude":26.471533999999998,"Κόμβο":"Τμήμα οδού, από Κόμβο Μόριας (Jumbo) μέχρι κόμβο Βορειας Παράκαμψης","Περιγ":" ","x_egsa87":713516.7628303786,"y_egsa87":4332754.2619766938}},{"type":"Feature","id":917,"geometry":{"type":"Point","coordinates":[26.471860987945615,39.120358982894317]},"properties":{"FID":917,"fid_1":918,"ID":918,"Latitude":39.120359000000001,"Longitude":26.471861000000001,"Κόμβο":"Τμήμα οδού, από Κόμβο Μόριας (Jumbo) μέχρι κόμβο Βορειας Παράκαμψης","Περιγ":" ","x_egsa87":713545.03285961528,"y_egsa87":4332755.1429684581}},{"type":"Feature","id":918,"geometry":{"type":"Point","coordinates":[26.472178987945352,39.120364982894053]},"properties":{"FID":918,"fid_1":919,"ID":919,"Latitude":39.120365,"Longitude":26.472179000000001,"Κόμβο":"Τμήμα οδού, από Κόμβο Μόριας (Jumbo) μέχρι κόμβο Βορειας Παράκαμψης","Περιγ":" ","x_egsa87":713572.50961470196,"y_egsa87":4332756.5578420339}},{"type":"Feature","id":919,"geometry":{"type":"Point","coordinates":[26.47258398794505,39.12035098289379]},"properties":{"FID":919,"fid_1":920,"ID":920,"Latitude":39.120350999999999,"Longitude":26.472584000000001,"Κόμβο":"Τμήμα οδού, από Κόμβο Μόριας (Jumbo) μέχρι κόμβο Βορειας Παράκαμψης","Περιγ":" ","x_egsa87":713607.56903357373,"y_egsa87":4332755.9578374708}},{"type":"Feature","id":920,"geometry":{"type":"Point","coordinates":[26.472786987944875,39.120356982893625]},"properties":{"FID":920,"fid_1":921,"ID":921,"Latitude":39.120356999999998,"Longitude":26.472787,"Κόμβο":"Τμήμα οδού, από Κόμβο Μόριας (Jumbo) μέχρι κόμβο Βορειας Παράκαμψης","Περιγ":" ","x_egsa87":713625.10266526218,"y_egsa87":4332757.102010739}},{"type":"Feature","id":921,"geometry":{"type":"Point","coordinates":[26.473032987944652,39.120379982893425]},"properties":{"FID":921,"fid_1":922,"ID":922,"Latitude":39.120379999999997,"Longitude":26.473033000000001,"Κόμβο":"Τμήμα οδού, από Κόμβο Μόριας (Jumbo) μέχρι κόμβο Βορειας Παράκαμψης","Περιγ":" ","x_egsa87":713646.3027414059,"y_egsa87":4332760.2344510164}},{"type":"Feature","id":922,"geometry":{"type":"Point","coordinates":[26.473393987944331,39.12039498289311]},"properties":{"FID":922,"fid_1":923,"ID":923,"Latitude":39.120395000000002,"Longitude":26.473393999999999,"Κόμβο":"Τμήμα οδού, από Κόμβο Μόριας (Jumbo) μέχρι κόμβο Βορειας Παράκαμψης","Περιγ":" ","x_egsa87":713677.47012269043,"y_egsa87":4332762.7499604784}},{"type":"Feature","id":923,"geometry":{"type":"Point","coordinates":[26.473590987944164,39.120396982892949]},"properties":{"FID":923,"fid_1":924,"ID":924,"Latitude":39.120396999999997,"Longitude":26.473590999999999,"Κόμβο":"Τμήμα οδού, από Κόμβο Μόριας (Jumbo) μέχρι κόμβο Βορειας Παράκαμψης","Περιγ":" ","x_egsa87":713694.49706902995,"y_egsa87":4332763.4361703498}},{"type":"Feature","id":924,"geometry":{"type":"Point","coordinates":[26.473903987943942,39.120376982892758]},"properties":{"FID":924,"fid_1":925,"ID":925,"Latitude":39.120376999999998,"Longitude":26.473904000000001,"Κόμβο":"Τμήμα οδού, από Κόμβο Μόριας (Jumbo) μέχρι κόμβο Βορειας Παράκαμψης","Περιγ":" ","x_egsa87":713721.62015956489,"y_egsa87":4332761.9539064886}},{"type":"Feature","id":925,"geometry":{"type":"Point","coordinates":[26.474184987943762,39.120350982892589]},"properties":{"FID":925,"fid_1":926,"ID":926,"Latitude":39.120350999999999,"Longitude":26.474184999999999,"Κόμβο":"Τμήμα οδού, από Κόμβο Μόριας (Jumbo) μέχρι κόμβο Βορειας Παράκαμψης","Περιγ":" ","x_egsa87":713745.99463928258,"y_egsa87":4332759.730336111}},{"type":"Feature","id":926,"geometry":{"type":"Point","coordinates":[26.474545987943497,39.120339982892339]},"properties":{"FID":926,"fid_1":927,"ID":927,"Latitude":39.120339999999999,"Longitude":26.474546,"Κόμβο":"Τμήμα οδού, από Κόμβο Μόριας (Jumbo) μέχρι κόμβο Βορειας Παράκαμψης","Περιγ":" ","x_egsa87":713777.24070336448,"y_egsa87":4332759.3603636492}},{"type":"Feature","id":927,"geometry":{"type":"Point","coordinates":[26.474897987943223,39.120330982892121]},"properties":{"FID":927,"fid_1":928,"ID":928,"Latitude":39.120331,"Longitude":26.474898,"Κόμβο":"Τμήμα οδού, από Κόμβο Μόριας (Jumbo) μέχρι κόμβο Βορειας Παράκαμψης","Περιγ":" ","x_egsa87":713807.70256721019,"y_egsa87":4332759.1912860218}},{"type":"Feature","id":928,"geometry":{"type":"Point","coordinates":[26.475165987943051,39.12030798289198]},"properties":{"FID":928,"fid_1":929,"ID":929,"Latitude":39.120308000000001,"Longitude":26.475166000000002,"Κόμβο":"Τμήμα οδού, από Κόμβο Μόριας (Jumbo) μέχρι κόμβο Βορειας Παράκαμψης","Περιγ":" ","x_egsa87":713830.94401012722,"y_egsa87":4332757.2703130068}},{"type":"Feature","id":929,"geometry":{"type":"Point","coordinates":[26.475471987942782,39.120317982891706]},"properties":{"FID":929,"fid_1":930,"ID":930,"Latitude":39.120317999999997,"Longitude":26.475472,"Κόμβο":"Τμήμα οδού, από Κόμβο Μόριας (Jumbo) μέχρι κόμβο Βορειας Παράκαμψης","Περιγ":" ","x_egsa87":713857.37112042704,"y_egsa87":4332759.101870928}},{"type":"Feature","id":930,"geometry":{"type":"Point","coordinates":[26.475773987942532,39.120328982891465]},"properties":{"FID":930,"fid_1":931,"ID":931,"Latitude":39.120328999999998,"Longitude":26.475774000000001,"Κόμβο":"Τμήμα οδού, από Κόμβο Μόριας (Jumbo) μέχρι κόμβο Βορειας Παράκαμψης","Περιγ":" ","x_egsa87":713883.44934851001,"y_egsa87":4332761.0350791886}},{"type":"Feature","id":931,"geometry":{"type":"Point","coordinates":[26.476107987942225,39.120346982891171]},"properties":{"FID":931,"fid_1":932,"ID":932,"Latitude":39.120347000000002,"Longitude":26.476108,"Κόμβο":"Τμήμα οδού, από Κόμβο Μόριας (Jumbo) μέχρι κόμβο Βορειας Παράκαμψης","Περιγ":" ","x_egsa87":713912.27315617434,"y_egsa87":4332763.8208276872}},{"type":"Feature","id":932,"geometry":{"type":"Point","coordinates":[26.476477987941948,39.120338982890914]},"properties":{"FID":932,"fid_1":933,"ID":933,"Latitude":39.120339000000001,"Longitude":26.476478,"Κόμβο":"Τμήμα οδού, από Κόμβο Μόριας (Jumbo) μέχρι κόμβο Βορειας Παράκαμψης","Περιγ":" ","x_egsa87":713944.28832925996,"y_egsa87":4332763.8057369739}},{"type":"Feature","id":933,"geometry":{"type":"Point","coordinates":[26.476816987941639,39.120359982890626]},"properties":{"FID":933,"fid_1":934,"ID":934,"Latitude":39.120359999999998,"Longitude":26.476817,"Κόμβο":"Τμήμα οδού, από Κόμβο Μόριας (Jumbo) μέχρι κόμβο Βορειας Παράκαμψης","Περιγ":" ","x_egsa87":713973.53534301906,"y_egsa87":4332766.936494329}},{"type":"Feature","id":934,"geometry":{"type":"Point","coordinates":[26.477045987941466,39.120355982890473]},"properties":{"FID":934,"fid_1":935,"ID":935,"Latitude":39.120356000000001,"Longitude":26.477046000000001,"Κόμβο":"Τμήμα οδού, από Κόμβο Μόριας (Jumbo) μέχρι κόμβο Βορειας Παράκαμψης","Περιγ":" ","x_egsa87":713993.34725904569,"y_egsa87":4332767.0328895384}},{"type":"Feature","id":935,"geometry":{"type":"Point","coordinates":[26.477408987941178,39.120354982890191]},"properties":{"FID":935,"fid_1":936,"ID":936,"Latitude":39.120355000000004,"Longitude":26.477409000000002,"Κόμβο":"Τμήμα οδού, από Κόμβο Μόριας (Jumbo) μέχρι κόμβο Βορειας Παράκαμψης","Περιγ":" ","x_egsa87":714024.7359986254,"y_egsa87":4332767.7785763862}},{"type":"Feature","id":936,"geometry":{"type":"Point","coordinates":[26.477758987940966,39.120307982890026]},"properties":{"FID":936,"fid_1":937,"ID":937,"Latitude":39.120308000000001,"Longitude":26.477758999999999,"Κόμβο":"Τμήμα οδού, από Κόμβο Μόριας (Jumbo) μέχρι κόμβο Βορειας Παράκαμψης","Περιγ":" ","x_egsa87":714055.1401284741,"y_egsa87":4332763.3879139805}},{"type":"Feature","id":937,"geometry":{"type":"Point","coordinates":[26.478094987940747,39.120273982889863]},"properties":{"FID":937,"fid_1":938,"ID":938,"Latitude":39.120274000000002,"Longitude":26.478095,"Κόμβο":"Τμήμα οδού, από Κόμβο Μόριας (Jumbo) μέχρι κόμβο Βορειας Παράκαμψης","Περιγ":" ","x_egsa87":714084.29443097126,"y_egsa87":4332760.4072564049}},{"type":"Feature","id":938,"geometry":{"type":"Point","coordinates":[26.478394987940568,39.120233982889701]},"properties":{"FID":938,"fid_1":939,"ID":939,"Latitude":39.120234000000004,"Longitude":26.478394999999999,"Κόμβο":"Τμήμα οδού, από Κόμβο Μόριας (Jumbo) μέχρι κόμβο Βορειας Παράκαμψης","Περιγ":" ","x_egsa87":714110.35431128705,"y_egsa87":4332756.6757328752}},{"type":"Feature","id":939,"geometry":{"type":"Point","coordinates":[26.478642987940461,39.120182982889609]},"properties":{"FID":939,"fid_1":940,"ID":940,"Latitude":39.120182999999997,"Longitude":26.478643000000002,"Κόμβο":"Τμήμα οδού, από Κόμβο Μόριας (Jumbo) μέχρι κόμβο Βορειας Παράκαμψης","Περιγ":" ","x_egsa87":714131.95153137739,"y_egsa87":4332751.6005536299}},{"type":"Feature","id":940,"geometry":{"type":"Point","coordinates":[26.478957987940269,39.120135982889494]},"properties":{"FID":940,"fid_1":941,"ID":941,"Latitude":39.120136000000002,"Longitude":26.478957999999999,"Κόμβο":"Τμήμα οδού, από Κόμβο Μόριας (Jumbo) μέχρι κόμβο Βορειας Παράκαμψης","Περιγ":" ","x_egsa87":714159.32963067328,"y_egsa87":4332747.127642991}},{"type":"Feature","id":941,"geometry":{"type":"Point","coordinates":[26.479280987940076,39.120095982889282]},"properties":{"FID":941,"fid_1":942,"ID":942,"Latitude":39.120095999999997,"Longitude":26.479281,"Κόμβο":"Τμήμα οδού, από Κόμβο Μόριας (Jumbo) μέχρι κόμβο Βορειας Παράκαμψης","Περιγ":" ","x_egsa87":714187.37824129488,"y_egsa87":4332743.4506901465}},{"type":"Feature","id":942,"geometry":{"type":"Point","coordinates":[26.479675987939775,39.12008198288904]},"properties":{"FID":942,"fid_1":943,"ID":943,"Latitude":39.120081999999996,"Longitude":26.479676000000001,"Κόμβο":"Τμήμα οδού, από Κόμβο Μόριας (Jumbo) μέχρι κόμβο Βορειας Παράκαμψης","Περιγ":" ","x_egsa87":714221.57332994009,"y_egsa87":4332742.8298033196}},{"type":"Feature","id":943,"geometry":{"type":"Point","coordinates":[26.47996698793963,39.120032982888915]},"properties":{"FID":943,"fid_1":944,"ID":944,"Latitude":39.120032999999999,"Longitude":26.479966999999998,"Κόμβο":"Τμήμα οδού, από Κόμβο Μόριας (Jumbo) μέχρι κόμβο Βορειας Παράκαμψης","Περιγ":" ","x_egsa87":714246.88249914791,"y_egsa87":4332738.0785079859}},{"type":"Feature","id":944,"geometry":{"type":"Point","coordinates":[26.480315987939374,39.120011982888713]},"properties":{"FID":944,"fid_1":945,"ID":945,"Latitude":39.120012000000003,"Longitude":26.480315999999998,"Κόμβο":"Τμήμα οδού, από Κόμβο Μόριας (Jumbo) μέχρι κόμβο Βορειας Παράκαμψης","Περιγ":" ","x_egsa87":714277.12159413472,"y_egsa87":4332736.5722145075}},{"type":"Feature","id":945,"geometry":{"type":"Point","coordinates":[26.480552987939234,39.11998698288857]},"properties":{"FID":945,"fid_1":946,"ID":946,"Latitude":39.119987000000002,"Longitude":26.480553,"Κόμβο":"Τμήμα οδού, από Κόμβο Μόριας (Jumbo) μέχρι κόμβο Βορειας Παράκαμψης","Περιγ":" ","x_egsa87":714297.68904318812,"y_egsa87":4332734.3573738653}},{"type":"Feature","id":946,"geometry":{"type":"Point","coordinates":[26.480893987938998,39.119956982888382]},"properties":{"FID":946,"fid_1":947,"ID":947,"Latitude":39.119956999999999,"Longitude":26.480893999999999,"Κόμβο":"Τμήμα οδού, από Κόμβο Μόριας (Jumbo) μέχρι κόμβο Βορειας Παράκαμψης","Περιγ":" ","x_egsa87":714327.26378236082,"y_egsa87":4332731.833408053}},{"type":"Feature","id":947,"geometry":{"type":"Point","coordinates":[26.481318987938632,39.119977982888038]},"properties":{"FID":947,"fid_1":948,"ID":948,"Latitude":39.119978000000003,"Longitude":26.481318999999999,"Κόμβο":"Τμήμα οδού, από Κόμβο Μόριας (Jumbo) μέχρι κόμβο Βορειας Παράκαμψης","Περιγ":" ","x_egsa87":714363.94663914107,"y_egsa87":4332735.1688853884}},{"type":"Feature","id":948,"geometry":{"type":"Point","coordinates":[26.481665987938324,39.11999298288773]},"properties":{"FID":948,"fid_1":949,"ID":949,"Latitude":39.119993000000001,"Longitude":26.481666000000001,"Κόμβο":"Τμήμα οδού, από Κόμβο Μόριας (Jumbo) μέχρι κόμβο Βορειας Παράκαμψης","Περιγ":" ","x_egsa87":714393.90361125127,"y_egsa87":4332737.6541493824}},{"type":"Feature","id":949,"geometry":{"type":"Point","coordinates":[26.481948987938051,39.12002298288747]},"properties":{"FID":949,"fid_1":950,"ID":950,"Latitude":39.120023000000003,"Longitude":26.481949,"Κόμβο":"Τμήμα οδού, από Κόμβο Μόριας (Jumbo) μέχρι κόμβο Βορειας Παράκαμψης","Περιγ":" ","x_egsa87":714418.28144098655,"y_egsa87":4332741.6531300982}},{"type":"Feature","id":950,"geometry":{"type":"Point","coordinates":[26.482315987937689,39.120067982887107]},"properties":{"FID":950,"fid_1":951,"ID":951,"Latitude":39.120068000000003,"Longitude":26.482316000000001,"Κόμβο":"Τμήμα οδού, από Κόμβο Μόριας (Jumbo) μέχρι κόμβο Βορειας Παράκαμψης","Περιγ":" ","x_egsa87":714449.87655867229,"y_egsa87":4332747.5157641945}},{"type":"Feature","id":951,"geometry":{"type":"Point","coordinates":[26.482592987937441,39.120090982886865]},"properties":{"FID":951,"fid_1":952,"ID":952,"Latitude":39.120091000000002,"Longitude":26.482593000000001,"Κόμβο":"Τμήμα οδού, από Κόμβο Μόριας (Jumbo) μέχρι κόμβο Βορειας Παράκαμψης","Περιγ":" ","x_egsa87":714473.75681990734,"y_egsa87":4332750.7237621024}},{"type":"Feature","id":952,"geometry":{"type":"Point","coordinates":[26.482901987937151,39.120108982886578]},"properties":{"FID":952,"fid_1":953,"ID":953,"Latitude":39.120108999999999,"Longitude":26.482901999999999,"Κόμβο":"Τμήμα οδού, από Κόμβο Μόριας (Jumbo) μέχρι κόμβο Βορειας Παράκαμψης","Περιγ":" ","x_egsa87":714500.41904571047,"y_egsa87":4332753.4525489006}},{"type":"Feature","id":953,"geometry":{"type":"Point","coordinates":[26.48326498793682,39.120130982886273]},"properties":{"FID":953,"fid_1":954,"ID":954,"Latitude":39.120131000000001,"Longitude":26.483264999999999,"Κόμβο":"Τμήμα οδού, από Κόμβο Μόριας (Jumbo) μέχρι κόμβο Βορειας Παράκαμψης","Περιγ":" ","x_egsa87":714531.73807907349,"y_egsa87":4332756.7531588003}},{"type":"Feature","id":954,"geometry":{"type":"Point","coordinates":[26.483610987936558,39.120123982886035]},"properties":{"FID":954,"fid_1":955,"ID":955,"Latitude":39.120123999999997,"Longitude":26.483611,"Κόμβο":"Τμήμα οδού, από Κόμβο Μόριας (Jumbo) μέχρι κόμβο Βορειας Παράκαμψης","Περιγ":" ","x_egsa87":714561.67532102286,"y_egsa87":4332756.7948016552}},{"type":"Feature","id":955,"geometry":{"type":"Point","coordinates":[26.483923987936269,39.120147982885754]},"properties":{"FID":955,"fid_1":956,"ID":956,"Latitude":39.120148,"Longitude":26.483923999999998,"Κόμβο":"Τμήμα οδού, από Κόμβο Μόριας (Jumbo) μέχρι κόμβο Βορειας Παράκαμψης","Περιγ":" ","x_egsa87":714588.66513847723,"y_egsa87":4332760.1993276896}},{"type":"Feature","id":956,"geometry":{"type":"Point","coordinates":[26.484197987936025,39.120159982885532]},"properties":{"FID":956,"fid_1":957,"ID":957,"Latitude":39.120159999999998,"Longitude":26.484197999999999,"Κόμβο":"Τμήμα οδού, από Κόμβο Μόριας (Jumbo) μέχρι κόμβο Βορειας Παράκαμψης","Περιγ":" ","x_egsa87":714612.31936609873,"y_egsa87":4332762.1797011672}},{"type":"Feature","id":957,"geometry":{"type":"Point","coordinates":[26.484459987935789,39.120177982885316]},"properties":{"FID":957,"fid_1":958,"ID":958,"Latitude":39.120178000000003,"Longitude":26.484459999999999,"Κόμβο":"Τμήμα οδού, από Κόμβο Μόριας (Jumbo) μέχρι κόμβο Βορειας Παράκαμψης","Περιγ":" ","x_egsa87":714634.91780767113,"y_egsa87":4332764.7977165356}},{"type":"Feature","id":958,"geometry":{"type":"Point","coordinates":[26.484832987935491,39.120176982885027]},"properties":{"FID":958,"fid_1":959,"ID":959,"Latitude":39.120176999999998,"Longitude":26.484832999999998,"Κόμβο":"Τμήμα οδού, από Κόμβο Μόριας (Jumbo) μέχρι κόμβο Βορειας Παράκαμψης","Περιγ":" ","x_egsa87":714667.171294934,"y_egsa87":4332765.5696428586}},{"type":"Feature","id":959,"geometry":{"type":"Point","coordinates":[26.485211987935202,39.120175982884739]},"properties":{"FID":959,"fid_1":960,"ID":960,"Latitude":39.120176000000001,"Longitude":26.485212000000001,"Κόμβο":"Τμήμα οδού, από Κόμβο Μόριας (Jumbo) μέχρι κόμβο Βορειας Παράκαμψης","Περιγ":" ","x_egsa87":714699.9435590104,"y_egsa87":4332766.3559076497}},{"type":"Feature","id":960,"geometry":{"type":"Point","coordinates":[26.485534987934926,39.120179982884494]},"properties":{"FID":960,"fid_1":961,"ID":961,"Latitude":39.120179999999998,"Longitude":26.485534999999999,"Κόμβο":"Τμήμα οδού, από Κόμβο Μόριας (Jumbo) μέχρι κόμβο Βορειας Παράκαμψης","Περιγ":" ","x_egsa87":714727.85873560153,"y_egsa87":4332767.5646815347}},{"type":"Feature","id":961,"geometry":{"type":"Point","coordinates":[26.485853987934696,39.120165982884281]},"properties":{"FID":961,"fid_1":962,"ID":962,"Latitude":39.120165999999998,"Longitude":26.485854,"Κόμβο":"Τμήμα οδού, από Κόμβο Μόριας (Jumbo) μέχρι κόμβο Βορειας Παράκαμψης","Περιγ":" ","x_egsa87":714755.48278482433,"y_egsa87":4332766.7661624718}},{"type":"Feature","id":962,"geometry":{"type":"Point","coordinates":[26.48617798793445,39.120155982884071]},"properties":{"FID":962,"fid_1":963,"ID":963,"Latitude":39.120156000000001,"Longitude":26.486177999999999,"Κόμβο":"Τμήμα οδού, από Κόμβο Μόριας (Jumbo) μέχρι κόμβο Βορειας Παράκαμψης","Περιγ":" ","x_egsa87":714783.52699583338,"y_egsa87":4332766.4235652266}},{"type":"Feature","id":963,"geometry":{"type":"Point","coordinates":[26.486496987934206,39.120149982883838]},"properties":{"FID":963,"fid_1":964,"ID":964,"Latitude":39.120150000000002,"Longitude":26.486497,"Κόμβο":"Τμήμα οδού, από Κόμβο Μόριας (Jumbo) μέχρι κόμβο Βορειας Παράκαμψης","Περιγ":" ","x_egsa87":714811.12674025202,"y_egsa87":4332766.5132059697}},{"type":"Feature","id":964,"geometry":{"type":"Point","coordinates":[26.48681298793402,39.120107982883702]},"properties":{"FID":964,"fid_1":965,"ID":965,"Latitude":39.120108000000002,"Longitude":26.486813000000001,"Κόμβο":"Τμήμα οδού, από Κόμβο Μόριας (Jumbo) μέχρι κόμβο Βορειας Παράκαμψης","Περιγ":" ","x_egsa87":714838.5765931895,"y_egsa87":4332762.5999965277}},{"type":"Feature","id":965,"geometry":{"type":"Point","coordinates":[26.487096987933874,39.120047982883577]},"properties":{"FID":965,"fid_1":966,"ID":966,"Latitude":39.120047999999997,"Longitude":26.487096999999999,"Κόμβο":"Τμήμα οδού, από Κόμβο Μόριας (Jumbo) μέχρι κόμβο Βορειας Παράκαμψης","Περιγ":" ","x_egsa87":714863.31443093612,"y_egsa87":4332756.6131400848}},{"type":"Feature","id":966,"geometry":{"type":"Point","coordinates":[26.487444987933735,39.119960982883498]},"properties":{"FID":966,"fid_1":967,"ID":967,"Latitude":39.119961000000004,"Longitude":26.487445000000001,"Κόμβο":"Τμήμα οδού, από Κόμβο Μόριας (Jumbo) μέχρι κόμβο Βορειας Παράκαμψης","Περιγ":" ","x_egsa87":714893.6680554247,"y_egsa87":4332747.7811420551}},{"type":"Feature","id":967,"geometry":{"type":"Point","coordinates":[26.487719987933644,39.11988298288346]},"properties":{"FID":967,"fid_1":968,"ID":968,"Latitude":39.119883000000002,"Longitude":26.487719999999999,"Κόμβο":"Τμήμα οδού, από Κόμβο Μόριας (Jumbo) μέχρι κόμβο Βορειας Παράκαμψης","Περιγ":" ","x_egsa87":714917.68259277882,"y_egsa87":4332739.7752054147}},{"type":"Feature","id":968,"geometry":{"type":"Point","coordinates":[26.488015987933569,39.11977798288342]},"properties":{"FID":968,"fid_1":969,"ID":969,"Latitude":39.119777999999997,"Longitude":26.488015999999998,"Κόμβο":"Τμήμα οδού, από Κόμβο Μόριας (Jumbo) μέχρι κόμβο Βορειας Παράκαμψης","Περιγ":" ","x_egsa87":714943.59505917528,"y_egsa87":4332728.8222359549}},{"type":"Feature","id":969,"geometry":{"type":"Point","coordinates":[26.48832898793351,39.11965198288344]},"properties":{"FID":969,"fid_1":970,"ID":970,"Latitude":39.119652000000002,"Longitude":26.488329,"Κόμβο":"Τμήμα οδού, από Κόμβο Μόριας (Jumbo) μέχρι κόμβο Βορειας Παράκαμψης","Περιγ":" ","x_egsa87":714971.04138043337,"y_egsa87":4332715.5787421269}},{"type":"Feature","id":970,"geometry":{"type":"Point","coordinates":[26.488581987933454,39.119557982883428]},"properties":{"FID":970,"fid_1":971,"ID":971,"Latitude":39.119557999999998,"Longitude":26.488582000000001,"Κόμβο":"Τμήμα οδού, από Κόμβο Μόριας (Jumbo) μέχρι κόμβο Βορειας Παράκαμψης","Περιγ":" ","x_egsa87":714993.20261553407,"y_egsa87":4332705.7449476011}},{"type":"Feature","id":971,"geometry":{"type":"Point","coordinates":[26.488893987933412,39.119421982883459]},"properties":{"FID":971,"fid_1":972,"ID":972,"Latitude":39.119422,"Longitude":26.488893999999998,"Κόμβο":"Τμήμα οδού, από Κόμβο Μόριας (Jumbo) μέχρι κόμβο Βορειας Παράκαμψης","Περιγ":" ","x_egsa87":715020.59308460192,"y_egsa87":4332691.3892939687}},{"type":"Feature","id":972,"geometry":{"type":"Point","coordinates":[26.489199987933407,39.119273982883534]},"properties":{"FID":972,"fid_1":973,"ID":973,"Latitude":39.119273999999997,"Longitude":26.4892,"Κόμβο":"Τμήμα οδού, από Κόμβο Μόριας (Jumbo) μέχρι κόμβο Βορειας Παράκαμψης","Περιγ":" ","x_egsa87":715047.50140780851,"y_egsa87":4332675.6875566281}},{"type":"Feature","id":973,"geometry":{"type":"Point","coordinates":[26.489479987933365,39.119152982883548]},"properties":{"FID":973,"fid_1":974,"ID":974,"Latitude":39.119152999999997,"Longitude":26.48948,"Κόμβο":"Τμήμα οδού, από Κόμβο Μόριας (Jumbo) μέχρι κόμβο Βορειας Παράκαμψης","Περιγ":" ","x_egsa87":715072.07958235871,"y_egsa87":4332662.9211241519}},{"type":"Feature","id":974,"geometry":{"type":"Point","coordinates":[26.489717987933364,39.119035982883602]},"properties":{"FID":974,"fid_1":975,"ID":975,"Latitude":39.119036000000001,"Longitude":26.489718,"Κόμβο":"Τμήμα οδού, από Κόμβο Μόριας (Jumbo) μέχρι κόμβο Βορειας Παράκαμψης","Περιγ":" ","x_egsa87":715093.01418093021,"y_egsa87":4332650.4991271347}},{"type":"Feature","id":975,"geometry":{"type":"Point","coordinates":[26.489936987933408,39.1188959828837]},"properties":{"FID":975,"fid_1":976,"ID":976,"Latitude":39.118895999999999,"Longitude":26.489937000000001,"Κόμβο":"Τμήμα οδού, από Κόμβο Μόριας (Jumbo) μέχρι κόμβο Βορειας Παράκαμψης","Περιγ":" ","x_egsa87":715112.37607060163,"y_egsa87":4332635.4792147288}},{"type":"Feature","id":976,"geometry":{"type":"Point","coordinates":[26.490182987933423,39.11875398288381]},"properties":{"FID":976,"fid_1":977,"ID":977,"Latitude":39.118754000000003,"Longitude":26.490182999999998,"Κόμβο":"Τμήμα οδού, από Κόμβο Μόριας (Jumbo) μέχρι κόμβο Βορειας Παράκαμψης","Περιγ":" ","x_egsa87":715134.07865747553,"y_egsa87":4332620.3014090331}},{"type":"Feature","id":977,"geometry":{"type":"Point","coordinates":[26.490504987933463,39.118568982883922]},"properties":{"FID":977,"fid_1":978,"ID":978,"Latitude":39.118569000000001,"Longitude":26.490504999999999,"Κόμβο":"Τμήμα οδού, από Κόμβο Μόριας (Jumbo) μέχρι κόμβο Βορειας Παράκαμψης","Περιγ":" ","x_egsa87":715162.48358754627,"y_egsa87":4332600.5311682029}},{"type":"Feature","id":978,"geometry":{"type":"Point","coordinates":[26.490674987933502,39.118458982884015]},"properties":{"FID":978,"fid_1":979,"ID":979,"Latitude":39.118459000000001,"Longitude":26.490675,"Κόμβο":"Τμήμα οδού, από Κόμβο Μόριας (Jumbo) μέχρι κόμβο Βορειας Παράκαμψης","Περιγ":" ","x_egsa87":715177.51759245479,"y_egsa87":4332588.7250167048}},{"type":"Feature","id":979,"geometry":{"type":"Point","coordinates":[26.490978987933602,39.118237982884189]},"properties":{"FID":979,"fid_1":980,"ID":980,"Latitude":39.118237999999998,"Longitude":26.490978999999999,"Κόμβο":"Τμήμα οδού, από Κόμβο Μόριας (Jumbo) μέχρι κόμβο Βορειας Παράκαμψης","Περιγ":" ","x_egsa87":715204.47605246084,"y_egsa87":4332564.916367542}},{"type":"Feature","id":980,"geometry":{"type":"Point","coordinates":[26.491162987933617,39.118132982884262]},"properties":{"FID":980,"fid_1":981,"ID":981,"Latitude":39.118133,"Longitude":26.491163,"Κόμβο":"Τμήμα οδού, από Κόμβο Μόριας (Jumbo) μέχρι κόμβο Βορειας Παράκαμψης","Περιγ":" ","x_egsa87":715220.70546495169,"y_egsa87":4332553.6984952204}},{"type":"Feature","id":981,"geometry":{"type":"Point","coordinates":[26.491417987933787,39.117892982884548]},"properties":{"FID":981,"fid_1":982,"ID":982,"Latitude":39.117893000000002,"Longitude":26.491417999999999,"Κόμβο":"Τμήμα οδού, από Κόμβο Μόριας (Jumbo) μέχρι κόμβο Βορειας Παράκαμψης","Περιγ":" ","x_egsa87":715243.4852717719,"y_egsa87":4332527.6647659717}},{"type":"Feature","id":982,"geometry":{"type":"Point","coordinates":[26.491672987933903,39.117687982884753]},"properties":{"FID":982,"fid_1":983,"ID":983,"Latitude":39.117688000000001,"Longitude":26.491672999999999,"Κόμβο":"Τμήμα οδού, από Κόμβο Μόριας (Jumbo) μέχρι κόμβο Βορειας Παράκαμψης","Περιγ":" ","x_egsa87":715266.158574617,"y_egsa87":4332505.5159433773}},{"type":"Feature","id":983,"geometry":{"type":"Point","coordinates":[26.491850987933958,39.11756198288483]},"properties":{"FID":983,"fid_1":984,"ID":984,"Latitude":39.117562,"Longitude":26.491851,"Κόμβο":"Τμήμα οδού, από Κόμβο Μόριας (Jumbo) μέχρι κόμβο Βορειας Παράκαμψης","Περιγ":" ","x_egsa87":715281.93339968054,"y_egsa87":4332491.95303977}},{"type":"Feature","id":984,"geometry":{"type":"Point","coordinates":[26.492139987934088,39.117329982885096]},"properties":{"FID":984,"fid_1":985,"ID":985,"Latitude":39.117330000000003,"Longitude":26.492139999999999,"Κόμβο":"Τμήμα οδού, από Κόμβο Μόριας (Jumbo) μέχρι κόμβο Βορειας Παράκαμψης","Περιγ":" ","x_egsa87":715307.62904023554,"y_egsa87":4332466.888161175}},{"type":"Feature","id":985,"geometry":{"type":"Point","coordinates":[26.492280987934173,39.117206982885229]},"properties":{"FID":985,"fid_1":986,"ID":986,"Latitude":39.117207000000001,"Longitude":26.492280999999998,"Κόμβο":"Τμήμα οδού, από Κόμβο Μόριας (Jumbo) μέχρι κόμβο Βορειας Παράκαμψης","Περιγ":" ","x_egsa87":715320.19562519062,"y_egsa87":4332453.5704719042}},{"type":"Feature","id":986,"geometry":{"type":"Point","coordinates":[26.492507987934264,39.117029982885377]},"properties":{"FID":986,"fid_1":987,"ID":987,"Latitude":39.11703,"Longitude":26.492508000000001,"Κόμβο":"Τμήμα οδού, από Κόμβο Μόριας (Jumbo) μέχρι κόμβο Βορειας Παράκαμψης","Περιγ":" ","x_egsa87":715340.36294742383,"y_egsa87":4332434.4632449783}},{"type":"Feature","id":987,"geometry":{"type":"Point","coordinates":[26.492727987934355,39.116855982885575]},"properties":{"FID":987,"fid_1":988,"ID":988,"Latitude":39.116855999999999,"Longitude":26.492728,"Κόμβο":"Τμήμα οδού, από Κόμβο Μόριας (Jumbo) μέχρι κόμβο Βορειας Παράκαμψης","Περιγ":" ","x_egsa87":715359.91595592513,"y_egsa87":4332415.6724299425}},{"type":"Feature","id":988,"geometry":{"type":"Point","coordinates":[26.492936987934474,39.116672982885746]},"properties":{"FID":988,"fid_1":989,"ID":989,"Latitude":39.116672999999999,"Longitude":26.492937000000001,"Κόμβο":"Τμήμα οδού, από Κόμβο Μόριας (Jumbo) μέχρι κόμβο Βορειας Παράκαμψης","Περιγ":" ","x_egsa87":715378.54536081268,"y_egsa87":4332395.8565754965}},{"type":"Feature","id":989,"geometry":{"type":"Point","coordinates":[26.493034987934493,39.116608982885815]},"properties":{"FID":989,"fid_1":990,"ID":990,"Latitude":39.116608999999997,"Longitude":26.493034999999999,"Κόμβο":"Τμήμα οδού, από Κόμβο Μόριας (Jumbo) μέχρι κόμβο Βορειας Παράκαμψης","Περιγ":" ","x_egsa87":715387.21422213851,"y_egsa87":4332388.9856049716}},{"type":"Feature","id":990,"geometry":{"type":"Point","coordinates":[26.493283987934571,39.116438982885953]},"properties":{"FID":990,"fid_1":991,"ID":991,"Latitude":39.116439,"Longitude":26.493283999999999,"Κόμβο":"Τμήμα οδού, από Κόμβο Μόριας (Jumbo) μέχρι κόμβο Βορειας Παράκαμψης","Περιγ":" ","x_egsa87":715409.26280075405,"y_egsa87":4332370.7077630777}},{"type":"Feature","id":991,"geometry":{"type":"Point","coordinates":[26.4934509879347,39.116268982886176]},"properties":{"FID":991,"fid_1":992,"ID":992,"Latitude":39.116269000000003,"Longitude":26.493451,"Κόμβο":"Τμήμα οδού, από Κόμβο Μόριας (Jumbo) μέχρι κόμβο Βορειας Παράκαμψης","Περιγ":" ","x_egsa87":715424.22116869001,"y_egsa87":4332352.2351919506}},{"type":"Feature","id":992,"geometry":{"type":"Point","coordinates":[26.493723987934899,39.115996982886493]},"properties":{"FID":992,"fid_1":993,"ID":993,"Latitude":39.115997,"Longitude":26.493724,"Κόμβο":"Τμήμα οδού, από Κόμβο Μόριας (Jumbo) μέχρι κόμβο Βορειας Παράκαμψης","Περιγ":" ","x_egsa87":715448.65621079574,"y_egsa87":4332322.6929112719}},{"type":"Feature","id":993,"geometry":{"type":"Point","coordinates":[26.493926987934906,39.115891982886538]},"properties":{"FID":993,"fid_1":994,"ID":994,"Latitude":39.115892000000002,"Longitude":26.493926999999999,"Κόμβο":"Τμήμα οδού, από Κόμβο Μόριας (Jumbo) μέχρι κόμβο Βορειας Παράκαμψης","Περιγ":" ","x_egsa87":715466.52935913554,"y_egsa87":4332311.5206536995}},{"type":"Feature","id":994,"geometry":{"type":"Point","coordinates":[26.494156987934964,39.115734982886643]},"properties":{"FID":994,"fid_1":995,"ID":995,"Latitude":39.115735000000001,"Longitude":26.494157000000001,"Κόμβο":"Τμήμα οδού, από Κόμβο Μόριας (Jumbo) μέχρι κόμβο Βορειας Παράκαμψης","Περιγ":" ","x_egsa87":715486.89579566056,"y_egsa87":4332294.6408171142}},{"type":"Feature","id":995,"geometry":{"type":"Point","coordinates":[26.494389987935094,39.115536982886887]},"properties":{"FID":995,"fid_1":996,"ID":996,"Latitude":39.115537000000003,"Longitude":26.494389999999999,"Κόμβο":"Τμήμα οδού, από Κόμβο Μόριας (Jumbo) μέχρι κόμβο Βορειας Παράκαμψης","Περιγ":" ","x_egsa87":715507.64678879851,"y_egsa87":4332273.2173390631}},{"type":"Feature","id":996,"geometry":{"type":"Point","coordinates":[26.494560987935124,39.115425982886961]},"properties":{"FID":996,"fid_1":997,"ID":997,"Latitude":39.115425999999999,"Longitude":26.494561000000001,"Κόμβο":"Τμήμα οδού, από Κόμβο Μόριας (Jumbo) μέχρι κόμβο Βορειας Παράκαμψης","Περιγ":" ","x_egsa87":715522.77145437733,"y_egsa87":4332261.3031875044}},{"type":"Feature","id":997,"geometry":{"type":"Point","coordinates":[26.494886987935324,39.115131982887299]},"properties":{"FID":997,"fid_1":998,"ID":998,"Latitude":39.115132000000003,"Longitude":26.494886999999999,"Κόμβο":"Τμήμα οδού, από Κόμβο Μόριας (Jumbo) μέχρι κόμβο Βορειας Παράκαμψης","Περιγ":" ","x_egsa87":715551.85709477263,"y_egsa87":4332229.4452542309}},{"type":"Feature","id":998,"geometry":{"type":"Point","coordinates":[26.495124987935338,39.115004982887356]},"properties":{"FID":998,"fid_1":999,"ID":999,"Latitude":39.115004999999996,"Longitude":26.495125000000002,"Κόμβο":"Τμήμα οδού, από Κόμβο Μόριας (Jumbo) μέχρι κόμβο Βορειας Παράκαμψης","Περιγ":" ","x_egsa87":715572.82413919549,"y_egsa87":4332215.9145088512}},{"type":"Feature","id":999,"geometry":{"type":"Point","coordinates":[26.495127987935344,39.114998982887371]},"properties":{"FID":999,"fid_1":1000,"ID":1000,"Latitude":39.114998999999997,"Longitude":26.495128000000001,"Κόμβο":"Τμήμα οδού, από Κόμβο Μόριας (Jumbo) μέχρι κόμβο Βορειας Παράκαμψης","Περιγ":" ","x_egsa87":715573.10185298044,"y_egsa87":4332215.2556661526}},{"type":"Feature","id":1000,"geometry":{"type":"Point","coordinates":[26.495406987935336,39.114857982887436]},"properties":{"FID":1000,"fid_1":1001,"ID":1001,"Latitude":39.114857999999998,"Longitude":26.495407,"Κόμβο":"Τμήμα οδού, από Κόμβο Μόριας (Jumbo) μέχρι κόμβο Βορειας Παράκαμψης","Περιγ":" ","x_egsa87":715597.65692304296,"y_egsa87":4332200.2685028827}},{"type":"Feature","id":1001,"geometry":{"type":"Point","coordinates":[26.495676987935369,39.114701982887539]},"properties":{"FID":1001,"fid_1":1002,"ID":1002,"Latitude":39.114702000000001,"Longitude":26.495677000000001,"Κόμβο":"Τμήμα οδού, από Κόμβο Μόριας (Jumbo) μέχρι κόμβο Βορειας Παράκαμψης","Περιγ":" ","x_egsa87":715621.47964493954,"y_egsa87":4332183.5950808963}},{"type":"Feature","id":1002,"geometry":{"type":"Point","coordinates":[26.49604398793544,39.114466982887727]},"properties":{"FID":1002,"fid_1":1003,"ID":1003,"Latitude":39.114466999999998,"Longitude":26.496044000000001,"Κόμβο":"Τμήμα οδού, από Κόμβο Μόριας (Jumbo) μέχρι κόμβο Βορειας Παράκαμψης","Περιγ":" ","x_egsa87":715653.93113230786,"y_egsa87":4332158.3837213311}},{"type":"Feature","id":1003,"geometry":{"type":"Point","coordinates":[26.496462987935395,39.114279982887759]},"properties":{"FID":1003,"fid_1":1004,"ID":1004,"Latitude":39.114280000000001,"Longitude":26.496462999999999,"Κόμβο":"Τμήμα οδού, από Κόμβο Μόριας (Jumbo) μέχρι κόμβο Βορειας Παράκαμψης","Περιγ":" ","x_egsa87":715690.73272214294,"y_egsa87":4332138.6239461545}},{"type":"Feature","id":1004,"geometry":{"type":"Point","coordinates":[26.496594987935385,39.114217982887801]},"properties":{"FID":1004,"fid_1":1005,"ID":1005,"Latitude":39.114218000000001,"Longitude":26.496594999999999,"Κόμβο":"Τμήμα οδού, από Κόμβο Μόριας (Jumbo) μέχρι κόμβο Βορειας Παράκαμψης","Περιγ":" ","x_egsa87":715702.33600870869,"y_egsa87":4332132.0561554339}},{"type":"Feature","id":1005,"geometry":{"type":"Point","coordinates":[26.496943987935381,39.114040982887886]},"properties":{"FID":1005,"fid_1":1006,"ID":1006,"Latitude":39.114041,"Longitude":26.496943999999999,"Κόμβο":"Τμήμα οδού, από Κόμβο Μόριας (Jumbo) μέχρι κόμβο Βορειας Παράκαμψης","Περιγ":" ","x_egsa87":715733.05441702984,"y_egsa87":4332113.2400418716}},{"type":"Feature","id":1006,"geometry":{"type":"Point","coordinates":[26.497203987935467,39.113856982888052]},"properties":{"FID":1006,"fid_1":1007,"ID":1007,"Latitude":39.113857000000003,"Longitude":26.497204,"Κόμβο":"Τμήμα οδού, από Κόμβο Μόριας (Jumbo) μέχρι κόμβο Βορειας Παράκαμψης","Περιγ":" ","x_egsa87":715756.09850145807,"y_egsa87":4332093.435342568}},{"type":"Feature","id":1007,"geometry":{"type":"Point","coordinates":[26.497366987935475,39.11376698288808]},"properties":{"FID":1007,"fid_1":1008,"ID":1008,"Latitude":39.113767000000003,"Longitude":26.497367000000001,"Κόμβο":"Τμήμα οδού, από Κόμβο Μόριας (Jumbo) μέχρι κόμβο Βορειας Παράκαμψης","Περιγ":" ","x_egsa87":715770.468001061,"y_egsa87":4332083.8335180571}},{"type":"Feature","id":1008,"geometry":{"type":"Point","coordinates":[26.497628987935542,39.113588982888245]},"properties":{"FID":1008,"fid_1":1009,"ID":1009,"Latitude":39.113588999999997,"Longitude":26.497629,"Κόμβο":"Τμήμα οδού, από Κόμβο Μόριας (Jumbo) μέχρι κόμβο Βορειας Παράκαμψης","Περιγ":" ","x_egsa87":715793.66688222287,"y_egsa87":4332064.699654418}},{"type":"Feature","id":1009,"geometry":{"type":"Point","coordinates":[26.497914987935545,39.113437982888307]},"properties":{"FID":1009,"fid_1":1010,"ID":1010,"Latitude":39.113438000000002,"Longitude":26.497914999999999,"Κόμβο":"Τμήμα οδού, από Κόμβο Μόριας (Jumbo) μέχρι κόμβο Βορειας Παράκαμψης","Περιγ":" ","x_egsa87":715818.85870306147,"y_egsa87":4332048.6198481275}},{"type":"Feature","id":1010,"geometry":{"type":"Point","coordinates":[26.498223987935543,39.113282982888379]},"properties":{"FID":1010,"fid_1":1011,"ID":1011,"Latitude":39.113283000000003,"Longitude":26.498224,"Κόμβο":"Τμήμα οδού, από Κόμβο Μόριας (Jumbo) μέχρι κόμβο Βορειας Παράκαμψης","Περιγ":" ","x_egsa87":715846.05168082297,"y_egsa87":4332032.1508740801}},{"type":"Feature","id":1011,"geometry":{"type":"Point","coordinates":[26.498448987935486,39.113203982888365]},"properties":{"FID":1011,"fid_1":1012,"ID":1012,"Latitude":39.113204000000003,"Longitude":26.498449000000001,"Κόμβο":"Τμήμα οδού, από Κόμβο Μόριας (Jumbo) μέχρι κόμβο Βορειας Παράκαμψης","Περιγ":" ","x_egsa87":715865.74900571001,"y_egsa87":4332023.9177242694}},{"type":"Feature","id":1012,"geometry":{"type":"Point","coordinates":[26.498795987935381,39.113092982888304]},"properties":{"FID":1012,"fid_1":1013,"ID":1013,"Latitude":39.113092999999999,"Longitude":26.498795999999999,"Κόμβο":"Τμήμα οδού, από Κόμβο Μόριας (Jumbo) μέχρι κόμβο Βορειας Παράκαμψης","Περιγ":" ","x_egsa87":715896.0936347025,"y_egsa87":4332012.4231708534}},{"type":"Feature","id":1013,"geometry":{"type":"Point","coordinates":[26.499077987935252,39.113032982888228]},"properties":{"FID":1013,"fid_1":1014,"ID":1014,"Latitude":39.113033000000001,"Longitude":26.499078000000001,"Κόμβο":"Τμήμα οδού, από Κόμβο Μόριας (Jumbo) μέχρι κόμβο Βορειας Παράκαμψης","Περιγ":" ","x_egsa87":715920.66186925361,"y_egsa87":4332006.4347599763}},{"type":"Feature","id":1014,"geometry":{"type":"Point","coordinates":[26.499385987935035,39.113010982888042]},"properties":{"FID":1014,"fid_1":1015,"ID":1015,"Latitude":39.113011,"Longitude":26.499386000000001,"Κόμβο":"Τμήμα οδού, από Κόμβο Μόριας (Jumbo) μέχρι κόμβο Βορειας Παράκαμψης","Περιγ":" ","x_egsa87":715947.3622614484,"y_egsa87":4332004.7261656551}},{"type":"Feature","id":1015,"geometry":{"type":"Point","coordinates":[26.499750987934764,39.11300098288779]},"properties":{"FID":1015,"fid_1":1016,"ID":1016,"Latitude":39.113000999999997,"Longitude":26.499751,"Κόμβο":"Τμήμα οδού, από Κόμβο Μόριας (Jumbo) μέχρι κόμβο Βορειας Παράκαμψης","Περιγ":" ","x_egsa87":715978.95485664008,"y_egsa87":4332004.4853462055}},{"type":"Feature","id":1016,"geometry":{"type":"Point","coordinates":[26.500094987934506,39.112985982887558]},"properties":{"FID":1016,"fid_1":1017,"ID":1017,"Latitude":39.112985999999999,"Longitude":26.500095000000002,"Κόμβο":"Τμήμα οδού, από Κόμβο Μόριας (Jumbo) μέχρι κόμβο Βορειας Παράκαμψης","Περιγ":" ","x_egsa87":716008.74685032025,"y_egsa87":4332003.6396595072}},{"type":"Feature","id":1017,"geometry":{"type":"Point","coordinates":[26.500374987934382,39.112921982887485]},"properties":{"FID":1017,"fid_1":1018,"ID":1018,"Latitude":39.112921999999998,"Longitude":26.500374999999998,"Κόμβο":"Τμήμα οδού, από Κόμβο Μόριας (Jumbo) μέχρι κόμβο Βορειας Παράκαμψης","Περιγ":" ","x_egsa87":716033.15450905799,"y_egsa87":4331997.2028497821}},{"type":"Feature","id":1018,"geometry":{"type":"Point","coordinates":[26.500683987934377,39.112762982887553]},"properties":{"FID":1018,"fid_1":1019,"ID":1019,"Latitude":39.112763000000001,"Longitude":26.500684,"Κόμβο":"Τμήμα οδού, από Κόμβο Μόριας (Jumbo) μέχρι κόμβο Βορειας Παράκαμψης","Περιγ":" ","x_egsa87":716060.36038571736,"y_egsa87":4331980.2906102268}},{"type":"Feature","id":1019,"geometry":{"type":"Point","coordinates":[26.500860987934498,39.112600982887749]},"properties":{"FID":1019,"fid_1":1020,"ID":1020,"Latitude":39.112600999999998,"Longitude":26.500861,"Κόμβο":"Τμήμα οδού, από Κόμβο Μόριας (Jumbo) μέχρι κόμβο Βορειας Παράκαμψης","Περιγ":" ","x_egsa87":716076.1612756768,"y_egsa87":4331962.7309851591}},{"type":"Feature","id":1020,"geometry":{"type":"Point","coordinates":[26.501104987934667,39.112363982888013]},"properties":{"FID":1020,"fid_1":1021,"ID":1021,"Latitude":39.112363999999999,"Longitude":26.501104999999999,"Κόμβο":"Τμήμα οδού, από Κόμβο Μόριας (Jumbo) μέχρι κόμβο Βορειας Παράκαμψης","Περιγ":" ","x_egsa87":716097.98523883766,"y_egsa87":4331937.0063493103}},{"type":"Feature","id":1021,"geometry":{"type":"Point","coordinates":[26.501275987934793,39.11218898288822]},"properties":{"FID":1021,"fid_1":1022,"ID":1022,"Latitude":39.112189000000001,"Longitude":26.501276000000001,"Κόμβο":"Τμήμα οδού, από Κόμβο Μόριας (Jumbo) μέχρι κόμβο Βορειας Παράκαμψης","Περιγ":" ","x_egsa87":716113.3072230895,"y_egsa87":4331917.9895532457}},{"type":"Feature","id":1022,"geometry":{"type":"Point","coordinates":[26.501465987934974,39.111987982888472]},"properties":{"FID":1022,"fid_1":1023,"ID":1023,"Latitude":39.111987999999997,"Longitude":26.501466000000001,"Κόμβο":"Τμήμα οδού, από Κόμβο Μόριας (Jumbo) μέχρι κόμβο Βορειας Παράκαμψης","Περιγ":" ","x_egsa87":716130.35178618948,"y_egsa87":4331896.1321735792}},{"type":"Feature","id":1023,"geometry":{"type":"Point","coordinates":[26.501677987935125,39.111774982888726]},"properties":{"FID":1023,"fid_1":1024,"ID":1024,"Latitude":39.111775000000002,"Longitude":26.501677999999998,"Κόμβο":"Τμήμα οδού, από Κόμβο Μόριας (Jumbo) μέχρι κόμβο Βορειας Παράκαμψης","Περιγ":" ","x_egsa87":716149.33555151278,"y_egsa87":4331872.9953094702}},{"type":"Feature","id":1024,"geometry":{"type":"Point","coordinates":[26.501945987935247,39.111564982888908]},"properties":{"FID":1024,"fid_1":1025,"ID":1025,"Latitude":39.111564999999999,"Longitude":26.501946,"Κόμβο":"Τμήμα οδού, από Κόμβο Μόριας (Jumbo) μέχρι κόμβο Βορειας Παράκαμψης","Περιγ":" ","x_egsa87":716173.15274145943,"y_egsa87":4331850.3249456268}},{"type":"Feature","id":1025,"geometry":{"type":"Point","coordinates":[26.502146987935252,39.111461982888962]},"properties":{"FID":1025,"fid_1":1026,"ID":1026,"Latitude":39.111462000000003,"Longitude":26.502147000000001,"Κόμβο":"Τμήμα οδού, από Κόμβο Μόριας (Jumbo) μέχρι κόμβο Βορειας Παράκαμψης","Περιγ":" ","x_egsa87":716190.8489754867,"y_egsa87":4331839.371481441}},{"type":"Feature","id":1026,"geometry":{"type":"Point","coordinates":[26.502412987935237,39.111327982889051]},"properties":{"FID":1026,"fid_1":1027,"ID":1027,"Latitude":39.111328,"Longitude":26.502413000000001,"Κόμβο":"Τμήμα οδού, από Κόμβο Μόριας (Jumbo) μέχρι κόμβο Βορειας Παράκαμψης","Περιγ":" ","x_egsa87":716214.26088632166,"y_egsa87":4331825.1321394751}},{"type":"Feature","id":1027,"geometry":{"type":"Point","coordinates":[26.50273898793532,39.111111982889206]},"properties":{"FID":1027,"fid_1":1028,"ID":1028,"Latitude":39.111111999999999,"Longitude":26.502738999999998,"Κόμβο":"Τμήμα οδού, από Κόμβο Μόριας (Jumbo) μέχρι κόμβο Βορειας Παράκαμψης","Περιγ":" ","x_egsa87":716243.11224312265,"y_egsa87":4331801.9342675954}},{"type":"Feature","id":1028,"geometry":{"type":"Point","coordinates":[26.50299198793531,39.110983982889273]},"properties":{"FID":1028,"fid_1":1029,"ID":1029,"Latitude":39.110984000000002,"Longitude":26.502991999999999,"Κόμβο":"Τμήμα οδού, από Κόμβο Μόριας (Jumbo) μέχρι κόμβο Βορειας Παράκαμψης","Περιγ":" ","x_egsa87":716265.38184063346,"y_egsa87":4331788.3300500847}},{"type":"Feature","id":1029,"geometry":{"type":"Point","coordinates":[26.50643398793612,39.108703982891122]},"properties":{"FID":1029,"fid_1":1030,"ID":1030,"Latitude":39.108704000000003,"Longitude":26.506433999999999,"Κόμβο":"Τμήμα οδού, από Κόμβο Μόριας (Jumbo) μέχρι κόμβο Βορειας Παράκαμψης","Περιγ":" ","x_egsa87":716570.01246651495,"y_egsa87":4331543.4726440152}},{"type":"Feature","id":1030,"geometry":{"type":"Point","coordinates":[26.506735987936128,39.108542982891194]},"properties":{"FID":1030,"fid_1":1031,"ID":1031,"Latitude":39.108542999999997,"Longitude":26.506736,"Κόμβο":"Τμήμα οδού, από Κόμβο Μόριας (Jumbo) μέχρι κόμβο Βορειας Παράκαμψης","Περιγ":" ","x_egsa87":716596.62189247785,"y_egsa87":4331526.3234547526}},{"type":"Feature","id":1031,"geometry":{"type":"Point","coordinates":[26.507011987936085,39.10842698289121]},"properties":{"FID":1031,"fid_1":1032,"ID":1032,"Latitude":39.108426999999999,"Longitude":26.507012,"Κόμβο":"Τμήμα οδού, από Κόμβο Μόριας (Jumbo) μέχρι κόμβο Βορειας Παράκαμψης","Περιγ":" ","x_egsa87":716620.84509235318,"y_egsa87":4331514.10706448}},{"type":"Feature","id":1032,"geometry":{"type":"Point","coordinates":[26.507219987936079,39.108327982891254]},"properties":{"FID":1032,"fid_1":1033,"ID":1033,"Latitude":39.108328,"Longitude":26.50722,"Κόμβο":"Τμήμα οδού, από Κόμβο Μόριας (Jumbo) μέχρι κόμβο Βορειας Παράκαμψης","Περιγ":" ","x_egsa87":716639.13580812805,"y_egsa87":4331503.6152586574}},{"type":"Feature","id":1033,"geometry":{"type":"Point","coordinates":[26.507463987936035,39.108226982891281]},"properties":{"FID":1033,"fid_1":1034,"ID":1034,"Latitude":39.108226999999999,"Longitude":26.507463999999999,"Κόμβο":"Τμήμα οδού, από Κόμβο Μόριας (Jumbo) μέχρι κόμβο Βορειας Παράκαμψης","Περιγ":" ","x_egsa87":716660.5458878713,"y_egsa87":4331492.9874928324}},{"type":"Feature","id":1034,"geometry":{"type":"Point","coordinates":[26.507752987936005,39.108098982891299]},"properties":{"FID":1034,"fid_1":1035,"ID":1035,"Latitude":39.108099000000003,"Longitude":26.507753000000001,"Κόμβο":"Τμήμα οδού, από Κόμβο Μόριας (Jumbo) μέχρι κόμβο Βορειας Παράκαμψης","Περιγ":" ","x_egsa87":716685.93029959814,"y_egsa87":4331479.4703990575}},{"type":"Feature","id":1035,"geometry":{"type":"Point","coordinates":[26.508081987935924,39.107986982891262]},"properties":{"FID":1035,"fid_1":1036,"ID":1036,"Latitude":39.107987000000001,"Longitude":26.508082000000002,"Κόμβο":"Τμήμα οδού, από Κόμβο Μόριας (Jumbo) μέχρι κόμβο Βορειας Παράκαμψης","Περιγ":" ","x_egsa87":716714.72483978339,"y_egsa87":4331467.8248842033}},{"type":"Feature","id":1036,"geometry":{"type":"Point","coordinates":[26.508399987935736,39.107943982891115]},"properties":{"FID":1036,"fid_1":1037,"ID":1037,"Latitude":39.107944000000003,"Longitude":26.508400000000002,"Κόμβο":"Τμήμα οδού, από Κόμβο Μόριας (Jumbo) μέχρι κόμβο Βορειας Παράκαμψης","Περιγ":" ","x_egsa87":716742.35659193201,"y_egsa87":4331463.8118922533}},{"type":"Feature","id":1037,"geometry":{"type":"Point","coordinates":[26.508772987935458,39.107927982890871]},"properties":{"FID":1037,"fid_1":1038,"ID":1038,"Latitude":39.107928000000001,"Longitude":26.508773000000001,"Κόμβο":"Τμήμα οδού, από Κόμβο Μόριας (Jumbo) μέχρι κόμβο Βορειας Παράκαμψης","Περιγ":" ","x_egsa87":716774.6618301376,"y_egsa87":4331462.9273239579}},{"type":"Feature","id":1038,"geometry":{"type":"Point","coordinates":[26.5090649879353,39.107877982890741]},"properties":{"FID":1038,"fid_1":1039,"ID":1039,"Latitude":39.107877999999999,"Longitude":26.509065,"Κόμβο":"Τμήμα οδού, από Κόμβο Μόριας (Jumbo) μέχρι κόμβο Βορειας Παράκαμψης","Περιγ":" ","x_egsa87":716800.06669865409,"y_egsa87":4331458.0754259117}},{"type":"Feature","id":1039,"geometry":{"type":"Point","coordinates":[26.509384987935114,39.107831982890595]},"properties":{"FID":1039,"fid_1":1040,"ID":1040,"Latitude":39.107832000000002,"Longitude":26.509385000000002,"Κόμβο":"Τμήμα οδού, από Κόμβο Μόριας (Jumbo) μέχρι κόμβο Βορειας Παράκαμψης","Περιγ":" ","x_egsa87":716827.88070917933,"y_egsa87":4331453.7345246691}},{"type":"Feature","id":1040,"geometry":{"type":"Point","coordinates":[26.509678987934961,39.107779982890477]},"properties":{"FID":1040,"fid_1":1041,"ID":1041,"Latitude":39.107779999999998,"Longitude":26.509678999999998,"Κόμβο":"Τμήμα οδού, από Κόμβο Μόριας (Jumbo) μέχρι κόμβο Βορειας Παράκαμψης","Περιγ":" ","x_egsa87":716853.46474446589,"y_egsa87":4331448.665586195}},{"type":"Feature","id":1041,"geometry":{"type":"Point","coordinates":[26.509972987934898,39.107669982890464]},"properties":{"FID":1041,"fid_1":1042,"ID":1042,"Latitude":39.107669999999999,"Longitude":26.509972999999999,"Κόμβο":"Τμήμα οδού, από Κόμβο Μόριας (Jumbo) μέχρι κόμβο Βορειας Παράκαμψης","Περιγ":" ","x_egsa87":716879.2268159918,"y_egsa87":4331437.1589757195}},{"type":"Feature","id":1042,"geometry":{"type":"Point","coordinates":[26.510268987934847,39.107550982890501]},"properties":{"FID":1042,"fid_1":1043,"ID":1043,"Latitude":39.107551000000001,"Longitude":26.510269000000001,"Κόμβο":"Τμήμα οδού, από Κόμβο Μόριας (Jumbo) μέχρι κόμβο Βορειας Παράκαμψης","Περιγ":" ","x_egsa87":716905.18954689323,"y_egsa87":4331424.6582675548}},{"type":"Feature","id":1043,"geometry":{"type":"Point","coordinates":[26.510543987934852,39.107405982890555]},"properties":{"FID":1043,"fid_1":1044,"ID":1044,"Latitude":39.107405999999997,"Longitude":26.510543999999999,"Κόμβο":"Τμήμα οδού, από Κόμβο Μόριας (Jumbo) μέχρι κόμβο Βορειας Παράκαμψης","Περιγ":" ","x_egsa87":716929.41613003449,"y_egsa87":4331409.2215288617}},{"type":"Feature","id":1044,"geometry":{"type":"Point","coordinates":[26.510802987934895,39.107249982890671]},"properties":{"FID":1044,"fid_1":1045,"ID":1045,"Latitude":39.107250000000001,"Longitude":26.510802999999999,"Κόμβο":"Τμήμα οδού, από Κόμβο Μόριας (Jumbo) μέχρι κόμβο Βορειας Παράκαμψης","Περιγ":" ","x_egsa87":716952.29292348307,"y_egsa87":4331392.5256386315}},{"type":"Feature","id":1045,"geometry":{"type":"Point","coordinates":[26.511043987935015,39.107041982890884]},"properties":{"FID":1045,"fid_1":1046,"ID":1046,"Latitude":39.107042,"Longitude":26.511043999999998,"Κόμβο":"Τμήμα οδού, από Κόμβο Μόριας (Jumbo) μέχρι κόμβο Βορειας Παράκαμψης","Περιγ":" ","x_egsa87":716973.77284864872,"y_egsa87":4331370.014974515}},{"type":"Feature","id":1046,"geometry":{"type":"Point","coordinates":[26.511212987935167,39.106862982891101]},"properties":{"FID":1046,"fid_1":1047,"ID":1047,"Latitude":39.106862999999997,"Longitude":26.511213000000001,"Κόμβο":"Τμήμα οδού, από Κόμβο Μόριας (Jumbo) μέχρι κόμβο Βορειας Παράκαμψης","Περιγ":" ","x_egsa87":716988.93736285914,"y_egsa87":4331350.5510009956}},{"type":"Feature","id":1047,"geometry":{"type":"Point","coordinates":[26.511387987935343,39.106662982891372]},"properties":{"FID":1047,"fid_1":1048,"ID":1048,"Latitude":39.106662999999998,"Longitude":26.511388,"Κόμβο":"Τμήμα οδού, από Κόμβο Μόριας (Jumbo) μέχρι κόμβο Βορειας Παράκαμψης","Περιγ":" ","x_egsa87":717004.68530718295,"y_egsa87":4331328.7704972383}},{"type":"Feature","id":1048,"geometry":{"type":"Point","coordinates":[26.511569987935498,39.106466982891597]},"properties":{"FID":1048,"fid_1":1049,"ID":1049,"Latitude":39.106467000000002,"Longitude":26.511569999999999,"Κόμβο":"Τμήμα οδού, από Κόμβο Μόριας (Jumbo) μέχρι κόμβο Βορειας Παράκαμψης","Περιγ":" ","x_egsa87":717021.02640823461,"y_egsa87":4331307.4507528935}},{"type":"Feature","id":1049,"geometry":{"type":"Point","coordinates":[26.511764987935663,39.106259982891864]},"properties":{"FID":1049,"fid_1":1050,"ID":1050,"Latitude":39.106259999999999,"Longitude":26.511765,"Κόμβο":"Τμήμα οδού, από Κόμβο Μόριας (Jumbo) μέχρι κόμβο Βορειας Παράκαμψης","Περιγ":" ","x_egsa87":717038.52561234345,"y_egsa87":4331284.9411913203}},{"type":"Feature","id":1050,"geometry":{"type":"Point","coordinates":[26.511942987935864,39.106042982892156]},"properties":{"FID":1050,"fid_1":1051,"ID":1051,"Latitude":39.106043,"Longitude":26.511942999999999,"Κόμβο":"Τμήμα οδού, από Κόμβο Μόριας (Jumbo) μέχρι κόμβο Βορειας Παράκαμψης","Περιγ":" ","x_egsa87":717054.58546532318,"y_egsa87":4331261.2810284393}},{"type":"Feature","id":1051,"geometry":{"type":"Point","coordinates":[26.512144987936033,39.1058309828924]},"properties":{"FID":1051,"fid_1":1052,"ID":1052,"Latitude":39.105831000000002,"Longitude":26.512145,"Κόμβο":"Τμήμα οδού, από Κόμβο Μόριας (Jumbo) μέχρι κόμβο Βορειας Παράκαμψης","Περιγ":" ","x_egsa87":717072.70557960903,"y_egsa87":4331238.2333074873}},{"type":"Feature","id":1052,"geometry":{"type":"Point","coordinates":[26.512299987936242,39.10561498289271]},"properties":{"FID":1052,"fid_1":1053,"ID":1053,"Latitude":39.105615,"Longitude":26.5123,"Κόμβο":"Τμήμα οδού, από Κόμβο Μόριας (Jumbo) μέχρι κόμβο Βορειας Παράκαμψης","Περιγ":" ","x_egsa87":717086.77349775017,"y_egsa87":4331214.6291593295}},{"type":"Feature","id":1053,"geometry":{"type":"Point","coordinates":[26.512487987936399,39.105421982892956]},"properties":{"FID":1053,"fid_1":1054,"ID":1054,"Latitude":39.105421999999997,"Longitude":26.512488000000001,"Κόμβο":"Τμήμα οδού, από Κόμβο Μόριας (Jumbo) μέχρι κόμβο Βορειας Παράκαμψης","Περιγ":" ","x_egsa87":717103.62470907404,"y_egsa87":4331193.6569177359}},{"type":"Feature","id":1054,"geometry":{"type":"Point","coordinates":[26.512683987936544,39.105226982893171]},"properties":{"FID":1054,"fid_1":1055,"ID":1055,"Latitude":39.105226999999999,"Longitude":26.512684,"Κόμβο":"Τμήμα οδού, από Κόμβο Μόριας (Jumbo) μέχρι κόμβο Βορειας Παράκαμψης","Περιγ":" ","x_egsa87":717121.1739995915,"y_egsa87":4331172.4818662265}},{"type":"Feature","id":1055,"geometry":{"type":"Point","coordinates":[26.512876987936693,39.105035982893391]},"properties":{"FID":1055,"fid_1":1056,"ID":1056,"Latitude":39.105035999999998,"Longitude":26.512877,"Κόμβο":"Τμήμα οδού, από Κόμβο Μόριας (Jumbo) μέχρι κόμβο Βορειας Παράκαμψης","Περιγ":" ","x_egsa87":717138.45164870936,"y_egsa87":4331151.7436524201}},{"type":"Feature","id":1056,"geometry":{"type":"Point","coordinates":[26.513072987936884,39.104807982893703]},"properties":{"FID":1056,"fid_1":1057,"ID":1057,"Latitude":39.104807999999998,"Longitude":26.513072999999999,"Κόμβο":"Τμήμα οδού, από Κόμβο Μόριας (Jumbo) μέχρι κόμβο Βορειας Παράκαμψης","Περιγ":" ","x_egsa87":717156.10251442227,"y_egsa87":4331126.9058118351}},{"type":"Feature","id":1057,"geometry":{"type":"Point","coordinates":[26.513260987937038,39.104617982893927]},"properties":{"FID":1057,"fid_1":1058,"ID":1058,"Latitude":39.104618000000002,"Longitude":26.513261,"Κόμβο":"Τμήμα οδού, από Κόμβο Μόριας (Jumbo) μέχρι κόμβο Βορειας Παράκαμψης","Περιγ":" ","x_egsa87":717172.94486765284,"y_egsa87":4331106.2666933639}},{"type":"Feature","id":1058,"geometry":{"type":"Point","coordinates":[26.513481987937105,39.104462982894049]},"properties":{"FID":1058,"fid_1":1059,"ID":1059,"Latitude":39.104463000000003,"Longitude":26.513482,"Κόμβο":"Τμήμα οδού, από Κόμβο Μόριας (Jumbo) μέχρι κόμβο Βορειας Παράκαμψης","Περιγ":" ","x_egsa87":717192.53365746106,"y_egsa87":4331089.5914720409}},{"type":"Feature","id":1059,"geometry":{"type":"Point","coordinates":[26.513738987937131,39.104310982894155]},"properties":{"FID":1059,"fid_1":1060,"ID":1060,"Latitude":39.104311000000003,"Longitude":26.513739000000001,"Κόμβο":"Τμήμα οδού, από Κόμβο Μόριας (Jumbo) μέχρι κόμβο Βορειας Παράκαμψης","Περιγ":" ","x_egsa87":717215.22666806239,"y_egsa87":4331073.3354876256}},{"type":"Feature","id":1060,"geometry":{"type":"Point","coordinates":[26.514043987937082,39.104186982894149]},"properties":{"FID":1060,"fid_1":1061,"ID":1061,"Latitude":39.104187000000003,"Longitude":26.514043999999998,"Κόμβο":"Τμήμα οδού, από Κόμβο Μόριας (Jumbo) μέχρι κόμβο Βορειας Παράκαμψης","Περιγ":" ","x_egsa87":717241.9848633334,"y_egsa87":4331060.3023989117}},{"type":"Feature","id":1061,"geometry":{"type":"Point","coordinates":[26.514260987936993,39.104133982894105]},"properties":{"FID":1061,"fid_1":1062,"ID":1062,"Latitude":39.104134000000002,"Longitude":26.514261000000001,"Κόμβο":"Τμήμα οδού, από Κόμβο Μόριας (Jumbo) μέχρι κόμβο Βορειας Παράκαμψης","Περιγ":" ","x_egsa87":717260.91444455052,"y_egsa87":4331054.9393289853}},{"type":"Feature","id":1062,"geometry":{"type":"Point","coordinates":[26.514514987936856,39.104085982894006]},"properties":{"FID":1062,"fid_1":1063,"ID":1063,"Latitude":39.104086000000002,"Longitude":26.514514999999999,"Κόμβο":"Τμήμα οδού, από Κόμβο Μόριας (Jumbo) μέχρι κόμβο Βορειας Παράκαμψης","Περιγ":" ","x_egsa87":717283.02853374463,"y_egsa87":4331050.2199081378}},{"type":"Feature","id":1063,"geometry":{"type":"Point","coordinates":[26.514745987936664,39.104088982893842]},"properties":{"FID":1063,"fid_1":1064,"ID":1064,"Latitude":39.104089000000002,"Longitude":26.514745999999999,"Κόμβο":"Τμήμα οδού, από Κόμβο Μόριας (Jumbo) μέχρι κόμβο Βορειας Παράκαμψης","Περιγ":" ","x_egsa87":717302.99675480206,"y_egsa87":4331051.1062362213}},{"type":"Feature","id":1064,"geometry":{"type":"Point","coordinates":[26.514975987936442,39.10411598289361]},"properties":{"FID":1064,"fid_1":1065,"ID":1065,"Latitude":39.104115999999998,"Longitude":26.514976000000001,"Κόμβο":"Τμήμα οδού, από Κόμβο Μόριας (Jumbo) μέχρι κόμβο Βορειας Παράκαμψης","Περιγ":" ","x_egsa87":717322.80469686305,"y_egsa87":4331054.6541184653}},{"type":"Feature","id":1065,"geometry":{"type":"Point","coordinates":[26.5152109879362,39.104151982893349]},"properties":{"FID":1065,"fid_1":1066,"ID":1066,"Latitude":39.104151999999999,"Longitude":26.515211000000001,"Κόμβο":"Τμήμα οδού, από Κόμβο Μόριας (Jumbo) μέχρι κόμβο Βορειας Παράκαμψης","Περιγ":" ","x_egsa87":717343.01736033987,"y_egsa87":4331059.2129934048}},{"type":"Feature","id":1066,"geometry":{"type":"Point","coordinates":[26.515446987935917,39.104210982893072]},"properties":{"FID":1066,"fid_1":1067,"ID":1067,"Latitude":39.104210999999999,"Longitude":26.515447000000002,"Κόμβο":"Τμήμα οδού, από Κόμβο Μόριας (Jumbo) μέχρι κόμβο Βορειας Παράκαμψης","Περιγ":" ","x_egsa87":717363.24575191259,"y_egsa87":4331066.3272209503}},{"type":"Feature","id":1067,"geometry":{"type":"Point","coordinates":[26.515623987935662,39.104284982892793]},"properties":{"FID":1067,"fid_1":1068,"ID":1068,"Latitude":39.104284999999997,"Longitude":26.515623999999999,"Κόμβο":"Τμήμα οδού, από Κόμβο Μόριας (Jumbo) μέχρι κόμβο Βορειας Παράκαμψης","Περιγ":" ","x_egsa87":717378.32552384364,"y_egsa87":4331074.9650520114}},{"type":"Feature","id":1068,"geometry":{"type":"Point","coordinates":[26.515847987935416,39.10432498289255]},"properties":{"FID":1068,"fid_1":1069,"ID":1069,"Latitude":39.104325000000003,"Longitude":26.515847999999998,"Κόμβο":"Τμήμα οδού, από Κόμβο Μόριας (Jumbo) μέχρι κόμβο Βορειας Παράκαμψης","Περιγ":" ","x_egsa87":717397.57450428721,"y_egsa87":4331079.9416942513}},{"type":"Feature","id":1069,"geometry":{"type":"Point","coordinates":[26.516079987935132,39.10438498289227]},"properties":{"FID":1069,"fid_1":1070,"ID":1070,"Latitude":39.104385000000001,"Longitude":26.516079999999999,"Κόμβο":"Τμήμα οδού, από Κόμβο Μόριας (Jumbo) μέχρι κόμβο Βορειας Παράκαμψης","Περιγ":" ","x_egsa87":717417.45379662211,"y_egsa87":4331087.1574753728}},{"type":"Feature","id":1070,"geometry":{"type":"Point","coordinates":[26.516292987934872,39.104441982891984]},"properties":{"FID":1070,"fid_1":1071,"ID":1071,"Latitude":39.104441999999999,"Longitude":26.516293000000001,"Κόμβο":"Τμήμα οδού, από Κόμβο Μόριας (Jumbo) μέχρι κόμβο Βορειας Παράκαμψης","Περιγ":" ","x_egsa87":717435.69912618841,"y_egsa87":4331093.9947776329}},{"type":"Feature","id":1071,"geometry":{"type":"Point","coordinates":[26.516600987934485,39.104534982891586]},"properties":{"FID":1071,"fid_1":1072,"ID":1072,"Latitude":39.104534999999998,"Longitude":26.516601000000001,"Κόμβο":"Τμήμα οδού, από Κόμβο Μόριας (Jumbo) μέχρι κόμβο Βορειας Παράκαμψης","Περιγ":" ","x_egsa87":717462.0494470743,"y_egsa87":4331105.0557127381}},{"type":"Feature","id":1072,"geometry":{"type":"Point","coordinates":[26.516923987934067,39.10463798289117]},"properties":{"FID":1072,"fid_1":1073,"ID":1073,"Latitude":39.104638000000001,"Longitude":26.516923999999999,"Κόμβο":"Τμήμα οδού, από Κόμβο Μόριας (Jumbo) μέχρι κόμβο Βορειας Παράκαμψης","Περιγ":" ","x_egsa87":717489.66615332954,"y_egsa87":4331117.262661906}},{"type":"Feature","id":1073,"geometry":{"type":"Point","coordinates":[26.517227987933662,39.104738982890751]},"properties":{"FID":1073,"fid_1":1074,"ID":1074,"Latitude":39.104739000000002,"Longitude":26.517227999999999,"Κόμβο":"Τμήμα οδού, από Κόμβο Μόριας (Jumbo) μέχρι κόμβο Βορειας Παράκαμψης","Περιγ":" ","x_egsa87":717515.64578216965,"y_egsa87":4331129.2021599207}},{"type":"Feature","id":1074,"geometry":{"type":"Point","coordinates":[26.51757498793329,39.104797982890368]},"properties":{"FID":1074,"fid_1":1075,"ID":1075,"Latitude":39.104798000000002,"Longitude":26.517575000000001,"Κόμβο":"Τμήμα οδού, από Κόμβο Μόριας (Jumbo) μέχρι κόμβο Βορειας Παράκαμψης","Περιγ":" ","x_egsa87":717545.47332146065,"y_egsa87":4331136.5830451092}},{"type":"Feature","id":1075,"geometry":{"type":"Point","coordinates":[26.517926987932942,39.104834982890019]},"properties":{"FID":1075,"fid_1":1076,"ID":1076,"Latitude":39.104835000000001,"Longitude":26.517927,"Κόμβο":"Τμήμα οδού, από Κόμβο Μόριας (Jumbo) μέχρι κόμβο Βορειας Παράκαμψης","Περιγ":" ","x_egsa87":717575.80094629223,"y_egsa87":4331141.5341300452}},{"type":"Feature","id":1076,"geometry":{"type":"Point","coordinates":[26.518235987932702,39.104835982889789]},"properties":{"FID":1076,"fid_1":1077,"ID":1077,"Latitude":39.104835999999999,"Longitude":26.518236000000002,"Κόμβο":"Τμήμα οδού, από Κόμβο Μόριας (Jumbo) μέχρι κόμβο Βορειας Παράκαμψης","Περιγ":" ","x_egsa87":717602.52067387942,"y_egsa87":4331142.3863305403}},{"type":"Feature","id":1077,"geometry":{"type":"Point","coordinates":[26.518550987932461,39.104826982889598]},"properties":{"FID":1077,"fid_1":1078,"ID":1078,"Latitude":39.104827,"Longitude":26.518550999999999,"Κόμβο":"Τμήμα οδού, από Κόμβο Μόριας (Jumbo) μέχρι κόμβο Βορειας Παράκαμψης","Περιγ":" ","x_egsa87":717629.79008390906,"y_egsa87":4331142.1430585086}},{"type":"Feature","id":1078,"geometry":{"type":"Point","coordinates":[26.518864987932197,39.104829982889335]},"properties":{"FID":1078,"fid_1":1079,"ID":1079,"Latitude":39.10483,"Longitude":26.518865000000002,"Κόμβο":"Τμήμα οδού, από Κόμβο Μόριας (Jumbo) μέχρι κόμβο Βορειας Παράκαμψης","Περιγ":" ","x_egsa87":717656.9360651084,"y_egsa87":4331143.2294320231}},{"type":"Feature","id":1079,"geometry":{"type":"Point","coordinates":[26.519200987931963,39.104815982889114]},"properties":{"FID":1079,"fid_1":1080,"ID":1080,"Latitude":39.104816,"Longitude":26.519200999999999,"Κόμβο":"Τμήμα οδού, από Κόμβο Μόριας (Jumbo) μέχρι κόμβο Βορειας Παράκαμψης","Περιγ":" ","x_egsa87":717686.03700101899,"y_egsa87":4331142.481764893}},{"type":"Feature","id":1080,"geometry":{"type":"Point","coordinates":[26.519507987931682,39.104830982888863]},"properties":{"FID":1080,"fid_1":1081,"ID":1081,"Latitude":39.104830999999997,"Longitude":26.519507999999998,"Κόμβο":"Τμήμα οδού, από Κόμβο Μόριας (Jumbo) μέχρι κόμβο Βορειας Παράκαμψης","Περιγ":" ","x_egsa87":717712.54065058753,"y_egsa87":4331144.8834831137}},{"type":"Feature","id":1081,"geometry":{"type":"Point","coordinates":[26.51980898793137,39.10487598288853]},"properties":{"FID":1081,"fid_1":1082,"ID":1082,"Latitude":39.104875999999997,"Longitude":26.519808999999999,"Κόμβο":"Τμήμα οδού, από Κόμβο Μόριας (Jumbo) μέχρι κόμβο Βορειας Παράκαμψης","Περιγ":" ","x_egsa87":717738.43297708582,"y_egsa87":4331150.600765801}},{"type":"Feature","id":1082,"geometry":{"type":"Point","coordinates":[26.520112987930951,39.104988982888123]},"properties":{"FID":1082,"fid_1":1083,"ID":1083,"Latitude":39.104989000000003,"Longitude":26.520112999999998,"Κόμβο":"Τμήμα οδού, από Κόμβο Μόριας (Jumbo) μέχρι κόμβο Βορειας Παράκαμψης","Περιγ":" ","x_egsa87":717764.37519685877,"y_egsa87":4331163.8730581841}},{"type":"Feature","id":1083,"geometry":{"type":"Point","coordinates":[26.520427987930528,39.105097982887656]},"properties":{"FID":1083,"fid_1":1084,"ID":1084,"Latitude":39.105097999999998,"Longitude":26.520427999999999,"Κόμβο":"Τμήμα οδού, από Κόμβο Μόριας (Jumbo) μέχρι κόμβο Βορειας Παράκαμψης","Περιγ":" ","x_egsa87":717791.28095321194,"y_egsa87":4331176.7278670957}},{"type":"Feature","id":1084,"geometry":{"type":"Point","coordinates":[26.520688987930132,39.105217982887226]},"properties":{"FID":1084,"fid_1":1085,"ID":1085,"Latitude":39.105218000000001,"Longitude":26.520689000000001,"Κόμβο":"Τμήμα οδού, από Κόμβο Μόριας (Jumbo) μέχρι κόμβο Βορειας Παράκαμψης","Περιγ":" ","x_egsa87":717813.48274292634,"y_egsa87":4331190.6740600551}},{"type":"Feature","id":1085,"geometry":{"type":"Point","coordinates":[26.520997987929704,39.105332982886793]},"properties":{"FID":1085,"fid_1":1086,"ID":1086,"Latitude":39.105333000000002,"Longitude":26.520997999999999,"Κόμβο":"Τμήμα οδού, από Κόμβο Μόριας (Jumbo) μέχρι κόμβο Βορειας Παράκαμψης","Περιγ":" ","x_egsa87":717839.85095515638,"y_egsa87":4331204.1806112584}},{"type":"Feature","id":1086,"geometry":{"type":"Point","coordinates":[26.521302987929346,39.10540098288643]},"properties":{"FID":1086,"fid_1":1087,"ID":1087,"Latitude":39.105401000000001,"Longitude":26.521303,"Κόμβο":"Τμήμα οδού, από Κόμβο Μόριας (Jumbo) μέχρι κόμβο Βορειας Παράκαμψης","Περιγ":" ","x_egsa87":717866.01804197009,"y_egsa87":4331212.4608394783}},{"type":"Feature","id":1087,"geometry":{"type":"Point","coordinates":[26.521605987929064,39.105424982886149]},"properties":{"FID":1087,"fid_1":1088,"ID":1088,"Latitude":39.105424999999997,"Longitude":26.521605999999998,"Κόμβο":"Τμήμα οδού, από Κόμβο Μόριας (Jumbo) μέχρι κόμβο Βορειας Παράκαμψης","Περιγ":" ","x_egsa87":717892.14777036104,"y_egsa87":4331215.8525322722}},{"type":"Feature","id":1088,"geometry":{"type":"Point","coordinates":[26.521955987928809,39.10540598288592]},"properties":{"FID":1088,"fid_1":1089,"ID":1089,"Latitude":39.105406000000002,"Longitude":26.521955999999999,"Κόμβο":"Τμήμα οδού, από Κόμβο Μόριας (Jumbo) μέχρι κόμβο Βορειας Παράκαμψης","Περιγ":" ","x_egsa87":717922.47467173683,"y_egsa87":4331214.5844008951}},{"type":"Feature","id":1089,"geometry":{"type":"Point","coordinates":[26.522296987928566,39.105391982885713]},"properties":{"FID":1089,"fid_1":1090,"ID":1090,"Latitude":39.105392000000002,"Longitude":26.522296999999998,"Κόμβο":"Τμήμα οδού, από Κόμβο Μόριας (Jumbo) μέχρι κόμβο Βορειας Παράκαμψης","Περιγ":" ","x_egsa87":717952.00784311339,"y_egsa87":4331213.8497410631}},{"type":"Feature","id":1090,"geometry":{"type":"Point","coordinates":[26.522591987928351,39.105372982885513]},"properties":{"FID":1090,"fid_1":1091,"ID":1091,"Latitude":39.105373,"Longitude":26.522592,"Κόμβο":"Τμήμα οδού, από Κόμβο Μόριας (Jumbo) μέχρι κόμβο Βορειας Παράκαμψης","Περιγ":" ","x_egsa87":717977.57832422433,"y_egsa87":4331212.4496717285}},{"type":"Feature","id":1091,"geometry":{"type":"Point","coordinates":[26.522887987928119,39.105367982885312]},"properties":{"FID":1091,"fid_1":1092,"ID":1092,"Latitude":39.105367999999999,"Longitude":26.522887999999998,"Κόμβο":"Τμήμα οδού, από Κόμβο Μόριας (Jumbo) μέχρι κόμβο Βορειας Παράκαμψης","Περιγ":" ","x_egsa87":718003.192116983,"y_egsa87":4331212.6060318407}},{"type":"Feature","id":1092,"geometry":{"type":"Point","coordinates":[26.523226987927789,39.105406982884993]},"properties":{"FID":1092,"fid_1":1093,"ID":1093,"Latitude":39.105407,"Longitude":26.523226999999999,"Κόμβο":"Τμήμα οδού, από Κόμβο Μόριας (Jumbo) μέχρι κόμβο Βορειας Παράκαμψης","Περιγ":" ","x_egsa87":718032.3888571905,"y_egsa87":4331217.7496531429}},{"type":"Feature","id":1093,"geometry":{"type":"Point","coordinates":[26.52352398792744,39.105479982884596]},"properties":{"FID":1093,"fid_1":1094,"ID":1094,"Latitude":39.10548,"Longitude":26.523523999999998,"Κόμβο":"Τμήμα οδού, από Κόμβο Μόριας (Jumbo) μέχρι κόμβο Βορειας Παράκαμψης","Περιγ":" ","x_egsa87":718057.84846589819,"y_egsa87":4331226.5662816009}},{"type":"Feature","id":1094,"geometry":{"type":"Point","coordinates":[26.524043987926657,39.105708982883783]},"properties":{"FID":1094,"fid_1":1095,"ID":1095,"Latitude":39.105708999999997,"Longitude":26.524044,"Κόμβο":"Τμήμα οδού, από Κόμβο Μόριας (Jumbo) μέχρι κόμβο Βορειας Παράκαμψης","Περιγ":" ","x_egsa87":718102.1118155357,"y_egsa87":4331253.2345293909}},{"type":"Feature","id":1095,"geometry":{"type":"Point","coordinates":[26.524336987926233,39.105832982883335]},"properties":{"FID":1095,"fid_1":1096,"ID":1096,"Latitude":39.105832999999997,"Longitude":26.524336999999999,"Κόμβο":"Τμήμα οδού, από Κόμβο Μόριας (Jumbo) μέχρι κόμβο Βορειας Παράκαμψης","Περιγ":" ","x_egsa87":718127.06791511225,"y_egsa87":4331267.7025685515}},{"type":"Feature","id":1096,"geometry":{"type":"Point","coordinates":[26.524602987925789,39.105975982882882]},"properties":{"FID":1096,"fid_1":1097,"ID":1097,"Latitude":39.105975999999998,"Longitude":26.524602999999999,"Κόμβο":"Τμήμα οδού, από Κόμβο Μόριας (Jumbo) μέχρι κόμβο Βορειας Παράκαμψης","Περιγ":" ","x_egsa87":718149.63031015033,"y_egsa87":4331284.2146805665}},{"type":"Feature","id":1097,"geometry":{"type":"Point","coordinates":[26.524884987925425,39.106066982882474]},"properties":{"FID":1097,"fid_1":1098,"ID":1098,"Latitude":39.106067000000003,"Longitude":26.524885000000001,"Κόμβο":"Τμήμα οδού, από Κόμβο Μόριας (Jumbo) μέχρι κόμβο Βορειας Παράκαμψης","Περιγ":" ","x_egsa87":718173.73682151036,"y_egsa87":4331294.993553658}},{"type":"Feature","id":1098,"geometry":{"type":"Point","coordinates":[26.525054987925156,39.106153982882184]},"properties":{"FID":1098,"fid_1":1099,"ID":1099,"Latitude":39.106153999999997,"Longitude":26.525054999999998,"Κόμβο":"Τμήμα οδού, από Κόμβο Μόριας (Jumbo) μέχρι κόμβο Βορειας Παράκαμψης","Περιγ":" ","x_egsa87":718188.16985411849,"y_egsa87":4331305.0591091039}},{"type":"Feature","id":1099,"geometry":{"type":"Point","coordinates":[26.525350987924675,39.106306982881669]},"properties":{"FID":1099,"fid_1":1100,"ID":1100,"Latitude":39.106307000000001,"Longitude":26.525351000000001,"Κόμβο":"Τμήμα οδού, από Κόμβο Μόριας (Jumbo) μέχρι κόμβο Βορειας Παράκαμψης","Περιγ":" ","x_egsa87":718213.29553818679,"y_egsa87":4331322.7535375049}},{"type":"Feature","id":1100,"geometry":{"type":"Point","coordinates":[26.525543987924252,39.106474982881188]},"properties":{"FID":1100,"fid_1":1101,"ID":1101,"Latitude":39.106475000000003,"Longitude":26.525544,"Κόμβο":"Τμήμα οδού, από Κόμβο Μόριας (Jumbo) μέχρι κόμβο Βορειας Παράκαμψης","Περιγ":" ","x_egsa87":718229.46738446527,"y_egsa87":4331341.8651819853}},{"type":"Feature","id":1101,"geometry":{"type":"Point","coordinates":[26.525821987923685,39.106697982880561]},"properties":{"FID":1101,"fid_1":1102,"ID":1102,"Latitude":39.106698000000002,"Longitude":26.525822000000002,"Κόμβο":"Τμήμα οδού, από Κόμβο Μόριας (Jumbo) μέχρι κόμβο Βορειας Παράκαμψης","Περιγ":" ","x_egsa87":718252.82004963444,"y_egsa87":4331367.2861630293}},{"type":"Feature","id":1102,"geometry":{"type":"Point","coordinates":[26.525968987923338,39.106840982880186]},"properties":{"FID":1102,"fid_1":1103,"ID":1103,"Latitude":39.106841000000003,"Longitude":26.525969,"Κόμβο":"Τμήμα οδού, από Κόμβο Μόριας (Jumbo) μέχρι κόμβο Βορειας Παράκαμψης","Περιγ":" ","x_egsa87":718265.09087202663,"y_egsa87":4331383.5123073347}},{"type":"Feature","id":1103,"geometry":{"type":"Point","coordinates":[26.526090987922949,39.107028982879719]},"properties":{"FID":1103,"fid_1":1104,"ID":1104,"Latitude":39.107028999999997,"Longitude":26.526091000000001,"Κόμβο":"Τμήμα οδού, από Κόμβο Μόριας (Jumbo) μέχρι κόμβο Βορειας Παράκαμψης","Περιγ":" ","x_egsa87":718275.06067756028,"y_egsa87":4331404.6731343493}},{"type":"Feature","id":1104,"geometry":{"type":"Point","coordinates":[26.526241987922464,39.107256982879143]},"properties":{"FID":1104,"fid_1":1105,"ID":1105,"Latitude":39.107256999999997,"Longitude":26.526242,"Κόμβο":"Τμήμα οδού, από Κόμβο Μόριας (Jumbo) μέχρι κόμβο Βορειας Παράκαμψης","Περιγ":" ","x_egsa87":718287.41475614044,"y_egsa87":4331430.3436079081}},{"type":"Feature","id":1105,"geometry":{"type":"Point","coordinates":[26.526478987921724,39.107610982878292]},"properties":{"FID":1105,"fid_1":1106,"ID":1106,"Latitude":39.107610999999999,"Longitude":26.526478999999998,"Κόμβο":"Τμήμα οδού, από Κόμβο Μόριας (Jumbo) μέχρι κόμβο Βορειας Παράκαμψης","Περιγ":" ","x_egsa87":718306.81666250748,"y_egsa87":4331470.2065865453}},{"type":"Feature","id":1106,"geometry":{"type":"Point","coordinates":[26.526618987921267,39.107823982877775]},"properties":{"FID":1106,"fid_1":1107,"ID":1107,"Latitude":39.107824000000001,"Longitude":26.526619,"Κόμβο":"Τμήμα οδού, από Κόμβο Μόριας (Jumbo) μέχρι κόμβο Βορειας Παράκαμψης","Περιγ":" ","x_egsa87":718318.26559877151,"y_egsa87":4331494.185704208}},{"type":"Feature","id":1107,"geometry":{"type":"Point","coordinates":[26.526804987920794,39.108035982877269]},"properties":{"FID":1107,"fid_1":1108,"ID":1108,"Latitude":39.108035999999998,"Longitude":26.526805,"Κόμβο":"Τμήμα οδού, από Κόμβο Μόριας (Jumbo) μέχρι κόμβο Βορειας Παράκαμψης","Περιγ":" ","x_egsa87":718333.69552629162,"y_egsa87":4331518.1645719046}},{"type":"Feature","id":1108,"geometry":{"type":"Point","coordinates":[26.526959987920318,39.108260982876693]},"properties":{"FID":1108,"fid_1":1109,"ID":1109,"Latitude":39.108260999999999,"Longitude":26.526959999999999,"Κόμβο":"Τμήμα οδού, από Κόμβο Μόριας (Jumbo) μέχρι κόμβο Βορειας Παράκαμψης","Περιγ":" ","x_egsa87":718346.40438469127,"y_egsa87":4331543.5117982477}},{"type":"Feature","id":1109,"geometry":{"type":"Point","coordinates":[26.527112987919963,39.108409982876296]},"properties":{"FID":1109,"fid_1":1110,"ID":1110,"Latitude":39.108409999999999,"Longitude":26.527113,"Κόμβο":"Τμήμα οδού, από Κόμβο Μόριας (Jumbo) μέχρι κόμβο Βορειας Παράκαμψης","Περιγ":" ","x_egsa87":718359.1750378866,"y_egsa87":4331560.4185333597}},{"type":"Feature","id":1110,"geometry":{"type":"Point","coordinates":[26.527324987919513,39.108589982875785]},"properties":{"FID":1110,"fid_1":1111,"ID":1111,"Latitude":39.10859,"Longitude":26.527325000000001,"Κόμβο":"Τμήμα οδού, από Κόμβο Μόριας (Jumbo) μέχρι κόμβο Βορειας Παράκαμψης","Περιγ":" ","x_egsa87":718376.95198791334,"y_egsa87":4331580.9082174357}},{"type":"Feature","id":1111,"geometry":{"type":"Point","coordinates":[26.527614987918916,39.108817982875138]},"properties":{"FID":1111,"fid_1":1112,"ID":1112,"Latitude":39.108817999999999,"Longitude":26.527615000000001,"Κόμβο":"Τμήμα οδού, από Κόμβο Μόριας (Jumbo) μέχρι κόμβο Βορειας Παράκαμψης","Περιγ":" ","x_egsa87":718401.32569073769,"y_egsa87":4331606.9135705847}},{"type":"Feature","id":1112,"geometry":{"type":"Point","coordinates":[26.527924987918333,39.109032982874474]},"properties":{"FID":1112,"fid_1":1113,"ID":1113,"Latitude":39.109032999999997,"Longitude":26.527925,"Κόμβο":"Τμήμα οδού, από Κόμβο Μόριας (Jumbo) μέχρι κόμβο Βορειας Παράκαμψης","Περιγ":" ","x_egsa87":718427.46894335409,"y_egsa87":4331631.524221452}},{"type":"Feature","id":1113,"geometry":{"type":"Point","coordinates":[26.528123987918018,39.109125982874161]},"properties":{"FID":1113,"fid_1":1114,"ID":1114,"Latitude":39.109126000000003,"Longitude":26.528123999999998,"Κόμβο":"Τμήμα οδού, από Κόμβο Μόριας (Jumbo) μέχρι κόμβο Βορειας Παράκαμψης","Περιγ":" ","x_egsa87":718444.39029423776,"y_egsa87":4331642.3261067485}},{"type":"Feature","id":1114,"geometry":{"type":"Point","coordinates":[26.528380987917746,39.109172982873865]},"properties":{"FID":1114,"fid_1":1115,"ID":1115,"Latitude":39.109172999999998,"Longitude":26.528381,"Κόμβο":"Τμήμα οδού, από Κόμβο Μόριας (Jumbo) μέχρι κόμβο Βορειας Παράκαμψης","Περιγ":" ","x_egsa87":718466.46944015427,"y_egsa87":4331648.161908498}},{"type":"Feature","id":1115,"geometry":{"type":"Point","coordinates":[26.528671987917434,39.109220982873573]},"properties":{"FID":1115,"fid_1":1116,"ID":1116,"Latitude":39.109220999999998,"Longitude":26.528672,"Κόμβο":"Τμήμα οδού, από Κόμβο Μόριας (Jumbo) μέχρι κόμβο Βορειας Παράκαμψης","Περιγ":" ","x_egsa87":718491.4856611531,"y_egsa87":4331654.190672012}},{"type":"Feature","id":1116,"geometry":{"type":"Point","coordinates":[26.529192987917021,39.109217982873169]},"properties":{"FID":1116,"fid_1":1117,"ID":1117,"Latitude":39.109217999999998,"Longitude":26.529192999999999,"Κόμβο":"Τμήμα οδού, από Κόμβο Μόριας (Jumbo) μέχρι κόμβο Βορειας Παράκαμψης","Περιγ":" ","x_egsa87":718536.54911771975,"y_egsa87":4331655.1128518647}},{"type":"Feature","id":1117,"geometry":{"type":"Point","coordinates":[26.529394987916838,39.109228982873027]},"properties":{"FID":1117,"fid_1":1118,"ID":1118,"Latitude":39.109228999999999,"Longitude":26.529395000000001,"Κόμβο":"Τμήμα οδού, από Κόμβο Μόριας (Jumbo) μέχρι κόμβο Βορειας Παράκαμψης","Περιγ":" ","x_egsa87":718553.98332137358,"y_egsa87":4331656.8205275992}},{"type":"Feature","id":1118,"geometry":{"type":"Point","coordinates":[26.529684987916621,39.10922098287282]},"properties":{"FID":1118,"fid_1":1119,"ID":1119,"Latitude":39.109220999999998,"Longitude":26.529685000000001,"Κόμβο":"Τμήμα οδού, από Κόμβο Μόριας (Jumbo) μέχρι κόμβο Βορειας Παράκαμψης","Περιγ":" ","x_egsa87":718579.08620811033,"y_egsa87":4331656.6313808234}},{"type":"Feature","id":1119,"geometry":{"type":"Point","coordinates":[26.530105987916276,39.109226982872492]},"properties":{"FID":1119,"fid_1":1120,"ID":1120,"Latitude":39.109226999999997,"Longitude":26.530106,"Κόμβο":"Τμήμα οδού, από Κόμβο Μόριας (Jumbo) μέχρι κόμβο Βορειας Παράκαμψης","Περιγ":" ","x_egsa87":718615.47419530596,"y_egsa87":4331658.3119975235}},{"type":"Feature","id":1120,"geometry":{"type":"Point","coordinates":[26.530338987916053,39.109244982872283]},"properties":{"FID":1120,"fid_1":1121,"ID":1121,"Latitude":39.109245000000001,"Longitude":26.530339000000001,"Κόμβο":"Τμήμα οδού, από Κόμβο Μόριας (Jumbo) μέχρι κόμβο Βορειας Παράκαμψης","Περιγ":" ","x_egsa87":718635.56749596086,"y_egsa87":4331660.8715473069}},{"type":"Feature","id":1121,"geometry":{"type":"Point","coordinates":[26.530750987915621,39.109315982871848]},"properties":{"FID":1121,"fid_1":1122,"ID":1122,"Latitude":39.109316,"Longitude":26.530750999999999,"Κόμβο":"Τμήμα οδού, από Κόμβο Μόριας (Jumbo) μέχρι κόμβο Βορειας Παράκαμψης","Περιγ":" ","x_egsa87":718670.97604136658,"y_egsa87":4331669.7454785574}},{"type":"Feature","id":1122,"geometry":{"type":"Point","coordinates":[26.530987987915339,39.109372982871562]},"properties":{"FID":1122,"fid_1":1123,"ID":1123,"Latitude":39.109372999999998,"Longitude":26.530988000000001,"Κόμβο":"Τμήμα οδού, από Κόμβο Μόριας (Jumbo) μέχρι κόμβο Βορειας Παράκαμψης","Περιγ":" ","x_egsa87":718691.29451302195,"y_egsa87":4331676.6436667638}},{"type":"Feature","id":1123,"geometry":{"type":"Point","coordinates":[26.531250987914998,39.109453982871194]},"properties":{"FID":1123,"fid_1":1124,"ID":1124,"Latitude":39.109453999999999,"Longitude":26.531251000000001,"Κόμβο":"Τμήμα οδού, από Κόμβο Μόριας (Jumbo) μέχρι κόμβο Βορειας Παράκαμψης","Περιγ":" ","x_egsa87":718713.78704891214,"y_egsa87":4331686.2685121549}},{"type":"Feature","id":1124,"geometry":{"type":"Point","coordinates":[26.531592987914522,39.109585982870691]},"properties":{"FID":1124,"fid_1":1125,"ID":1125,"Latitude":39.109586,"Longitude":26.531593000000001,"Κόμβο":"Τμήμα οδού, από Κόμβο Μόριας (Jumbo) μέχρι κόμβο Βορειας Παράκαμψης","Περιγ":" ","x_egsa87":718742.95326519315,"y_egsa87":4331701.7447499428}},{"type":"Feature","id":1125,"geometry":{"type":"Point","coordinates":[26.531899987914144,39.109664982870292]},"properties":{"FID":1125,"fid_1":1126,"ID":1126,"Latitude":39.109665,"Longitude":26.5319,"Κόμβο":"Τμήμα οδού, από Κόμβο Μόριας (Jumbo) μέχρι κόμβο Βορειας Παράκαμψης","Περιγ":" ","x_egsa87":718769.25680248893,"y_egsa87":4331711.2538836533}},{"type":"Feature","id":1126,"geometry":{"type":"Point","coordinates":[26.532304987913673,39.109761982869827]},"properties":{"FID":1126,"fid_1":1127,"ID":1127,"Latitude":39.109762000000003,"Longitude":26.532305000000001,"Κόμβο":"Τμήμα οδού, από Κόμβο Μόριας (Jumbo) μέχρι κόμβο Βορειας Παράκαμψης","Περιγ":" ","x_egsa87":718803.97916983441,"y_egsa87":4331722.9974481482}},{"type":"Feature","id":1127,"geometry":{"type":"Point","coordinates":[26.532580987913356,39.109817982869487]},"properties":{"FID":1127,"fid_1":1128,"ID":1128,"Latitude":39.109817999999997,"Longitude":26.532581,"Κόμβο":"Τμήμα οδού, από Κόμβο Μόριας (Jumbo) μέχρι κόμβο Βορειας Παράκαμψης","Περιγ":" ","x_egsa87":718827.67305470386,"y_egsa87":4331729.8790878356}},{"type":"Feature","id":1128,"geometry":{"type":"Point","coordinates":[26.532867987913111,39.109826982869286]},"properties":{"FID":1128,"fid_1":1129,"ID":1129,"Latitude":39.109827000000003,"Longitude":26.532868000000001,"Κόμβο":"Τμήμα οδού, από Κόμβο Μόριας (Jumbo) μέχρι κόμβο Βορειας Παράκαμψης","Περιγ":" ","x_egsa87":718852.4636985067,"y_egsa87":4331731.5705217645}},{"type":"Feature","id":1129,"geometry":{"type":"Point","coordinates":[26.53328898791278,39.10982798286895]},"properties":{"FID":1129,"fid_1":1130,"ID":1130,"Latitude":39.109828,"Longitude":26.533289,"Κόμβο":"Τμήμα οδού, από Κόμβο Μόριας (Jumbo) μέχρι κόμβο Βορειας Παράκαμψης","Περιγ":" ","x_egsa87":718888.86685610656,"y_egsa87":4331732.6974411141}},{"type":"Feature","id":1130,"geometry":{"type":"Point","coordinates":[26.533590987912486,39.109854982868676]},"properties":{"FID":1130,"fid_1":1131,"ID":1131,"Latitude":39.109855000000003,"Longitude":26.533591000000001,"Κόμβο":"Τμήμα οδού, από Κόμβο Μόριας (Jumbo) μέχρι κόμβο Βορειας Παράκαμψης","Περιγ":" ","x_egsa87":718914.89886231243,"y_egsa87":4331736.423204843}},{"type":"Feature","id":1131,"geometry":{"type":"Point","coordinates":[26.533790987912294,39.1098739828685]},"properties":{"FID":1131,"fid_1":1132,"ID":1132,"Latitude":39.109873999999998,"Longitude":26.533791000000001,"Κόμβο":"Τμήμα οδού, από Κόμβο Μόριας (Jumbo) μέχρι κόμβο Βορειας Παράκαμψης","Περιγ":" ","x_egsa87":718932.13512361748,"y_egsa87":4331739.0148736574}},{"type":"Feature","id":1132,"geometry":{"type":"Point","coordinates":[26.534122987912035,39.10987598286826]},"properties":{"FID":1132,"fid_1":1133,"ID":1133,"Latitude":39.109876,"Longitude":26.534123000000001,"Κόμβο":"Τμήμα οδού, από Κόμβο Μόριας (Jumbo) μέχρι κόμβο Βορειας Παράκαμψης","Περιγ":" ","x_egsa87":718960.83883219515,"y_egsa87":4331740.0383002413}},{"type":"Feature","id":1133,"geometry":{"type":"Point","coordinates":[26.534321987911845,39.109889982868076]},"properties":{"FID":1133,"fid_1":1134,"ID":1134,"Latitude":39.10989,"Longitude":26.534322,"Κόμβο":"Τμήμα οδού, από Κόμβο Μόριας (Jumbo) μέχρι κόμβο Βορειας Παράκαμψης","Περιγ":" ","x_egsa87":718978.00409629347,"y_egsa87":4331742.0726754405}},{"type":"Feature","id":1134,"geometry":{"type":"Point","coordinates":[26.534712987911522,39.109894982867772]},"properties":{"FID":1134,"fid_1":1135,"ID":1135,"Latitude":39.109895000000002,"Longitude":26.534713,"Κόμβο":"Τμήμα οδού, από Κόμβο Μόριας (Jumbo) μέχρι κόμβο Βορειας Παράκαμψης","Περιγ":" ","x_egsa87":719011.80056223227,"y_egsa87":4331743.5717235086}},{"type":"Feature","id":1135,"geometry":{"type":"Point","coordinates":[26.534959987911318,39.109899982867582]},"properties":{"FID":1135,"fid_1":1136,"ID":1136,"Latitude":39.109900000000003,"Longitude":26.534960000000002,"Κόμβο":"Τμήμα οδού, από Κόμβο Μόριας (Jumbo) μέχρι κόμβο Βορειας Παράκαμψης","Περιγ":" ","x_egsa87":719033.14453864214,"y_egsa87":4331744.7231597565}},{"type":"Feature","id":1136,"geometry":{"type":"Point","coordinates":[26.535285987911081,39.109880982867374]},"properties":{"FID":1136,"fid_1":1137,"ID":1137,"Latitude":39.109881000000001,"Longitude":26.535285999999999,"Κόμβο":"Τμήμα οδού, από Κόμβο Μόριας (Jumbo) μέχρι κόμβο Βορειας Παράκαμψης","Περιγ":" ","x_egsa87":719061.39448711183,"y_egsa87":4331743.4015445439}},{"type":"Feature","id":1137,"geometry":{"type":"Point","coordinates":[26.535671987910838,39.10984098286719]},"properties":{"FID":1137,"fid_1":1138,"ID":1138,"Latitude":39.109841000000003,"Longitude":26.535672000000002,"Κόμβο":"Τμήμα οδού, από Κόμβο Μόριας (Jumbo) μέχρι κόμβο Βορειας Παράκαμψης","Περιγ":" ","x_egsa87":719094.89810316777,"y_egsa87":4331739.8940433934}},{"type":"Feature","id":1138,"geometry":{"type":"Point","coordinates":[26.535886987910693,39.109819982867052]},"properties":{"FID":1138,"fid_1":1139,"ID":1139,"Latitude":39.109819999999999,"Longitude":26.535886999999999,"Κόμβο":"Τμήμα οδού, από Κόμβο Μόριας (Jumbo) μέχρι κόμβο Βορειας Παράκαμψης","Περιγ":" ","x_egsa87":719113.55549256771,"y_egsa87":4331738.0824970426}},{"type":"Feature","id":1139,"geometry":{"type":"Point","coordinates":[26.536195987910496,39.109785982866875]},"properties":{"FID":1139,"fid_1":1140,"ID":1140,"Latitude":39.109786,"Longitude":26.536196,"Κόμβο":"Τμήμα οδού, από Κόμβο Μόριας (Jumbo) μέχρι κόμβο Βορειας Παράκαμψης","Περιγ":" ","x_egsa87":719140.38192880247,"y_egsa87":4331735.0551519673}},{"type":"Feature","id":1140,"geometry":{"type":"Point","coordinates":[26.536507987910259,39.109779982866662]},"properties":{"FID":1140,"fid_1":1141,"ID":1141,"Latitude":39.109780000000001,"Longitude":26.536508000000001,"Κόμβο":"Τμήμα οδού, από Κόμβο Μόριας (Jumbo) μέχρι κόμβο Βορειας Παράκαμψης","Περιγ":" ","x_egsa87":719167.38097558415,"y_egsa87":4331735.1430420028}},{"type":"Feature","id":1141,"geometry":{"type":"Point","coordinates":[26.536865987910019,39.109748982866464]},"properties":{"FID":1141,"fid_1":1142,"ID":1142,"Latitude":39.109749000000001,"Longitude":26.536866,"Κόμβο":"Τμήμα οδού, από Κόμβο Μόριας (Jumbo) μέχρι κόμβο Βορειας Παράκαμψης","Περιγ":" ","x_egsa87":719198.43546437111,"y_egsa87":4331732.5672869859}},{"type":"Feature","id":1142,"geometry":{"type":"Point","coordinates":[26.537195987909886,39.10966898286636]},"properties":{"FID":1142,"fid_1":1143,"ID":1143,"Latitude":39.109668999999997,"Longitude":26.537196000000002,"Κόμβο":"Τμήμα οδού, από Κόμβο Μόριας (Jumbo) μέχρι κόμβο Βορειας Παράκαμψης","Περιγ":" ","x_egsa87":719227.2206758539,"y_egsa87":4331724.4851591112}},{"type":"Feature","id":1143,"geometry":{"type":"Point","coordinates":[26.537512987909793,39.109554982866349]},"properties":{"FID":1143,"fid_1":1144,"ID":1144,"Latitude":39.109555,"Longitude":26.537513000000001,"Κόμβο":"Τμήμα οδού, από Κόμβο Μόριας (Jumbo) μέχρι κόμβο Βορειας Παράκαμψης","Περιγ":" ","x_egsa87":719254.98725948785,"y_egsa87":4331712.5978355138}},{"type":"Feature","id":1144,"geometry":{"type":"Point","coordinates":[26.53779098790967,39.109494982866259]},"properties":{"FID":1144,"fid_1":1145,"ID":1145,"Latitude":39.109495000000003,"Longitude":26.537790999999999,"Κόμβο":"Τμήμα οδού, από Κόμβο Μόριας (Jumbo) μέχρι κόμβο Βορειας Παράκαμψης","Περιγ":" ","x_egsa87":719279.21379189519,"y_egsa87":4331706.6101180725}},{"type":"Feature","id":1145,"geometry":{"type":"Point","coordinates":[26.466475987805932,39.212209982721006]},"properties":{"FID":1145,"fid_1":1146,"ID":1146,"Latitude":39.212209999999999,"Longitude":26.466476,"Κόμβο":"Κόμβος Μυστεγνά - Σκάλα Μυστεγνών, πλευρά Θερμής, Τρίφωτο","Περιγ":" ","x_egsa87":712802.09389283333,"y_egsa87":4342937.5621657483}},{"type":"Feature","id":1146,"geometry":{"type":"Point","coordinates":[26.466475987805811,39.212289982720883]},"properties":{"FID":1146,"fid_1":1147,"ID":1147,"Latitude":39.212290000000003,"Longitude":26.466476,"Κόμβο":"Κόμβος Μυστεγνά - Σκάλα Μυστεγνών, πλευρά Θερμής, Πίλαρ","Περιγ":" ","x_egsa87":712801.85209553759,"y_egsa87":4342946.4418970821}},{"type":"Feature","id":1147,"geometry":{"type":"Point","coordinates":[26.316937987731993,39.335658982593259]},"properties":{"FID":1147,"fid_1":1148,"ID":1148,"Latitude":39.335659,"Longitude":26.316938,"Κόμβο":"Κόμβος Κάπης- Μανταμάδο- Συκαμινέα","Περιγ":" ","x_egsa87":699538.8149974558,"y_egsa87":4356298.8717936957}},{"type":"Feature","id":1148,"geometry":{"type":"Point","coordinates":[26.317239987731359,39.335907982592545]},"properties":{"FID":1148,"fid_1":1149,"ID":1149,"Latitude":39.335908000000003,"Longitude":26.317240000000002,"Κόμβο":"Κόμβος Κάπης- Μανταμάδο- Συκαμινέα","Περιγ":" ","x_egsa87":699564.13721497101,"y_egsa87":4356327.1774526127}},{"type":"Feature","id":1149,"geometry":{"type":"Point","coordinates":[26.317313987731783,39.335602982593102]},"properties":{"FID":1149,"fid_1":1150,"ID":1150,"Latitude":39.335602999999999,"Longitude":26.317314,"Κόμβο":"Κόμβος Κάπης- Μανταμάδο- Συκαμινέα, Τρίφωτο","Περιγ":" ","x_egsa87":699571.38399265474,"y_egsa87":4356293.4872156074}},{"type":"Feature","id":1150,"geometry":{"type":"Point","coordinates":[26.317328987732296,39.335268982593725]},"properties":{"FID":1150,"fid_1":1151,"ID":1151,"Latitude":39.335268999999997,"Longitude":26.317329000000001,"Κόμβο":"Κόμβος Κάπης- Μανταμάδο- Συκαμινέα","Περιγ":" ","x_egsa87":699573.627811727,"y_egsa87":4356256.4476537118}},{"type":"Feature","id":1151,"geometry":{"type":"Point","coordinates":[26.317063987731665,39.335799982592896]},"properties":{"FID":1151,"fid_1":1152,"ID":1152,"Latitude":39.335799999999999,"Longitude":26.317063999999998,"Κόμβο":"Κόμβος Κάπης- Μανταμάδο- Συκαμινέα, Πίλαρ","Περιγ":" ","x_egsa87":699549.27427241555,"y_egsa87":4356314.8007834945}},{"type":"Feature","id":1152,"geometry":{"type":"Point","coordinates":[26.317071987731662,39.335798982592884]},"properties":{"FID":1152,"fid_1":1153,"ID":1153,"Latitude":39.335799000000002,"Longitude":26.317072,"Κόμβο":"Κόμβος Κάπης- Μανταμάδο- Συκαμινέα","Περιγ":" ","x_egsa87":699549.96668291907,"y_egsa87":4356314.707472166}},{"type":"Feature","id":1153,"geometry":{"type":"Point","coordinates":[26.319103987719657,39.342402982578633]},"properties":{"FID":1153,"fid_1":1154,"ID":1154,"Latitude":39.342402999999997,"Longitude":26.319103999999999,"Κόμβο":"Κόμβος Συκαμινέας - Κάπη- Κλειού , τρίφωτο","Περιγ":" ","x_egsa87":699706.29873068456,"y_egsa87":4357052.2207591757}},{"type":"Feature","id":1154,"geometry":{"type":"Point","coordinates":[26.31916798771913,39.342708982577996]},"properties":{"FID":1154,"fid_1":1155,"ID":1155,"Latitude":39.342708999999999,"Longitude":26.319168000000001,"Κόμβο":"Κόμβος Συκαμινέας - Κάπη- Κλειού , Πίλαρ","Περιγ":" ","x_egsa87":699710.94272918848,"y_egsa87":4357086.3272463381}},{"type":"Feature","id":1155,"geometry":{"type":"Point","coordinates":[26.297086987708312,39.36083598255928]},"properties":{"FID":1155,"fid_1":1156,"ID":1156,"Latitude":39.360835999999999,"Longitude":26.297087000000001,"Κόμβο":"Κόμβος Συκαμινέας προς Σκάλα Σικαμινέας, τρίφωτο","Περιγ":" ","x_egsa87":697756.6771457009,"y_egsa87":4359049.7279729154}},{"type":"Feature","id":1156,"geometry":{"type":"Point","coordinates":[26.2971099877083,39.360827982559272]},"properties":{"FID":1156,"fid_1":1157,"ID":1157,"Latitude":39.360827999999998,"Longitude":26.29711,"Κόμβο":"Κόμβος Συκαμινέας προς Σκάλα Σικαμινέας, Πίλαρ","Περιγ":" ","x_egsa87":697758.68151655933,"y_egsa87":4359048.8904166799}},{"type":"Feature","id":1157,"geometry":{"type":"Point","coordinates":[26.266421987920467,39.241224982813058]},"properties":{"FID":1157,"fid_1":1158,"ID":1158,"Latitude":39.241225,"Longitude":26.266421999999999,"Κόμβο":"Κόμβος περιφερειακού Αγίας Παρασκευής","Περιγ":" ","x_egsa87":695447.24081706349,"y_egsa87":4345706.7586164996}},{"type":"Feature","id":1158,"geometry":{"type":"Point","coordinates":[26.266064987920373,39.241465982812855]},"properties":{"FID":1158,"fid_1":1159,"ID":1159,"Latitude":39.241466000000003,"Longitude":26.266065000000001,"Κόμβο":"Κόμβος περιφερειακού Αγίας Παρασκευής","Περιγ":" ","x_egsa87":695415.75819119136,"y_egsa87":4345732.7368034916}},{"type":"Feature","id":1159,"geometry":{"type":"Point","coordinates":[26.2657659879203,39.241659982812699]},"properties":{"FID":1159,"fid_1":1160,"ID":1160,"Latitude":39.241660000000003,"Longitude":26.265765999999999,"Κόμβο":"Κόμβος περιφερειακού Αγίας Παρασκευής","Περιγ":" ","x_egsa87":695389.41234614421,"y_egsa87":4345753.6236859588}},{"type":"Feature","id":1160,"geometry":{"type":"Point","coordinates":[26.265775987920314,39.241648982812727]},"properties":{"FID":1160,"fid_1":1161,"ID":1161,"Latitude":39.241649000000002,"Longitude":26.265775999999999,"Κόμβο":"Κόμβος περιφερειακού Αγίας Παρασκευής","Περιγ":" ","x_egsa87":695390.30600901006,"y_egsa87":4345752.4243549909}},{"type":"Feature","id":1161,"geometry":{"type":"Point","coordinates":[26.265777987920316,39.241647982812701]},"properties":{"FID":1161,"fid_1":1162,"ID":1162,"Latitude":39.241647999999998,"Longitude":26.265778000000001,"Κόμβο":"Τρίφωτο Σκουτάρος προς Πέτρα","Περιγ":" ","x_egsa87":695390.48140809522,"y_egsa87":4345752.3176814485}},{"type":"Feature","id":1162,"geometry":{"type":"Point","coordinates":[26.136880987945428,39.291006982812398]},"properties":{"FID":1162,"fid_1":1163,"ID":1163,"Latitude":39.291007,"Longitude":26.136880999999999,"Κόμβο":"Τρίφωτο Σκουτάρος προς Σκαλοχώρι","Περιγ":" ","x_egsa87":684136.03023503732,"y_egsa87":4350960.2802190157}}]
}